Timestamp,SimTime_s,Speed_kmh,RPM,Torque_Nm,Current_A,MaxCurrent_A,Power_W,Efficiency_pct,Throttle_pct,Battery_SOC_pct,Battery_Voltage_V,Battery_Current_A,Battery_Temp_C,Battery_Power_W,Battery_CRate,Battery_Energy_Wh,Motor_Temp_C,Lap,LapPosition_m,TotalDistance_m,TimeMultiplier
2026-02-03 22:39:36.712,0.05,0.00,0,0.000,0.00,0.00,0.0,82.5,0.0,100.00,58.80,0.00,25.0,0.0,0.000,1087.8,22.0,0,0.0,0.0,1.0
2026-02-03 22:39:36.763,0.10,0.00,0,0.000,0.00,0.00,0.0,82.5,0.0,100.00,58.80,0.00,25.0,0.0,0.000,1087.8,22.0,0,0.0,0.0,1.0
2026-02-03 22:39:36.811,0.15,0.00,0,0.000,0.00,0.00,0.0,82.5,0.0,100.00,58.80,0.00,25.0,0.0,0.000,1087.8,22.0,0,0.0,0.0,1.0
2026-02-03 22:39:36.861,0.20,0.00,0,0.000,0.00,0.00,0.0,82.5,0.0,100.00,58.80,0.00,25.0,0.0,0.000,1087.8,22.0,0,0.0,0.0,1.0
2026-02-03 22:39:36.912,0.25,0.00,0,0.000,0.00,0.00,0.0,82.5,0.0,100.00,58.80,0.00,25.0,0.0,0.000,1087.8,22.0,0,0.0,0.0,1.0
2026-02-03 22:39:36.962,0.30,0.00,0,0.000,0.00,0.00,0.0,82.5,0.0,100.00,58.80,0.00,25.0,0.0,0.000,1087.8,22.0,0,0.0,0.0,1.0
2026-02-03 22:39:37.012,0.35,0.00,0,0.000,0.00,0.00,0.0,82.5,0.0,100.00,58.80,0.00,25.0,0.0,0.000,1087.8,22.0,0,0.0,0.0,1.0
2026-02-03 22:39:37.062,0.40,0.00,0,0.000,0.00,0.00,0.0,82.5,0.0,100.00,58.80,0.00,25.0,0.0,0.000,1087.8,22.0,0,0.0,0.0,1.0
2026-02-03 22:39:37.111,0.45,0.00,0,0.000,0.00,0.00,0.0,82.5,0.0,100.00,58.80,0.00,25.0,0.0,0.000,1087.8,22.0,0,0.0,0.0,1.0
2026-02-03 22:39:37.161,0.50,0.00,0,0.000,0.00,0.00,0.0,82.5,0.0,100.00,58.80,0.00,25.0,0.0,0.000,1087.8,22.0,0,0.0,0.0,1.0
2026-02-03 22:39:37.211,0.55,0.01,0,2.880,6.00,0.00,0.0,83.1,0.0,100.00,58.50,6.00,25.0,351.0,0.286,1087.8,22.0,0,0.0,0.0,1.0
2026-02-03 22:39:37.262,0.60,0.03,0,5.759,12.00,0.00,0.1,86.0,0.0,100.00,58.20,12.00,25.0,698.3,0.571,1087.8,22.0,0,0.0,0.0,1.0
2026-02-03 22:39:37.312,0.65,0.06,0,8.635,17.99,0.00,0.4,87.8,0.0,100.00,57.90,17.99,25.0,1041.6,0.857,1087.8,22.0,0,0.0,0.0,1.0
2026-02-03 22:39:37.362,0.70,0.12,1,11.503,23.97,0.00,1.2,87.7,0.0,100.00,57.60,23.97,25.0,1380.4,1.141,1087.8,22.0,0,0.0,0.0,1.0
2026-02-03 22:39:37.412,0.75,0.18,2,13.405,27.93,0.00,2.4,87.3,0.0,99.99,57.40,27.93,25.0,1603.1,1.330,1087.7,22.0,0,0.0,0.0,1.0
2026-02-03 22:39:37.462,0.80,0.24,3,13.387,27.89,0.00,3.7,87.4,0.0,99.99,57.40,27.89,25.0,1601.0,1.328,1087.7,22.0,0,0.0,0.0,1.0
2026-02-03 22:39:37.511,0.85,0.30,4,13.368,27.85,0.00,5.0,87.4,0.0,99.99,57.41,27.85,25.0,1598.8,1.326,1087.7,22.0,0,0.0,0.0,1.0
2026-02-03 22:39:37.561,0.90,0.37,4,13.350,27.81,0.00,6.3,87.5,0.0,99.99,57.41,27.81,25.0,1596.6,1.324,1087.7,22.0,0,0.0,0.0,1.0
2026-02-03 22:39:37.612,0.95,0.43,5,13.332,27.77,0.00,7.5,87.5,0.0,99.99,57.41,27.77,25.0,1594.5,1.323,1087.6,22.0,0,0.0,0.0,1.0
2026-02-03 22:39:37.662,1.00,0.49,6,13.313,27.74,0.00,8.8,87.6,0.0,99.98,57.41,27.74,25.0,1592.3,1.321,1087.6,22.0,0,0.0,0.0,1.0
2026-02-03 22:39:37.712,1.05,0.55,7,13.295,27.70,0.00,10.0,87.6,0.0,99.98,57.41,27.70,25.0,1590.2,1.319,1087.6,22.0,0,0.0,0.0,1.0
2026-02-03 22:39:37.762,1.10,0.61,8,13.277,27.66,0.00,11.3,87.6,0.0,99.98,57.41,27.66,25.0,1588.0,1.317,1087.6,22.0,0,0.0,0.0,1.0
2026-02-03 22:39:37.812,1.15,0.67,8,13.258,27.62,0.00,12.5,87.7,0.0,99.98,57.42,27.62,25.0,1585.9,1.315,1087.6,22.0,0,0.1,0.1,1.0
2026-02-03 22:39:37.861,1.20,0.73,9,13.240,27.58,0.00,13.8,87.7,0.0,99.98,57.42,27.58,25.0,1583.8,1.314,1087.5,22.0,0,0.1,0.1,1.0
2026-02-03 22:39:37.911,1.25,0.80,10,13.222,27.55,0.00,15.0,87.8,0.0,99.98,57.42,27.55,25.0,1581.6,1.312,1087.5,22.0,0,0.1,0.1,1.0
2026-02-03 22:39:37.962,1.30,0.86,11,13.204,27.51,0.00,16.2,87.8,0.0,99.97,57.42,27.51,25.0,1579.5,1.310,1087.5,22.0,0,0.1,0.1,1.0
2026-02-03 22:39:38.012,1.35,0.92,12,13.186,27.47,0.00,17.4,87.8,0.0,99.97,57.42,27.47,25.0,1577.4,1.308,1087.5,22.0,0,0.1,0.1,1.0
2026-02-03 22:39:38.062,1.40,0.98,12,13.167,27.43,0.00,18.6,87.9,0.0,99.97,57.42,27.43,25.0,1575.3,1.306,1087.4,22.0,0,0.1,0.1,1.0
2026-02-03 22:39:38.111,1.45,1.04,13,13.149,27.39,0.00,19.8,87.9,0.0,99.97,57.42,27.39,25.0,1573.1,1.305,1087.4,22.0,0,0.1,0.1,1.0
2026-02-03 22:39:38.161,1.50,1.10,14,13.131,27.36,0.00,21.0,88.0,0.0,99.97,57.43,27.36,25.0,1571.0,1.303,1087.4,22.0,0,0.1,0.1,1.0
2026-02-03 22:39:38.212,1.55,1.16,15,13.113,27.32,0.00,22.2,88.0,0.0,99.96,57.43,27.32,25.0,1568.9,1.301,1087.4,22.0,0,0.2,0.2,1.0
2026-02-03 22:39:38.262,1.60,1.22,16,13.095,27.28,0.00,23.4,88.0,0.0,99.96,57.43,27.28,25.0,1566.8,1.299,1087.4,22.0,0,0.2,0.2,1.0
2026-02-03 22:39:38.312,1.65,1.28,16,13.077,27.24,0.00,24.6,88.1,0.0,99.96,57.43,27.24,25.0,1564.7,1.297,1087.3,22.0,0,0.2,0.2,1.0
2026-02-03 22:39:38.362,1.70,1.34,17,13.059,27.21,0.00,25.7,88.1,0.0,99.96,57.43,27.21,25.0,1562.6,1.296,1087.3,22.0,0,0.2,0.2,1.0
2026-02-03 22:39:38.411,1.75,1.40,18,13.041,27.17,0.00,26.9,88.2,0.0,99.96,57.43,27.17,25.0,1560.5,1.294,1087.3,22.0,0,0.2,0.2,1.0
2026-02-03 22:39:38.462,1.80,1.46,19,13.024,27.13,0.00,28.0,88.2,0.0,99.96,57.44,27.13,25.0,1558.4,1.292,1087.3,22.0,0,0.3,0.3,1.0
2026-02-03 22:39:38.512,1.85,1.52,20,13.006,27.10,0.00,29.2,88.2,0.0,99.95,57.44,27.10,25.0,1556.3,1.290,1087.2,22.0,0,0.3,0.3,1.0
2026-02-03 22:39:38.562,1.90,1.58,20,12.988,27.06,0.00,30.3,88.3,0.0,99.95,57.44,27.06,25.0,1554.2,1.288,1087.2,22.0,0,0.3,0.3,1.0
2026-02-03 22:39:38.612,1.95,1.64,21,12.970,27.02,0.00,31.5,88.3,0.0,99.95,57.44,27.02,25.0,1552.1,1.287,1087.2,22.0,0,0.3,0.3,1.0
2026-02-03 22:39:38.661,2.00,1.70,22,12.952,26.98,0.00,32.6,88.4,0.0,99.95,57.44,26.98,25.1,1550.0,1.285,1087.2,22.0,0,0.3,0.3,1.0
2026-02-03 22:39:38.711,2.05,1.76,23,12.935,26.95,0.00,33.7,88.4,0.0,99.95,57.44,26.95,25.1,1547.9,1.283,1087.2,22.0,0,0.4,0.4,1.0
2026-02-03 22:39:38.762,2.10,1.82,24,12.917,26.91,0.00,34.8,88.4,0.0,99.95,57.45,26.91,25.1,1545.9,1.281,1087.1,22.0,0,0.4,0.4,1.0
2026-02-03 22:39:38.812,2.15,1.88,24,12.899,26.87,0.00,36.0,88.5,0.0,99.94,57.45,26.87,25.1,1543.8,1.280,1087.1,22.0,0,0.4,0.4,1.0
2026-02-03 22:39:38.862,2.20,1.94,25,12.882,26.84,0.00,37.1,88.5,0.0,99.94,57.45,26.84,25.1,1541.7,1.278,1087.1,22.0,0,0.4,0.4,1.0
2026-02-03 22:39:38.912,2.25,2.00,26,12.864,26.80,0.00,38.2,88.6,0.0,99.94,57.45,26.80,25.1,1539.6,1.276,1087.1,22.0,0,0.5,0.5,1.0
2026-02-03 22:39:38.961,2.30,2.06,27,12.846,26.76,0.00,39.3,88.6,0.0,99.94,57.45,26.76,25.1,1537.6,1.274,1087.1,22.0,0,0.5,0.5,1.0
2026-02-03 22:39:39.012,2.35,2.12,28,12.829,26.73,0.00,40.4,88.6,0.0,99.94,57.45,26.73,25.1,1535.5,1.273,1087.0,22.0,0,0.5,0.5,1.0
2026-02-03 22:39:39.062,2.40,2.18,28,12.811,26.69,0.00,41.4,88.7,0.0,99.93,57.45,26.69,25.1,1533.5,1.271,1087.0,22.0,0,0.6,0.6,1.0
2026-02-03 22:39:39.112,2.45,2.23,29,12.794,26.65,0.00,42.5,88.7,0.0,99.93,57.46,26.65,25.1,1531.4,1.269,1087.0,22.0,0,0.6,0.6,1.0
2026-02-03 22:39:39.162,2.50,2.29,30,12.776,26.62,0.00,43.6,88.8,0.0,99.93,57.46,26.62,25.1,1529.3,1.267,1087.0,22.0,0,0.6,0.6,1.0
2026-02-03 22:39:39.211,2.55,2.35,31,12.759,26.58,0.00,44.7,88.8,0.0,99.93,57.46,26.58,25.1,1527.3,1.266,1086.9,22.0,0,0.7,0.7,1.0
2026-02-03 22:39:39.262,2.60,2.41,31,12.741,26.54,0.00,45.7,88.8,0.0,99.93,57.46,26.54,25.1,1525.2,1.264,1086.9,22.0,0,0.7,0.7,1.0
2026-02-03 22:39:39.312,2.65,2.47,32,12.724,26.51,0.00,46.8,88.9,0.0,99.93,57.46,26.51,25.1,1523.2,1.262,1086.9,22.0,0,0.7,0.7,1.0
2026-02-03 22:39:39.362,2.70,2.53,33,12.706,26.47,0.00,47.8,88.9,0.0,99.92,57.46,26.47,25.1,1521.2,1.261,1086.9,22.0,0,0.8,0.8,1.0
2026-02-03 22:39:39.412,2.75,2.59,34,12.689,26.44,0.00,48.9,89.0,0.0,99.92,57.47,26.44,25.1,1519.1,1.259,1086.9,22.0,0,0.8,0.8,1.0
2026-02-03 22:39:39.461,2.80,2.64,35,12.672,26.40,0.00,49.9,89.0,0.0,99.92,57.47,26.40,25.1,1517.1,1.257,1086.8,22.0,0,0.8,0.8,1.0
2026-02-03 22:39:39.512,2.85,2.70,35,12.654,26.36,0.00,50.9,89.0,0.0,99.92,57.47,26.36,25.1,1515.1,1.255,1086.8,22.0,0,0.9,0.9,1.0
2026-02-03 22:39:39.562,2.90,2.76,36,12.637,26.33,0.00,52.0,89.1,0.0,99.92,57.47,26.33,25.1,1513.0,1.254,1086.8,22.0,0,0.9,0.9,1.0
2026-02-03 22:39:39.612,2.95,2.82,37,12.620,26.29,0.00,53.0,89.1,0.0,99.92,57.47,26.29,25.1,1511.0,1.252,1086.8,22.0,0,0.9,0.9,1.0
2026-02-03 22:39:39.662,3.00,2.88,38,12.603,26.26,0.00,54.0,89.1,0.0,99.91,57.47,26.26,25.1,1509.0,1.250,1086.8,22.0,0,1.0,1.0,1.0
2026-02-03 22:39:39.711,3.05,2.93,38,12.585,26.22,0.00,55.0,89.2,0.0,99.91,57.47,26.22,25.1,1507.0,1.249,1086.7,22.0,0,1.0,1.0,1.0
2026-02-03 22:39:39.762,3.10,2.99,39,12.568,26.18,0.00,56.0,89.2,0.0,99.91,57.48,26.18,25.1,1504.9,1.247,1086.7,22.0,0,1.1,1.1,1.0
2026-02-03 22:39:39.812,3.15,3.05,40,12.551,26.15,0.00,57.0,89.3,0.0,99.91,57.48,26.15,25.1,1502.9,1.245,1086.7,22.0,0,1.1,1.1,1.0
2026-02-03 22:39:39.862,3.20,3.11,41,12.534,26.11,0.00,58.0,89.3,0.0,99.91,57.48,26.11,25.1,1500.9,1.243,1086.7,22.0,0,1.2,1.2,1.0
2026-02-03 22:39:39.912,3.25,3.16,41,12.517,26.08,0.00,59.0,89.3,0.0,99.90,57.48,26.08,25.1,1498.9,1.242,1086.7,22.0,0,1.2,1.2,1.0
2026-02-03 22:39:39.961,3.30,3.22,42,12.500,26.04,0.00,60.0,89.4,0.0,99.90,57.48,26.04,25.1,1496.9,1.240,1086.6,22.0,0,1.2,1.2,1.0
2026-02-03 22:39:40.011,3.35,3.28,43,12.483,26.01,0.00,61.0,89.4,0.0,99.90,57.48,26.01,25.1,1494.9,1.238,1086.6,22.0,0,1.3,1.3,1.0
2026-02-03 22:39:40.062,3.40,3.34,44,12.466,25.97,0.00,61.9,89.5,0.0,99.90,57.48,25.97,25.1,1492.9,1.237,1086.6,22.0,0,1.3,1.3,1.0
2026-02-03 22:39:40.112,3.45,3.39,45,12.449,25.94,0.00,62.9,89.5,0.0,99.90,57.49,25.94,25.1,1490.9,1.235,1086.6,22.0,0,1.4,1.4,1.0
2026-02-03 22:39:40.162,3.50,3.45,45,12.432,25.90,0.00,63.9,89.5,0.0,99.90,57.49,25.90,25.1,1488.9,1.233,1086.5,22.0,0,1.4,1.4,1.0
2026-02-03 22:39:40.212,3.55,3.51,46,12.415,25.86,0.00,64.8,89.6,0.0,99.89,57.49,25.86,25.1,1486.9,1.232,1086.5,22.0,0,1.5,1.5,1.0
2026-02-03 22:39:40.261,3.60,3.56,47,12.398,25.83,0.00,65.8,89.6,0.0,99.89,57.49,25.83,25.1,1485.0,1.230,1086.5,22.0,0,1.5,1.5,1.0
2026-02-03 22:39:40.312,3.65,3.62,48,12.381,25.79,0.00,66.7,89.6,0.0,99.89,57.49,25.79,25.1,1483.0,1.228,1086.5,22.0,0,1.6,1.6,1.0
2026-02-03 22:39:40.362,3.70,3.68,48,12.364,25.76,0.00,67.7,89.7,0.0,99.89,57.49,25.76,25.1,1481.0,1.227,1086.5,22.0,0,1.6,1.6,1.0
2026-02-03 22:39:40.412,3.75,3.73,49,12.348,25.72,0.00,68.6,89.7,0.0,99.89,57.49,25.72,25.1,1479.0,1.225,1086.4,22.0,0,1.7,1.7,1.0
2026-02-03 22:39:40.462,3.80,3.79,50,12.331,25.69,0.00,69.5,89.8,0.0,99.89,57.50,25.69,25.1,1477.0,1.223,1086.4,22.0,0,1.7,1.7,1.0
2026-02-03 22:39:40.511,3.85,3.85,51,12.314,25.65,0.00,70.5,89.8,0.0,99.88,57.50,25.65,25.1,1475.1,1.222,1086.4,22.0,0,1.8,1.8,1.0
2026-02-03 22:39:40.561,3.90,3.90,51,12.297,25.62,0.00,71.4,89.8,0.0,99.88,57.50,25.62,25.1,1473.1,1.220,1086.4,22.0,0,1.8,1.8,1.0
2026-02-03 22:39:40.612,3.95,3.96,52,12.281,25.58,0.00,72.3,89.9,0.0,99.88,57.50,25.58,25.1,1471.1,1.218,1086.4,22.0,0,1.9,1.9,1.0
2026-02-03 22:39:40.662,4.00,4.01,53,12.264,25.55,0.00,73.2,89.9,0.0,99.88,57.50,25.55,25.1,1469.2,1.217,1086.3,22.0,0,2.0,2.0,1.0
2026-02-03 22:39:40.712,4.05,4.07,53,12.247,25.52,0.00,74.1,89.9,0.0,99.88,57.50,25.52,25.1,1467.2,1.215,1086.3,22.0,0,2.0,2.0,1.0
2026-02-03 22:39:40.762,4.10,4.13,54,12.231,25.48,0.00,75.0,90.0,0.0,99.88,57.51,25.48,25.1,1465.3,1.213,1086.3,22.0,0,2.1,2.1,1.0
2026-02-03 22:39:40.812,4.15,4.18,55,12.214,25.45,0.00,75.9,90.0,0.0,99.87,57.51,25.45,25.1,1463.3,1.212,1086.3,22.0,0,2.1,2.1,1.0
2026-02-03 22:39:40.861,4.20,4.24,56,12.198,25.41,0.00,76.8,90.1,0.0,99.87,57.51,25.41,25.1,1461.4,1.210,1086.3,22.0,0,2.2,2.2,1.0
2026-02-03 22:39:40.912,4.25,4.29,56,12.181,25.38,0.00,77.7,90.1,0.0,99.87,57.51,25.38,25.1,1459.4,1.208,1086.2,22.0,0,2.2,2.2,1.0
2026-02-03 22:39:40.962,4.30,4.35,57,12.164,25.34,0.00,78.6,90.1,0.0,99.87,57.51,25.34,25.1,1457.5,1.207,1086.2,22.0,0,2.3,2.3,1.0
2026-02-03 22:39:41.012,4.35,4.40,58,12.148,25.31,0.00,79.4,90.2,0.0,99.87,57.51,25.31,25.1,1455.5,1.205,1086.2,22.0,0,2.4,2.4,1.0
2026-02-03 22:39:41.062,4.40,4.46,59,12.131,25.27,0.00,80.3,90.2,0.0,99.87,57.51,25.27,25.1,1453.6,1.204,1086.2,22.0,0,2.4,2.4,1.0
2026-02-03 22:39:41.112,4.45,4.52,59,12.115,25.24,0.00,81.2,90.2,0.0,99.86,57.52,25.24,25.1,1451.7,1.202,1086.2,22.0,0,2.5,2.5,1.0
2026-02-03 22:39:41.161,4.50,4.57,60,12.099,25.21,0.00,82.0,90.3,0.0,99.86,57.52,25.21,25.1,1449.7,1.200,1086.1,22.0,0,2.6,2.6,1.0
2026-02-03 22:39:41.212,4.55,4.63,61,12.082,25.17,0.00,82.9,90.3,0.0,99.86,57.52,25.17,25.1,1447.8,1.199,1086.1,22.0,0,2.6,2.6,1.0
2026-02-03 22:39:41.262,4.60,4.68,62,12.066,25.14,0.00,83.7,90.4,0.0,99.86,57.52,25.14,25.1,1445.9,1.197,1086.1,22.0,0,2.7,2.7,1.0
2026-02-03 22:39:41.312,4.65,4.74,62,12.050,25.10,0.00,84.6,90.4,0.0,99.86,57.52,25.10,25.1,1444.0,1.195,1086.1,22.0,0,2.8,2.8,1.0
2026-02-03 22:39:41.361,4.70,4.79,63,12.033,25.07,0.00,85.4,90.4,0.0,99.86,57.52,25.07,25.1,1442.0,1.194,1086.1,22.0,0,2.8,2.8,1.0
2026-02-03 22:39:41.411,4.75,4.84,64,12.017,25.04,0.00,86.3,90.5,0.0,99.85,57.52,25.04,25.1,1440.1,1.192,1086.0,22.0,0,2.9,2.9,1.0
2026-02-03 22:39:41.462,4.80,4.90,64,12.001,25.00,0.00,87.1,90.5,0.0,99.85,57.53,25.00,25.1,1438.2,1.191,1086.0,22.0,0,3.0,3.0,1.0
2026-02-03 22:39:41.512,4.85,4.95,65,11.984,24.97,0.00,87.9,90.5,0.0,99.85,57.53,24.97,25.1,1436.3,1.189,1086.0,22.0,0,3.0,3.0,1.0
2026-02-03 22:39:41.562,4.90,5.01,66,11.968,24.93,0.00,88.8,90.6,0.0,99.85,57.53,24.93,25.1,1434.4,1.187,1086.0,22.0,0,3.1,3.1,1.0
2026-02-03 22:39:41.612,4.95,5.06,67,11.952,24.90,0.00,89.6,90.6,0.0,99.85,57.53,24.90,25.2,1432.5,1.186,1086.0,22.0,0,3.2,3.2,1.0
2026-02-03 22:39:41.661,5.00,5.12,67,11.936,24.87,0.00,90.4,90.6,0.0,99.85,57.53,24.87,25.2,1430.6,1.184,1085.9,22.0,0,3.2,3.2,1.0
2026-02-03 22:39:41.712,5.05,5.17,68,11.920,24.83,0.00,91.2,90.7,0.0,99.84,57.53,24.83,25.2,1428.7,1.183,1085.9,22.0,0,3.3,3.3,1.0
2026-02-03 22:39:41.762,5.10,5.23,69,11.904,24.80,0.00,92.0,90.7,0.0,99.84,57.53,24.80,25.2,1426.8,1.181,1085.9,22.0,0,3.4,3.4,1.0
2026-02-03 22:39:41.812,5.15,5.28,70,11.888,24.77,0.00,92.8,90.8,0.0,99.84,57.54,24.77,25.2,1424.9,1.179,1085.9,22.0,0,3.4,3.4,1.0
2026-02-03 22:39:41.862,5.20,5.33,70,11.872,24.73,0.00,93.6,90.8,0.0,99.84,57.54,24.73,25.2,1423.0,1.178,1085.9,22.0,0,3.5,3.5,1.0
2026-02-03 22:39:41.911,5.25,5.39,71,11.855,24.70,0.00,94.4,90.8,0.0,99.84,57.54,24.70,25.2,1421.1,1.176,1085.8,22.0,0,3.6,3.6,1.0
2026-02-03 22:39:41.962,5.30,5.44,72,11.839,24.67,0.00,95.2,90.9,0.0,99.84,57.54,24.67,25.2,1419.2,1.175,1085.8,22.0,0,3.7,3.7,1.0
2026-02-03 22:39:42.012,5.35,5.49,72,11.823,24.63,0.00,96.0,90.9,0.0,99.83,57.54,24.63,25.2,1417.4,1.173,1085.8,22.0,0,3.8,3.8,1.0
2026-02-03 22:39:42.062,5.40,5.55,73,11.808,24.60,0.00,96.8,90.9,0.0,99.83,57.54,24.60,25.2,1415.5,1.171,1085.8,22.0,0,3.8,3.8,1.0
2026-02-03 22:39:42.112,5.45,5.60,74,11.792,24.57,0.00,97.5,91.0,0.0,99.83,57.54,24.57,25.2,1413.6,1.170,1085.8,22.0,0,3.9,3.9,1.0
2026-02-03 22:39:42.162,5.50,5.66,75,11.776,24.53,0.00,98.3,91.0,0.0,99.83,57.54,24.53,25.2,1411.7,1.168,1085.7,22.0,0,4.0,4.0,1.0
2026-02-03 22:39:42.212,5.55,5.71,75,11.760,24.50,0.00,99.1,91.0,0.0,99.83,57.55,24.50,25.2,1409.9,1.167,1085.7,22.0,0,4.1,4.1,1.0
2026-02-03 22:39:42.262,5.60,5.76,76,11.744,24.47,0.00,99.8,91.1,0.0,99.83,57.55,24.47,25.2,1408.0,1.165,1085.7,22.0,0,4.1,4.1,1.0
2026-02-03 22:39:42.312,5.65,5.82,77,11.728,24.43,0.00,100.6,91.1,0.0,99.82,57.55,24.43,25.2,1406.1,1.164,1085.7,22.0,0,4.2,4.2,1.0
2026-02-03 22:39:42.362,5.70,5.87,77,11.712,24.40,0.00,101.3,91.2,0.0,99.82,57.55,24.40,25.2,1404.3,1.162,1085.7,22.0,0,4.3,4.3,1.0
2026-02-03 22:39:42.411,5.75,5.92,78,11.697,24.37,0.00,102.1,91.2,0.0,99.82,57.55,24.37,25.2,1402.4,1.160,1085.6,22.0,0,4.4,4.4,1.0
2026-02-03 22:39:42.462,5.80,5.97,79,11.681,24.34,0.00,102.8,91.2,0.0,99.82,57.55,24.34,25.2,1400.6,1.159,1085.6,22.0,0,4.5,4.5,1.0
2026-02-03 22:39:42.512,5.85,6.03,79,11.665,24.30,0.00,103.6,91.3,0.0,99.82,57.55,24.30,25.2,1398.7,1.157,1085.6,22.0,0,4.6,4.6,1.0
2026-02-03 22:39:42.562,5.90,6.08,80,11.649,24.27,0.00,104.3,91.3,0.0,99.82,57.56,24.27,25.2,1396.9,1.156,1085.6,22.0,0,4.6,4.6,1.0
2026-02-03 22:39:42.611,5.95,6.13,81,11.634,24.24,0.00,105.0,91.3,0.0,99.82,57.56,24.24,25.2,1395.0,1.154,1085.6,22.0,0,4.7,4.7,1.0
2026-02-03 22:39:42.661,6.00,6.19,82,11.618,24.20,0.00,105.8,91.4,0.0,99.81,57.56,24.20,25.2,1393.2,1.153,1085.6,22.0,0,4.8,4.8,1.0
2026-02-03 22:39:42.712,6.05,6.24,82,11.602,24.17,0.00,106.5,91.4,0.0,99.81,57.56,24.17,25.2,1391.3,1.151,1085.5,22.0,0,4.9,4.9,1.0
2026-02-03 22:39:42.762,6.10,6.29,83,11.587,24.14,0.00,107.2,91.4,0.0,99.81,57.56,24.14,25.2,1389.5,1.149,1085.5,22.0,0,5.0,5.0,1.0
2026-02-03 22:39:42.812,6.15,6.34,84,11.571,24.11,0.00,107.9,91.5,0.0,99.81,57.56,24.11,25.2,1387.7,1.148,1085.5,22.0,0,5.1,5.1,1.0
2026-02-03 22:39:42.861,6.20,6.39,84,11.556,24.07,0.00,108.6,91.5,0.0,99.81,57.56,24.07,25.2,1385.8,1.146,1085.5,22.0,0,5.2,5.2,1.0
2026-02-03 22:39:42.912,6.25,6.45,85,11.540,24.04,0.00,109.3,91.5,0.0,99.81,57.57,24.04,25.2,1384.0,1.145,1085.5,22.0,0,5.3,5.3,1.0
2026-02-03 22:39:42.962,6.30,6.50,86,11.525,24.01,0.00,110.0,91.6,0.0,99.80,57.57,24.01,25.2,1382.2,1.143,1085.4,22.0,0,5.3,5.3,1.0
2026-02-03 22:39:43.012,6.35,6.55,86,11.509,23.98,0.00,110.7,91.6,0.0,99.80,57.57,23.98,25.2,1380.3,1.142,1085.4,22.0,0,5.4,5.4,1.0
2026-02-03 22:39:43.061,6.40,6.60,87,11.494,23.95,0.00,111.4,91.6,0.0,99.80,57.57,23.95,25.2,1378.5,1.140,1085.4,22.0,0,5.5,5.5,1.0
2026-02-03 22:39:43.111,6.45,6.65,88,11.478,23.91,0.00,112.1,91.7,0.0,99.80,57.57,23.91,25.2,1376.7,1.139,1085.4,22.0,0,5.6,5.6,1.0
2026-02-03 22:39:43.162,6.50,6.71,88,11.463,23.88,0.00,112.8,91.7,0.0,99.80,57.57,23.88,25.2,1374.9,1.137,1085.4,22.0,0,5.7,5.7,1.0
2026-02-03 22:39:43.212,6.55,6.76,89,11.448,23.85,0.00,113.5,91.8,0.0,99.80,57.57,23.85,25.2,1373.1,1.136,1085.3,22.0,0,5.8,5.8,1.0
2026-02-03 22:39:43.262,6.60,6.81,90,11.432,23.82,0.00,114.2,91.8,0.0,99.79,57.57,23.82,25.2,1371.3,1.134,1085.3,22.0,0,5.9,5.9,1.0
2026-02-03 22:39:43.311,6.65,6.86,90,11.417,23.79,0.00,114.9,91.8,0.0,99.79,57.58,23.79,25.2,1369.5,1.133,1085.3,22.0,0,6.0,6.0,1.0
2026-02-03 22:39:43.361,6.70,6.91,91,11.402,23.75,0.00,115.5,91.9,0.0,99.79,57.58,23.75,25.2,1367.7,1.131,1085.3,22.0,0,6.1,6.1,1.0
2026-02-03 22:39:43.412,6.75,6.96,92,11.386,23.72,0.00,116.2,91.9,0.0,99.79,57.58,23.72,25.2,1365.9,1.130,1085.3,22.0,0,6.2,6.2,1.0
2026-02-03 22:39:43.462,6.80,7.02,93,11.371,23.69,0.00,116.9,91.9,0.0,99.79,57.58,23.69,25.2,1364.1,1.128,1085.2,22.0,0,6.3,6.3,1.0
2026-02-03 22:39:43.512,6.85,7.07,93,11.356,23.66,0.00,117.5,92.0,0.0,99.79,57.58,23.66,25.2,1362.3,1.127,1085.2,22.0,0,6.4,6.4,1.0
2026-02-03 22:39:43.562,6.90,7.12,94,11.341,23.63,0.00,118.2,92.0,0.0,99.79,57.58,23.63,25.2,1360.5,1.125,1085.2,22.0,0,6.5,6.5,1.0
2026-02-03 22:39:43.611,6.95,7.17,95,11.326,23.59,0.00,118.8,92.0,0.0,99.78,57.58,23.59,25.2,1358.7,1.124,1085.2,22.0,0,6.6,6.6,1.0
2026-02-03 22:39:43.662,7.00,7.22,95,11.310,23.56,0.00,119.5,92.1,0.0,99.78,57.59,23.56,25.2,1356.9,1.122,1085.2,22.0,0,6.7,6.7,1.0
2026-02-03 22:39:43.712,7.05,7.27,96,11.295,23.53,0.00,120.1,92.1,0.0,99.78,57.59,23.53,25.2,1355.1,1.121,1085.1,22.0,0,6.8,6.8,1.0
2026-02-03 22:39:43.762,7.10,7.32,97,11.280,23.50,0.00,120.8,92.1,0.0,99.78,57.59,23.50,25.2,1353.3,1.119,1085.1,22.0,0,6.9,6.9,1.0
2026-02-03 22:39:43.812,7.15,7.37,97,11.265,23.47,0.00,121.4,92.2,0.0,99.78,57.59,23.47,25.2,1351.6,1.118,1085.1,22.0,0,7.0,7.0,1.0
2026-02-03 22:39:43.861,7.20,7.42,98,11.250,23.44,0.00,122.0,92.2,0.0,99.78,57.59,23.44,25.2,1349.8,1.116,1085.1,22.0,0,7.1,7.1,1.0
2026-02-03 22:39:43.912,7.25,7.47,99,11.235,23.41,0.00,122.7,92.2,0.0,99.77,57.59,23.41,25.2,1348.0,1.115,1085.1,22.0,0,7.2,7.2,1.0
2026-02-03 22:39:43.962,7.30,7.52,99,11.220,23.37,0.00,123.3,92.3,0.0,99.77,57.59,23.37,25.2,1346.2,1.113,1085.1,22.0,0,7.3,7.3,1.0
2026-02-03 22:39:44.012,7.35,7.57,100,11.205,23.34,0.00,123.9,92.3,0.0,99.77,57.59,23.34,25.2,1344.5,1.112,1085.0,22.0,0,7.4,7.4,1.0
2026-02-03 22:39:44.062,7.40,7.62,101,11.190,23.31,0.00,124.5,92.3,0.0,99.77,57.60,23.31,25.2,1342.7,1.110,1085.0,22.0,0,7.5,7.5,1.0
2026-02-03 22:39:44.111,7.45,7.67,101,11.175,23.28,0.00,125.1,92.4,0.0,99.77,57.60,23.28,25.2,1340.9,1.109,1085.0,22.0,0,7.6,7.6,1.0
2026-02-03 22:39:44.162,7.50,7.72,102,11.160,23.25,0.00,125.7,92.4,0.0,99.77,57.60,23.25,25.2,1339.2,1.107,1085.0,22.0,0,7.7,7.7,1.0
2026-02-03 22:39:44.212,7.55,7.77,103,11.145,23.22,0.00,126.4,92.4,0.0,99.77,57.60,23.22,25.2,1337.4,1.106,1085.0,22.0,0,7.8,7.8,1.0
2026-02-03 22:39:44.262,7.60,7.82,103,11.130,23.19,0.00,127.0,92.5,0.0,99.76,57.60,23.19,25.2,1335.7,1.104,1084.9,22.0,0,7.9,7.9,1.0
2026-02-03 22:39:44.312,7.65,7.87,104,11.116,23.16,0.00,127.6,92.5,0.0,99.76,57.60,23.16,25.2,1333.9,1.103,1084.9,22.0,0,8.0,8.0,1.0
2026-02-03 22:39:44.362,7.70,7.92,105,11.101,23.13,0.00,128.2,92.5,0.0,99.76,57.60,23.13,25.2,1332.2,1.101,1084.9,22.0,0,8.2,8.2,1.0
2026-02-03 22:39:44.411,7.75,7.97,105,11.086,23.10,0.00,128.8,92.5,0.0,99.76,57.60,23.10,25.2,1330.4,1.100,1084.9,22.0,0,8.3,8.3,1.0
2026-02-03 22:39:44.461,7.80,8.02,106,11.071,23.07,0.00,129.5,92.5,0.0,99.76,57.61,23.07,25.2,1328.7,1.098,1084.9,22.0,0,8.4,8.4,1.0
2026-02-03 22:39:44.511,7.85,8.07,107,11.056,23.03,0.00,130.1,92.5,0.0,99.76,57.61,23.03,25.2,1326.9,1.097,1084.9,22.0,0,8.5,8.5,1.0
2026-02-03 22:39:44.562,7.90,8.12,107,11.042,23.00,0.00,130.7,92.5,0.0,99.75,57.61,23.00,25.2,1325.2,1.095,1084.8,22.0,0,8.6,8.6,1.0
2026-02-03 22:39:44.612,7.95,8.17,108,11.027,22.97,0.00,131.3,92.5,0.0,99.75,57.61,22.97,25.2,1323.5,1.094,1084.8,22.0,0,8.7,8.7,1.0
2026-02-03 22:39:44.661,8.00,8.22,109,11.012,22.94,0.00,132.0,94.1,0.0,99.75,57.61,22.94,25.2,1321.7,1.093,1084.8,22.0,0,8.8,8.8,1.0
2026-02-03 22:39:44.712,8.05,8.27,109,10.998,22.91,0.00,132.6,94.1,0.0,99.75,57.61,22.91,25.2,1320.0,1.091,1084.8,22.0,0,8.9,8.9,1.0
2026-02-03 22:39:44.762,8.10,8.32,110,10.983,22.88,0.00,133.2,94.1,0.0,99.75,57.61,22.88,25.2,1318.3,1.090,1084.8,22.0,0,9.1,9.1,1.0
2026-02-03 22:39:44.812,8.15,8.37,110,10.969,22.85,0.00,133.8,94.1,0.0,99.75,57.61,22.85,25.2,1316.6,1.088,1084.7,22.0,0,9.2,9.2,1.0
2026-02-03 22:39:44.861,8.20,8.42,111,10.954,22.82,0.00,134.4,94.1,0.0,99.75,57.62,22.82,25.2,1314.8,1.087,1084.7,22.0,0,9.3,9.3,1.0
2026-02-03 22:39:44.911,8.25,8.47,112,10.939,22.79,0.00,135.0,94.1,0.0,99.74,57.62,22.79,25.2,1313.1,1.085,1084.7,22.0,0,9.4,9.4,1.0
2026-02-03 22:39:44.962,8.30,8.51,112,10.925,22.76,0.00,135.6,94.1,0.0,99.74,57.62,22.76,25.2,1311.4,1.084,1084.7,22.0,0,9.5,9.5,1.0
2026-02-03 22:39:45.012,8.35,8.56,113,10.910,22.73,0.00,136.2,94.1,0.0,99.74,57.62,22.73,25.2,1309.7,1.082,1084.7,22.0,0,9.6,9.6,1.0
2026-02-03 22:39:45.062,8.40,8.61,114,10.896,22.70,0.00,136.8,94.1,0.0,99.74,57.62,22.70,25.2,1308.0,1.081,1084.7,22.0,0,9.8,9.8,1.0
2026-02-03 22:39:45.112,8.45,8.66,114,10.881,22.67,0.00,137.4,94.1,0.0,99.74,57.62,22.67,25.2,1306.3,1.080,1084.6,22.0,0,9.9,9.9,1.0
2026-02-03 22:39:45.162,8.50,8.71,115,10.867,22.64,0.00,138.0,94.1,0.0,99.74,57.62,22.64,25.2,1304.6,1.078,1084.6,22.0,0,10.0,10.0,1.0
2026-02-03 22:39:45.211,8.55,8.76,116,10.853,22.61,0.00,138.6,94.1,0.0,99.73,57.62,22.61,25.3,1302.9,1.077,1084.6,22.0,0,10.1,10.1,1.0
2026-02-03 22:39:45.262,8.60,8.81,116,10.838,22.58,0.00,139.1,94.1,0.0,99.73,57.63,22.58,25.3,1301.2,1.075,1084.6,22.0,0,10.3,10.3,1.0
2026-02-03 22:39:45.312,8.65,8.85,117,10.824,22.55,0.00,139.7,94.1,0.0,99.73,57.63,22.55,25.3,1299.5,1.074,1084.6,22.0,0,10.4,10.4,1.0
2026-02-03 22:39:45.362,8.70,8.90,118,10.809,22.52,0.00,140.3,94.1,0.0,99.73,57.63,22.52,25.3,1297.8,1.072,1084.5,22.0,0,10.5,10.5,1.0
2026-02-03 22:39:45.412,8.75,8.95,118,10.795,22.49,0.00,140.9,94.1,0.0,99.73,57.63,22.49,25.3,1296.1,1.071,1084.5,22.0,0,10.6,10.6,1.0
2026-02-03 22:39:45.462,8.80,9.00,119,10.781,22.46,0.00,141.4,94.1,0.0,99.73,57.63,22.46,25.3,1294.4,1.070,1084.5,22.0,0,10.8,10.8,1.0
2026-02-03 22:39:45.512,8.85,9.05,119,10.767,22.43,0.00,142.0,94.1,0.0,99.73,57.63,22.43,25.3,1292.7,1.068,1084.5,22.0,0,10.9,10.9,1.0
2026-02-03 22:39:45.562,8.90,9.09,120,10.752,22.40,0.00,142.6,94.1,0.0,99.72,57.63,22.40,25.3,1291.0,1.067,1084.5,22.0,0,11.0,11.0,1.0
2026-02-03 22:39:45.612,8.95,9.14,121,10.738,22.37,0.00,143.1,94.1,0.0,99.72,57.63,22.37,25.3,1289.4,1.065,1084.5,22.0,0,11.1,11.1,1.0
2026-02-03 22:39:45.661,9.00,9.19,121,10.724,22.34,0.00,143.7,94.1,0.0,99.72,57.64,22.34,25.3,1287.7,1.064,1084.4,22.0,0,11.3,11.3,1.0
2026-02-03 22:39:45.712,9.05,9.24,122,10.710,22.31,0.00,144.2,94.2,0.0,99.72,57.64,22.31,25.3,1286.0,1.062,1084.4,22.0,0,11.4,11.4,1.0
2026-02-03 22:39:45.762,9.10,9.29,123,10.696,22.28,0.00,144.8,94.2,0.0,99.72,57.64,22.28,25.3,1284.3,1.061,1084.4,22.0,0,11.5,11.5,1.0
2026-02-03 22:39:45.812,9.15,9.33,123,10.681,22.25,0.00,145.3,94.2,0.0,99.72,57.64,22.25,25.3,1282.7,1.060,1084.4,22.0,0,11.6,11.6,1.0
2026-02-03 22:39:45.862,9.20,9.38,124,10.667,22.22,0.00,145.9,94.2,0.0,99.72,57.64,22.22,25.3,1281.0,1.058,1084.4,22.0,0,11.8,11.8,1.0
2026-02-03 22:39:45.911,9.25,9.43,125,10.653,22.19,0.00,146.4,94.2,0.0,99.71,57.64,22.19,25.3,1279.3,1.057,1084.3,22.0,0,11.9,11.9,1.0
2026-02-03 22:39:45.961,9.30,9.47,125,10.639,22.16,0.00,147.0,94.2,0.0,99.71,57.64,22.16,25.3,1277.7,1.055,1084.3,22.0,0,12.0,12.0,1.0
2026-02-03 22:39:46.012,9.35,9.52,126,10.625,22.14,0.00,147.5,94.2,0.0,99.71,57.64,22.14,25.3,1276.0,1.054,1084.3,22.0,0,12.2,12.2,1.0
2026-02-03 22:39:46.062,9.40,9.57,126,10.611,22.11,0.00,148.0,94.2,0.0,99.71,57.65,22.11,25.3,1274.3,1.053,1084.3,22.0,0,12.3,12.3,1.0
2026-02-03 22:39:46.112,9.45,9.62,127,10.597,22.08,0.00,148.6,94.2,0.0,99.71,57.65,22.08,25.3,1272.7,1.051,1084.3,22.0,0,12.4,12.4,1.0
2026-02-03 22:39:46.162,9.50,9.66,128,10.583,22.05,0.00,149.1,94.2,0.0,99.71,57.65,22.05,25.3,1271.0,1.050,1084.3,22.0,0,12.6,12.6,1.0
2026-02-03 22:39:46.211,9.55,9.71,128,10.569,22.02,0.00,149.6,94.2,0.0,99.71,57.65,22.02,25.3,1269.4,1.049,1084.2,22.0,0,12.7,12.7,1.0
2026-02-03 22:39:46.262,9.60,9.76,129,10.555,21.99,0.00,150.2,94.2,0.0,99.70,57.65,21.99,25.3,1267.7,1.047,1084.2,22.0,0,12.8,12.8,1.0
2026-02-03 22:39:46.312,9.65,9.80,130,10.541,21.96,0.00,150.7,94.2,0.0,99.70,57.65,21.96,25.3,1266.1,1.046,1084.2,22.0,0,13.0,13.0,1.0
2026-02-03 22:39:46.362,9.70,9.85,130,10.527,21.93,0.00,151.2,94.2,0.0,99.70,57.65,21.93,25.3,1264.5,1.044,1084.2,22.0,0,13.1,13.1,1.0
2026-02-03 22:39:46.412,9.75,9.90,131,10.514,21.90,0.00,151.7,94.2,0.0,99.70,57.65,21.90,25.3,1262.8,1.043,1084.2,22.0,0,13.3,13.3,1.0
2026-02-03 22:39:46.462,9.80,9.94,131,10.500,21.87,0.00,152.2,94.2,0.0,99.70,57.66,21.87,25.3,1261.2,1.042,1084.2,22.0,0,13.4,13.4,1.0
2026-02-03 22:39:46.511,9.85,9.99,132,10.486,21.85,0.00,152.7,94.2,0.0,99.70,57.66,21.85,25.3,1259.5,1.040,1084.1,22.0,0,13.5,13.5,1.0
2026-02-03 22:39:46.561,9.90,10.04,133,10.472,21.82,0.00,153.2,94.2,0.0,99.70,57.66,21.82,25.3,1257.9,1.039,1084.1,22.0,0,13.7,13.7,1.0
2026-02-03 22:39:46.612,9.95,10.08,133,10.458,21.79,0.00,153.7,94.2,0.0,99.69,57.66,21.79,25.3,1256.3,1.038,1084.1,22.0,0,13.8,13.8,1.0
2026-02-03 22:39:46.662,10.00,10.13,134,10.445,21.76,0.00,154.2,94.2,0.0,99.69,57.66,21.76,25.3,1254.7,1.036,1084.1,22.0,0,13.9,13.9,1.0
2026-02-03 22:39:46.712,10.05,10.17,134,10.431,21.73,0.00,154.7,94.2,0.0,99.69,57.66,21.73,25.3,1253.0,1.035,1084.1,22.0,0,14.1,14.1,1.0
2026-02-03 22:39:46.761,10.10,10.22,135,10.417,21.70,0.00,155.2,94.2,0.0,99.69,57.66,21.70,25.3,1251.4,1.033,1084.0,22.0,0,14.2,14.2,1.0
2026-02-03 22:39:46.811,10.15,10.27,136,10.403,21.67,0.00,155.7,94.2,0.0,99.69,57.66,21.67,25.3,1249.8,1.032,1084.0,22.0,0,14.4,14.4,1.0
2026-02-03 22:39:46.862,10.20,10.31,136,10.390,21.65,0.00,156.2,94.2,0.0,99.69,57.67,21.65,25.3,1248.2,1.031,1084.0,22.0,0,14.5,14.5,1.0
2026-02-03 22:39:46.912,10.25,10.36,137,10.376,21.62,0.00,156.7,94.2,0.0,99.69,57.67,21.62,25.3,1246.6,1.029,1084.0,22.0,0,14.7,14.7,1.0
2026-02-03 22:39:46.962,10.30,10.40,137,10.363,21.59,0.00,157.2,94.2,0.0,99.68,57.67,21.59,25.3,1245.0,1.028,1084.0,22.0,0,14.8,14.8,1.0
2026-02-03 22:39:47.011,10.35,10.45,138,10.349,21.56,0.00,157.7,94.2,0.0,99.68,57.67,21.56,25.3,1243.4,1.027,1084.0,22.0,0,14.9,14.9,1.0
2026-02-03 22:39:47.061,10.40,10.50,139,10.335,21.53,0.00,158.2,94.2,0.0,99.68,57.67,21.53,25.3,1241.7,1.025,1083.9,22.0,0,15.1,15.1,1.0
2026-02-03 22:39:47.112,10.45,10.54,139,10.322,21.50,0.00,158.6,94.2,0.0,99.68,57.67,21.50,25.3,1240.1,1.024,1083.9,22.0,0,15.2,15.2,1.0
2026-02-03 22:39:47.162,10.50,10.59,140,10.308,21.48,0.00,159.1,94.2,0.0,99.68,57.67,21.48,25.3,1238.5,1.023,1083.9,22.0,0,15.4,15.4,1.0
2026-02-03 22:39:47.212,10.55,10.63,141,10.295,21.45,0.00,159.6,94.2,0.0,99.68,57.67,21.45,25.3,1236.9,1.021,1083.9,22.0,0,15.5,15.5,1.0
2026-02-03 22:39:47.261,10.60,10.68,141,10.281,21.42,0.00,160.1,94.2,0.0,99.68,57.67,21.42,25.3,1235.4,1.020,1083.9,22.0,0,15.7,15.7,1.0
2026-02-03 22:39:47.311,10.65,10.72,142,10.268,21.39,0.00,160.5,94.2,0.0,99.67,57.68,21.39,25.3,1233.8,1.019,1083.9,22.0,0,15.8,15.8,1.0
2026-02-03 22:39:47.362,10.70,10.77,142,10.254,21.36,0.00,161.0,94.2,0.0,99.67,57.68,21.36,25.3,1232.2,1.017,1083.8,22.0,0,16.0,16.0,1.0
2026-02-03 22:39:47.412,10.75,10.81,143,10.241,21.34,0.00,161.4,94.3,0.0,99.67,57.68,21.34,25.3,1230.6,1.016,1083.8,22.0,0,16.1,16.1,1.0
2026-02-03 22:39:47.462,10.80,10.86,144,10.228,21.31,0.00,161.9,94.3,0.0,99.67,57.68,21.31,25.3,1229.0,1.015,1083.8,22.0,0,16.3,16.3,1.0
2026-02-03 22:39:47.512,10.85,10.90,144,10.214,21.28,0.00,162.4,94.3,0.0,99.67,57.68,21.28,25.3,1227.4,1.013,1083.8,22.0,0,16.4,16.4,1.0
2026-02-03 22:39:47.561,10.90,10.95,145,10.201,21.25,0.00,162.8,94.3,0.0,99.67,57.68,21.25,25.3,1225.8,1.012,1083.8,22.0,0,16.6,16.6,1.0
2026-02-03 22:39:47.611,10.95,10.99,145,10.188,21.22,0.00,163.3,94.3,0.0,99.67,57.68,21.22,25.3,1224.3,1.011,1083.8,22.0,0,16.7,16.7,1.0
2026-02-03 22:39:47.662,11.00,11.04,146,10.174,21.20,0.00,163.7,94.3,0.0,99.66,57.68,21.20,25.3,1222.7,1.009,1083.7,22.0,0,16.9,16.9,1.0
2026-02-03 22:39:47.712,11.05,11.08,146,10.161,21.17,0.00,164.2,94.3,0.0,99.66,57.68,21.17,25.3,1221.1,1.008,1083.7,22.0,0,17.0,17.0,1.0
2026-02-03 22:39:47.762,11.10,11.13,147,10.148,21.14,0.00,164.6,94.3,0.0,99.66,57.69,21.14,25.3,1219.5,1.007,1083.7,22.0,0,17.2,17.2,1.0
2026-02-03 22:39:47.812,11.15,11.17,148,10.134,21.11,0.00,165.0,94.3,0.0,99.66,57.69,21.11,25.3,1218.0,1.005,1083.7,22.0,0,17.4,17.4,1.0
2026-02-03 22:39:47.861,11.20,11.22,148,10.121,21.09,0.00,165.5,94.3,0.0,99.66,57.69,21.09,25.3,1216.4,1.004,1083.7,22.0,0,17.5,17.5,1.0
2026-02-03 22:39:47.912,11.25,11.26,149,10.108,21.06,0.00,165.9,94.3,0.0,99.66,57.69,21.06,25.3,1214.8,1.003,1083.7,22.0,0,17.7,17.7,1.0
2026-02-03 22:39:47.962,11.30,11.30,149,10.095,21.03,0.00,166.4,94.3,0.0,99.66,57.69,21.03,25.3,1213.3,1.001,1083.6,22.0,0,17.8,17.8,1.0
2026-02-03 22:39:48.012,11.35,11.35,150,10.082,21.00,0.00,166.8,94.3,0.0,99.65,57.69,21.00,25.3,1211.7,1.000,1083.6,22.0,0,18.0,18.0,1.0
2026-02-03 22:39:48.062,11.40,11.39,151,10.068,20.98,0.00,167.2,94.3,0.0,99.65,57.69,20.98,25.3,1210.2,0.999,1083.6,22.0,0,18.1,18.1,1.0
2026-02-03 22:39:48.111,11.45,11.44,151,10.055,20.95,0.00,167.6,94.3,0.0,99.65,57.69,20.95,25.3,1208.6,0.998,1083.6,22.0,0,18.3,18.3,1.0
2026-02-03 22:39:48.162,11.50,11.48,152,10.042,20.92,0.00,168.1,94.3,0.0,99.65,57.70,20.92,25.3,1207.1,0.996,1083.6,22.0,0,18.5,18.5,1.0
2026-02-03 22:39:48.212,11.55,11.52,152,10.029,20.89,0.00,168.5,94.3,0.0,99.65,57.70,20.89,25.3,1205.5,0.995,1083.6,22.0,0,18.6,18.6,1.0
2026-02-03 22:39:48.262,11.60,11.57,153,10.016,20.87,0.00,168.9,94.3,0.0,99.65,57.70,20.87,25.3,1204.0,0.994,1083.5,22.0,0,18.8,18.8,1.0
2026-02-03 22:39:48.312,11.65,11.61,154,10.003,20.84,0.00,169.3,94.3,0.0,99.65,57.70,20.84,25.3,1202.4,0.992,1083.5,22.0,0,18.9,18.9,1.0
2026-02-03 22:39:48.362,11.70,11.66,154,9.990,20.81,0.00,169.7,94.3,0.0,99.64,57.70,20.81,25.3,1200.9,0.991,1083.5,22.0,0,19.1,19.1,1.0
2026-02-03 22:39:48.411,11.75,11.70,155,9.977,20.79,0.00,170.2,94.3,0.0,99.64,57.70,20.79,25.3,1199.3,0.990,1083.5,22.0,0,19.3,19.3,1.0
2026-02-03 22:39:48.462,11.80,11.74,155,9.964,20.76,0.00,170.6,94.3,0.0,99.64,57.70,20.76,25.3,1197.8,0.989,1083.5,22.0,0,19.4,19.4,1.0
2026-02-03 22:39:48.512,11.85,11.79,156,9.951,20.73,0.00,171.0,94.3,0.0,99.64,57.70,20.73,25.3,1196.3,0.987,1083.5,22.0,0,19.6,19.6,1.0
2026-02-03 22:39:48.562,11.90,11.83,156,9.938,20.70,0.00,171.4,94.3,0.0,99.64,57.70,20.70,25.3,1194.7,0.986,1083.4,22.0,0,19.8,19.8,1.0
2026-02-03 22:39:48.612,11.95,11.87,157,9.925,20.68,0.00,171.8,94.3,0.0,99.64,57.71,20.68,25.3,1193.2,0.985,1083.4,22.0,0,19.9,19.9,1.0
2026-02-03 22:39:48.662,12.00,11.92,158,9.912,20.65,0.00,172.2,94.3,0.0,99.64,57.71,20.65,25.3,1191.7,0.983,1083.4,22.0,0,20.1,20.1,1.0
2026-02-03 22:39:48.711,12.05,11.96,158,9.900,20.62,0.00,172.6,94.3,0.0,99.63,57.71,20.62,25.3,1190.2,0.982,1083.4,22.0,0,20.3,20.3,1.0
2026-02-03 22:39:48.762,12.10,12.00,159,9.887,20.60,0.00,173.0,94.3,0.0,99.63,57.71,20.60,25.3,1188.7,0.981,1083.4,22.0,0,20.4,20.4,1.0
2026-02-03 22:39:48.812,12.15,12.05,159,9.874,20.57,0.00,173.4,94.3,0.0,99.63,57.71,20.57,25.3,1187.1,0.980,1083.4,22.0,0,20.6,20.6,1.0
2026-02-03 22:39:48.862,12.20,12.09,160,9.861,20.54,0.00,173.8,94.3,0.0,99.63,57.71,20.54,25.3,1185.6,0.978,1083.3,22.0,0,20.8,20.8,1.0
2026-02-03 22:39:48.912,12.25,12.13,160,9.848,20.52,0.00,174.2,94.3,0.0,99.63,57.71,20.52,25.3,1184.1,0.977,1083.3,22.0,0,20.9,20.9,1.0
2026-02-03 22:39:48.961,12.30,12.18,161,9.836,20.49,0.00,174.5,94.3,0.0,99.63,57.71,20.49,25.3,1182.6,0.976,1083.3,22.0,0,21.1,21.1,1.0
2026-02-03 22:39:49.012,12.35,12.22,162,9.823,20.46,0.00,174.9,94.3,0.0,99.63,57.71,20.46,25.3,1181.1,0.974,1083.3,22.0,0,21.3,21.3,1.0
2026-02-03 22:39:49.062,12.40,12.26,162,9.810,20.44,0.00,175.3,94.3,0.0,99.63,57.72,20.44,25.3,1179.6,0.973,1083.3,22.0,0,21.4,21.4,1.0
2026-02-03 22:39:49.112,12.45,12.30,163,9.797,20.41,0.00,175.7,94.3,0.0,99.62,57.72,20.41,25.3,1178.1,0.972,1083.3,22.0,0,21.6,21.6,1.0
2026-02-03 22:39:49.162,12.50,12.35,163,9.785,20.39,0.00,176.1,94.4,0.0,99.62,57.72,20.39,25.3,1176.6,0.971,1083.2,22.0,0,21.8,21.8,1.0
2026-02-03 22:39:49.211,12.55,12.39,164,9.772,20.36,0.00,176.5,94.4,0.0,99.62,57.72,20.36,25.3,1175.1,0.969,1083.2,22.0,0,21.9,21.9,1.0
2026-02-03 22:39:49.261,12.60,12.43,164,9.760,20.33,0.00,176.8,94.4,0.0,99.62,57.72,20.33,25.3,1173.6,0.968,1083.2,22.0,0,22.1,22.1,1.0
2026-02-03 22:39:49.312,12.65,12.47,165,9.747,20.31,0.00,177.2,94.4,0.0,99.62,57.72,20.31,25.3,1172.1,0.967,1083.2,22.0,0,22.3,22.3,1.0
2026-02-03 22:39:49.362,12.70,12.52,165,9.734,20.28,0.00,177.6,94.4,0.0,99.62,57.72,20.28,25.3,1170.6,0.966,1083.2,22.0,0,22.5,22.5,1.0
2026-02-03 22:39:49.412,12.75,12.56,166,9.722,20.25,0.00,177.9,94.4,0.0,99.62,57.72,20.25,25.3,1169.1,0.964,1083.2,22.0,0,22.6,22.6,1.0
2026-02-03 22:39:49.462,12.80,12.60,167,9.709,20.23,0.00,178.3,94.4,0.0,99.61,57.72,20.23,25.3,1167.6,0.963,1083.1,22.0,0,22.8,22.8,1.0
2026-02-03 22:39:49.512,12.85,12.64,167,9.697,20.20,0.00,178.7,94.4,0.0,99.61,57.72,20.20,25.3,1166.1,0.962,1083.1,22.0,0,23.0,23.0,1.0
2026-02-03 22:39:49.561,12.90,12.68,168,9.684,20.18,0.00,179.0,94.4,0.0,99.61,57.73,20.18,25.3,1164.6,0.961,1083.1,22.0,0,23.2,23.2,1.0
2026-02-03 22:39:49.612,12.95,12.73,168,9.672,20.15,0.00,179.4,94.4,0.0,99.61,57.73,20.15,25.3,1163.2,0.959,1083.1,22.0,0,23.3,23.3,1.0
2026-02-03 22:39:49.662,13.00,12.77,169,9.659,20.12,0.00,179.7,94.4,0.0,99.61,57.73,20.12,25.4,1161.7,0.958,1083.1,22.0,0,23.5,23.5,1.0
2026-02-03 22:39:49.712,13.05,12.81,169,9.647,20.10,0.00,180.1,94.4,0.0,99.61,57.73,20.10,25.4,1160.2,0.957,1083.1,22.0,0,23.7,23.7,1.0
2026-02-03 22:39:49.762,13.10,12.85,170,9.634,20.07,0.00,180.4,94.4,0.0,99.61,57.73,20.07,25.4,1158.7,0.956,1083.0,22.0,0,23.9,23.9,1.0
2026-02-03 22:39:49.812,13.15,12.89,171,9.622,20.05,0.00,180.8,94.4,0.0,99.61,57.73,20.05,25.4,1157.3,0.955,1083.0,22.0,0,24.1,24.1,1.0
2026-02-03 22:39:49.861,13.20,12.94,171,9.610,20.02,0.00,181.1,94.4,0.0,99.60,57.73,20.02,25.4,1155.8,0.953,1083.0,22.0,0,24.2,24.2,1.0
2026-02-03 22:39:49.912,13.25,12.98,172,9.597,19.99,0.00,181.5,94.4,0.0,99.60,57.73,19.99,25.4,1154.3,0.952,1083.0,22.0,0,24.4,24.4,1.0
2026-02-03 22:39:49.962,13.30,13.02,172,9.585,19.97,0.00,181.8,94.4,0.0,99.60,57.73,19.97,25.4,1152.9,0.951,1083.0,22.0,0,24.6,24.6,1.0
2026-02-03 22:39:50.012,13.35,13.06,173,9.572,19.94,0.00,182.2,94.4,0.0,99.60,57.74,19.94,25.4,1151.4,0.950,1083.0,22.0,0,24.8,24.8,1.0
2026-02-03 22:39:50.062,13.40,13.10,173,9.560,19.92,0.00,182.5,94.4,0.0,99.60,57.74,19.92,25.4,1149.9,0.948,1082.9,22.0,0,25.0,25.0,1.0
2026-02-03 22:39:50.112,13.45,13.14,174,9.548,19.89,0.00,182.9,94.4,0.0,99.60,57.74,19.89,25.4,1148.5,0.947,1082.9,22.0,0,25.1,25.1,1.0
2026-02-03 22:39:50.161,13.50,13.18,174,9.536,19.87,0.00,183.2,94.4,0.0,99.60,57.74,19.87,25.4,1147.0,0.946,1082.9,22.0,0,25.3,25.3,1.0
2026-02-03 22:39:50.212,13.55,13.22,175,9.523,19.84,0.00,183.6,94.4,0.0,99.59,57.74,19.84,25.4,1145.6,0.945,1082.9,22.0,0,25.5,25.5,1.0
2026-02-03 22:39:50.262,13.60,13.27,175,9.511,19.81,0.00,183.9,94.4,0.0,99.59,57.74,19.81,25.4,1144.1,0.944,1082.9,22.0,0,25.7,25.7,1.0
2026-02-03 22:39:50.312,13.65,13.31,176,9.499,19.79,0.00,184.3,94.4,0.0,99.59,57.74,19.79,25.4,1142.7,0.942,1082.9,22.0,0,25.9,25.9,1.0
2026-02-03 22:39:50.362,13.70,13.35,177,9.487,19.76,0.00,184.6,94.4,0.0,99.59,57.74,19.76,25.4,1141.2,0.941,1082.9,22.0,0,26.1,26.1,1.0
2026-02-03 22:39:50.411,13.75,13.39,177,9.475,19.74,0.00,184.9,94.4,0.0,99.59,57.74,19.74,25.4,1139.8,0.940,1082.8,22.0,0,26.3,26.3,1.0
2026-02-03 22:39:50.462,13.80,13.43,178,9.462,19.71,0.00,185.3,94.4,0.0,99.59,57.75,19.71,25.4,1138.4,0.939,1082.8,22.0,0,26.4,26.4,1.0
2026-02-03 22:39:50.512,13.85,13.47,178,9.450,19.69,0.00,185.6,94.4,0.0,99.59,57.75,19.69,25.4,1136.9,0.938,1082.8,22.0,0,26.6,26.6,1.0
2026-02-03 22:39:50.562,13.90,13.51,179,9.438,19.66,0.00,185.9,94.4,0.0,99.59,57.75,19.66,25.4,1135.5,0.936,1082.8,22.0,0,26.8,26.8,1.0
2026-02-03 22:39:50.612,13.95,13.55,179,9.426,19.64,0.00,186.3,94.4,0.0,99.58,57.75,19.64,25.4,1134.0,0.935,1082.8,22.0,0,27.0,27.0,1.0
2026-02-03 22:39:50.662,14.00,13.59,180,9.414,19.61,0.00,186.6,94.4,0.0,99.58,57.75,19.61,25.4,1132.6,0.934,1082.8,22.0,0,27.2,27.2,1.0
2026-02-03 22:39:50.712,14.05,13.63,180,9.402,19.59,0.00,186.9,94.4,0.0,99.58,57.75,19.59,25.4,1131.2,0.933,1082.7,22.0,0,27.4,27.4,1.0
2026-02-03 22:39:50.762,14.10,13.67,181,9.390,19.56,0.00,187.2,94.3,0.0,99.58,57.75,19.56,25.4,1129.8,0.932,1082.7,22.0,0,27.6,27.6,1.0
2026-02-03 22:39:50.812,14.15,13.71,181,9.378,19.54,0.00,187.6,94.3,0.0,99.58,57.75,19.54,25.4,1128.3,0.930,1082.7,22.0,0,27.8,27.8,1.0
2026-02-03 22:39:50.862,14.20,13.75,182,9.366,19.51,0.00,187.9,94.3,0.0,99.58,57.75,19.51,25.4,1126.9,0.929,1082.7,22.0,0,28.0,28.0,1.0
2026-02-03 22:39:50.911,14.25,13.79,182,9.354,19.49,0.00,188.2,94.3,0.0,99.58,57.75,19.49,25.4,1125.5,0.928,1082.7,22.0,0,28.1,28.1,1.0
2026-02-03 22:39:50.961,14.30,13.83,183,9.342,19.46,0.00,188.5,94.3,0.0,99.58,57.76,19.46,25.4,1124.1,0.927,1082.7,22.0,0,28.3,28.3,1.0
2026-02-03 22:39:51.012,14.35,13.87,184,9.330,19.44,0.00,188.8,94.3,0.0,99.57,57.76,19.44,25.4,1122.7,0.926,1082.6,22.0,0,28.5,28.5,1.0
2026-02-03 22:39:51.062,14.40,13.91,184,9.318,19.41,0.00,189.1,94.3,0.0,99.57,57.76,19.41,25.4,1121.2,0.924,1082.6,22.0,0,28.7,28.7,1.0
2026-02-03 22:39:51.112,14.45,13.95,185,9.306,19.39,0.00,189.4,94.3,0.0,99.57,57.76,19.39,25.4,1119.8,0.923,1082.6,22.0,0,28.9,28.9,1.0
2026-02-03 22:39:51.162,14.50,13.99,185,9.294,19.36,0.00,189.7,94.3,0.0,99.57,57.76,19.36,25.4,1118.4,0.922,1082.6,22.0,0,29.1,29.1,1.0
2026-02-03 22:39:51.211,14.55,14.03,186,9.283,19.34,0.00,190.0,94.3,0.0,99.57,57.76,19.34,25.4,1117.0,0.921,1082.6,22.0,0,29.3,29.3,1.0
2026-02-03 22:39:51.262,14.60,14.07,186,9.271,19.31,0.00,190.3,94.3,0.0,99.57,57.76,19.31,25.4,1115.6,0.920,1082.6,22.0,0,29.5,29.5,1.0
2026-02-03 22:39:51.312,14.65,14.11,187,9.259,19.29,0.00,190.6,94.3,0.0,99.57,57.76,19.29,25.4,1114.2,0.919,1082.6,22.0,0,29.7,29.7,1.0
2026-02-03 22:39:51.362,14.70,14.15,187,9.247,19.26,0.00,190.9,94.3,0.0,99.57,57.76,19.26,25.4,1112.8,0.917,1082.5,22.0,0,29.9,29.9,1.0
2026-02-03 22:39:51.412,14.75,14.19,188,9.235,19.24,0.00,191.2,94.3,0.0,99.56,57.76,19.24,25.4,1111.4,0.916,1082.5,22.0,0,30.1,30.1,1.0
2026-02-03 22:39:51.462,14.80,14.23,188,9.224,19.22,0.00,191.5,94.3,0.0,99.56,57.77,19.22,25.4,1110.0,0.915,1082.5,22.0,0,30.3,30.3,1.0
2026-02-03 22:39:51.512,14.85,14.27,189,9.212,19.19,0.00,191.8,94.3,0.0,99.56,57.77,19.19,25.4,1108.6,0.914,1082.5,22.0,0,30.5,30.5,1.0
2026-02-03 22:39:51.562,14.90,14.31,189,9.200,19.17,0.00,192.1,94.3,0.0,99.56,57.77,19.17,25.4,1107.2,0.913,1082.5,22.0,0,30.7,30.7,1.0
2026-02-03 22:39:51.612,14.95,14.35,190,9.189,19.14,0.00,192.4,94.3,0.0,99.56,57.77,19.14,25.4,1105.9,0.912,1082.5,22.0,0,30.9,30.9,1.0
2026-02-03 22:39:51.662,15.00,14.39,190,9.177,19.12,0.00,192.7,94.3,0.0,99.56,57.77,19.12,25.4,1104.5,0.910,1082.4,22.0,0,31.1,31.1,1.0
2026-02-03 22:39:51.712,15.05,14.43,191,9.165,19.09,0.00,193.0,94.3,0.0,99.56,57.77,19.09,25.4,1103.1,0.909,1082.4,22.0,0,31.3,31.3,1.0
2026-02-03 22:39:51.761,15.10,14.47,191,9.154,19.07,0.00,193.3,94.3,0.0,99.55,57.77,19.07,25.4,1101.7,0.908,1082.4,22.0,0,31.5,31.5,1.0
2026-02-03 22:39:51.812,15.15,14.51,192,9.142,19.05,0.00,193.6,94.3,0.0,99.55,57.77,19.05,25.4,1100.3,0.907,1082.4,22.0,0,31.7,31.7,1.0
2026-02-03 22:39:51.862,15.20,14.55,192,9.130,19.02,0.00,193.8,94.3,0.0,99.55,57.77,19.02,25.4,1098.9,0.906,1082.4,22.0,0,31.9,31.9,1.0
2026-02-03 22:39:51.912,15.25,14.58,193,9.119,19.00,0.00,194.1,94.3,0.0,99.55,57.77,19.00,25.4,1097.6,0.905,1082.4,22.0,0,32.1,32.1,1.0
2026-02-03 22:39:51.962,15.30,14.62,193,9.107,18.97,0.00,194.4,94.3,0.0,99.55,57.78,18.97,25.4,1096.2,0.903,1082.4,22.0,0,32.3,32.3,1.0
2026-02-03 22:39:52.012,15.35,14.66,194,9.096,18.95,0.00,194.7,94.3,0.0,99.55,57.78,18.95,25.4,1094.8,0.902,1082.3,22.0,0,32.5,32.5,1.0
2026-02-03 22:39:52.062,15.40,14.70,194,9.084,18.93,0.00,194.9,94.3,0.0,99.55,57.78,18.93,25.4,1093.5,0.901,1082.3,22.0,0,32.7,32.7,1.0
2026-02-03 22:39:52.112,15.45,14.74,195,9.073,18.90,0.00,195.2,94.3,0.0,99.55,57.78,18.90,25.4,1092.1,0.900,1082.3,22.0,0,32.9,32.9,1.0
2026-02-03 22:39:52.162,15.50,14.78,195,9.061,18.88,0.00,195.5,94.3,0.0,99.54,57.78,18.88,25.4,1090.7,0.899,1082.3,22.0,0,33.1,33.1,1.0
2026-02-03 22:39:52.212,15.55,14.82,196,9.050,18.85,0.00,195.8,94.3,0.0,99.54,57.78,18.85,25.4,1089.4,0.898,1082.3,22.0,0,33.3,33.3,1.0
2026-02-03 22:39:52.262,15.60,14.85,197,9.038,18.83,0.00,196.0,94.3,0.0,99.54,57.78,18.83,25.4,1088.0,0.897,1082.3,22.0,0,33.5,33.5,1.0
2026-02-03 22:39:52.312,15.65,14.89,197,9.027,18.81,0.00,196.3,94.3,0.0,99.54,57.78,18.81,25.4,1086.6,0.896,1082.2,22.0,0,33.7,33.7,1.0
2026-02-03 22:39:52.362,15.70,14.93,198,9.015,18.78,0.00,196.6,94.3,0.0,99.54,57.78,18.78,25.4,1085.3,0.894,1082.2,22.0,0,33.9,33.9,1.0
2026-02-03 22:39:52.412,15.75,14.97,198,9.004,18.76,0.00,196.8,94.3,0.0,99.54,57.78,18.76,25.4,1083.9,0.893,1082.2,22.0,0,34.1,34.1,1.0
2026-02-03 22:39:52.462,15.80,15.01,199,8.993,18.73,0.00,197.1,94.3,0.0,99.54,57.79,18.73,25.4,1082.6,0.892,1082.2,22.0,0,34.4,34.4,1.0
2026-02-03 22:39:52.511,15.85,15.05,199,8.981,18.71,0.00,197.3,94.3,0.0,99.54,57.79,18.71,25.4,1081.2,0.891,1082.2,22.0,0,34.6,34.6,1.0
2026-02-03 22:39:52.562,15.90,15.08,200,8.970,18.69,0.00,197.6,94.3,0.0,99.53,57.79,18.69,25.4,1079.9,0.890,1082.2,22.0,0,34.8,34.8,1.0
2026-02-03 22:39:52.612,15.95,15.12,200,8.959,18.66,0.00,197.8,94.3,0.0,99.53,57.79,18.66,25.4,1078.5,0.889,1082.2,22.0,0,35.0,35.0,1.0
2026-02-03 22:39:52.662,16.00,15.16,201,8.947,18.64,0.00,198.1,94.3,0.0,99.53,57.79,18.64,25.4,1077.2,0.888,1082.1,22.0,0,35.2,35.2,1.0
2026-02-03 22:39:52.712,16.05,15.20,201,8.936,18.62,0.00,198.3,94.3,0.0,99.53,57.79,18.62,25.4,1075.9,0.887,1082.1,22.0,0,35.4,35.4,1.0
2026-02-03 22:39:52.761,16.10,15.24,202,8.925,18.59,0.00,198.6,94.3,0.0,99.53,57.79,18.59,25.4,1074.5,0.885,1082.1,22.0,0,35.6,35.6,1.0
2026-02-03 22:39:52.812,16.15,15.27,202,8.914,18.57,0.00,198.8,94.3,0.0,99.53,57.79,18.57,25.4,1073.2,0.884,1082.1,22.0,0,35.8,35.8,1.0
2026-02-03 22:39:52.862,16.20,15.31,203,8.902,18.55,0.00,199.1,94.3,0.0,99.53,57.79,18.55,25.4,1071.9,0.883,1082.1,22.0,0,36.0,36.0,1.0
2026-02-03 22:39:52.912,16.25,15.35,203,8.891,18.52,0.00,199.3,94.2,0.0,99.53,57.79,18.52,25.4,1070.5,0.882,1082.1,22.0,0,36.3,36.3,1.0
2026-02-03 22:39:52.962,16.30,15.39,204,8.880,18.50,0.00,199.6,94.2,0.0,99.53,57.80,18.50,25.4,1069.2,0.881,1082.1,22.0,0,36.5,36.5,1.0
2026-02-03 22:39:53.011,16.35,15.42,204,8.869,18.48,0.00,199.8,94.2,0.0,99.52,57.80,18.48,25.4,1067.9,0.880,1082.0,22.0,0,36.7,36.7,1.0
2026-02-03 22:39:53.062,16.40,15.46,205,8.858,18.45,0.00,200.1,94.2,0.0,99.52,57.80,18.45,25.4,1066.5,0.879,1082.0,22.0,0,36.9,36.9,1.0
2026-02-03 22:39:53.112,16.45,15.50,205,8.846,18.43,0.00,200.3,94.2,0.0,99.52,57.80,18.43,25.4,1065.2,0.878,1082.0,22.0,0,37.1,37.1,1.0
2026-02-03 22:39:53.162,16.50,15.54,206,8.835,18.41,0.00,200.5,94.2,0.0,99.52,57.80,18.41,25.4,1063.9,0.877,1082.0,22.0,0,37.3,37.3,1.0
2026-02-03 22:39:53.212,16.55,15.57,206,8.824,18.38,0.00,200.8,94.2,0.0,99.52,57.80,18.38,25.4,1062.6,0.875,1082.0,22.0,0,37.5,37.5,1.0
2026-02-03 22:39:53.261,16.60,15.61,207,8.813,18.36,0.00,201.0,94.2,0.0,99.52,57.80,18.36,25.4,1061.3,0.874,1082.0,22.0,0,37.8,37.8,1.0
2026-02-03 22:39:53.312,16.65,15.65,207,8.802,18.34,0.00,201.2,94.2,0.0,99.52,57.80,18.34,25.4,1060.0,0.873,1082.0,22.0,0,38.0,38.0,1.0
2026-02-03 22:39:53.362,16.70,15.69,208,8.791,18.31,0.00,201.5,94.2,0.0,99.52,57.80,18.31,25.4,1058.6,0.872,1081.9,22.0,0,38.2,38.2,1.0
2026-02-03 22:39:53.412,16.75,15.72,208,8.780,18.29,0.00,201.7,94.2,0.0,99.51,57.80,18.29,25.4,1057.3,0.871,1081.9,22.0,0,38.4,38.4,1.0
2026-02-03 22:39:53.461,16.80,15.76,209,8.769,18.27,0.00,201.9,94.2,0.0,99.51,57.80,18.27,25.4,1056.0,0.870,1081.9,22.0,0,38.6,38.6,1.0
2026-02-03 22:39:53.512,16.85,15.80,209,8.758,18.25,0.00,202.2,94.2,0.0,99.51,57.81,18.25,25.4,1054.7,0.869,1081.9,22.0,0,38.9,38.9,1.0
2026-02-03 22:39:53.562,16.90,15.83,209,8.747,18.22,0.00,202.4,94.2,0.0,99.51,57.81,18.22,25.4,1053.4,0.868,1081.9,22.0,0,39.1,39.1,1.0
2026-02-03 22:39:53.612,16.95,15.87,210,8.736,18.20,0.00,202.6,94.2,0.0,99.51,57.81,18.20,25.4,1052.1,0.867,1081.9,22.0,0,39.3,39.3,1.0
2026-02-03 22:39:53.662,17.00,15.91,210,8.725,18.18,0.00,202.8,94.2,0.0,99.51,57.81,18.18,25.4,1050.8,0.866,1081.8,22.0,0,39.5,39.5,1.0
2026-02-03 22:39:53.711,17.05,15.94,211,8.714,18.15,0.00,203.0,94.2,0.0,99.51,57.81,18.15,25.4,1049.5,0.865,1081.8,22.0,0,39.7,39.7,1.0
2026-02-03 22:39:53.762,18.05,16.68,221,8.703,18.13,0.00,203.3,94.2,0.0,99.48,57.81,18.13,25.4,1048.2,0.863,1081.5,22.0,0,44.4,44.4,20.0
2026-02-03 22:39:53.812,19.05,17.38,230,8.486,17.68,0.00,207.4,94.2,0.0,99.46,57.83,17.68,25.5,1022.3,0.842,1081.3,22.0,0,49.2,49.2,20.0
2026-02-03 22:39:53.862,20.05,18.07,239,8.276,17.24,0.00,210.9,94.1,0.0,99.44,57.84,17.24,25.5,997.3,0.821,1081.0,22.0,0,54.2,54.2,20.0
2026-02-03 22:39:53.911,21.05,18.73,248,8.072,16.82,0.00,213.9,94.1,0.0,99.41,57.86,16.82,25.5,973.0,0.801,1080.7,22.0,0,59.4,59.4,20.0
2026-02-03 22:39:53.961,22.05,19.37,256,7.876,16.41,0.00,216.5,94.0,0.0,99.39,57.88,16.41,25.5,949.6,0.781,1080.4,22.0,0,64.8,64.8,20.0
2026-02-03 22:39:54.012,23.05,19.99,265,7.685,16.01,0.00,218.6,94.0,0.0,99.37,57.89,16.01,25.5,927.0,0.762,1080.2,22.0,0,70.4,70.4,20.0
2026-02-03 22:39:54.062,24.05,20.59,273,7.502,15.63,0.00,220.2,94.0,0.0,99.35,57.91,15.63,25.5,905.0,0.744,1079.9,22.0,0,76.1,76.1,20.0
2026-02-03 22:39:54.112,25.05,21.16,280,7.324,15.26,0.00,221.5,93.9,0.0,99.33,57.92,15.26,25.5,883.9,0.727,1079.7,22.0,0,81.9,81.9,20.0
2026-02-03 22:39:54.162,26.05,21.72,288,7.153,14.90,0.00,222.5,93.9,0.0,99.31,57.94,14.90,25.5,863.4,0.710,1079.5,22.0,0,88.0,88.0,20.0
2026-02-03 22:39:54.211,27.05,22.26,295,6.987,14.56,0.00,223.2,93.9,0.0,99.29,57.95,14.56,25.6,843.5,0.693,1079.2,22.0,0,94.2,94.2,20.0
2026-02-03 22:39:54.261,28.05,22.78,302,6.826,14.22,0.00,223.5,93.8,0.0,99.27,57.97,14.22,25.6,824.4,0.677,1079.0,22.0,0,100.5,100.5,20.0
2026-02-03 22:39:54.312,29.05,23.29,308,6.671,13.90,0.00,223.7,93.8,0.0,99.25,57.98,13.90,25.6,805.9,0.662,1078.8,22.0,0,107.0,107.0,20.0
2026-02-03 22:39:54.362,30.05,23.77,315,6.522,13.59,0.00,223.5,93.8,0.0,99.24,57.99,13.59,25.6,787.9,0.647,1078.5,22.0,0,113.6,113.6,20.0
2026-02-03 22:39:54.412,31.05,24.24,321,6.377,13.29,0.00,223.2,93.7,0.0,99.22,58.00,13.29,25.6,770.6,0.633,1078.3,22.0,0,120.3,120.3,20.0
2026-02-03 22:39:54.461,32.05,24.70,327,6.237,12.99,0.00,222.7,93.7,0.0,99.20,58.02,12.99,25.6,753.9,0.619,1078.1,22.0,0,127.2,127.2,20.0
2026-02-03 22:39:54.511,33.05,25.14,333,6.102,12.71,0.00,222.1,93.7,0.0,99.19,58.03,12.71,25.6,737.7,0.605,1077.9,22.0,0,134.1,134.1,20.0
2026-02-03 22:39:54.562,34.05,25.56,339,5.972,12.44,0.00,221.2,93.7,0.0,99.17,58.04,12.44,25.6,722.1,0.592,1077.7,22.0,0,141.2,141.2,20.0
2026-02-03 22:39:54.612,35.05,25.97,344,5.846,12.18,0.00,220.3,93.6,0.0,99.15,58.05,12.18,25.6,707.0,0.580,1077.5,22.0,0,148.5,148.5,20.0
2026-02-03 22:39:54.662,36.05,26.37,349,5.724,11.93,0.00,222.1,92.4,0.0,99.14,58.06,11.93,25.6,692.4,0.568,1077.3,22.0,0,155.8,155.8,20.0
2026-02-03 22:39:54.711,37.05,26.75,354,5.607,11.68,0.00,221.2,92.3,0.0,99.12,58.07,11.68,25.6,678.3,0.556,1077.1,22.0,0,163.2,163.2,20.0
2026-02-03 22:39:54.761,38.05,27.12,359,5.493,11.44,0.00,220.1,92.1,0.0,99.11,58.08,11.44,25.6,664.6,0.545,1077.0,22.0,0,170.7,170.7,20.0
2026-02-03 22:39:54.812,39.05,27.48,364,5.383,11.22,0.00,218.9,92.0,0.0,99.09,58.09,11.22,25.6,651.5,0.534,1076.8,22.0,0,178.4,178.4,20.0
2026-02-03 22:39:54.862,40.05,27.82,368,5.277,10.99,0.00,217.7,91.9,0.0,99.08,58.10,10.99,25.6,638.7,0.524,1076.6,22.0,0,186.1,186.1,20.0
2026-02-03 22:39:54.912,41.05,28.15,373,5.175,10.78,0.00,216.4,91.8,0.0,99.06,58.10,10.78,25.7,626.4,0.513,1076.4,22.0,0,193.9,193.9,20.0
2026-02-03 22:39:54.962,42.05,28.47,377,5.076,10.58,0.00,215.1,91.7,0.0,99.05,58.11,10.58,25.7,614.6,0.504,1076.3,22.0,0,201.8,201.8,20.0
2026-02-03 22:39:55.011,43.05,28.78,381,4.981,10.38,0.00,213.7,91.6,0.0,99.03,58.12,10.38,25.7,603.1,0.494,1076.1,22.0,0,209.8,209.8,20.0
2026-02-03 22:39:55.061,44.05,29.08,385,4.889,10.18,0.00,212.2,91.5,0.0,99.02,58.13,10.18,25.7,592.0,0.485,1075.9,22.0,0,217.9,217.9,20.0
2026-02-03 22:39:55.112,45.05,29.37,389,4.800,10.00,0.00,210.7,91.4,0.0,99.01,58.13,10.00,25.7,581.3,0.476,1075.8,22.0,0,226.1,226.1,20.0
2026-02-03 22:39:55.162,46.05,29.65,393,4.714,9.82,0.00,209.2,91.3,0.0,99.00,58.14,9.82,25.7,571.0,0.468,1075.6,22.0,0,234.3,234.3,20.0
2026-02-03 22:39:55.212,47.05,29.92,396,4.631,9.65,0.00,207.7,91.3,0.0,98.98,58.15,9.65,25.7,561.0,0.459,1075.4,22.0,0,242.6,242.6,20.0
2026-02-03 22:39:55.261,48.05,30.18,400,4.551,9.48,0.00,206.1,91.2,0.0,98.97,58.15,9.48,25.7,551.3,0.451,1075.3,22.0,0,251.0,251.0,20.0
2026-02-03 22:39:55.311,49.05,30.43,403,4.473,9.32,0.00,204.6,91.1,0.0,98.96,58.16,9.32,25.7,542.0,0.444,1075.1,22.0,0,259.5,259.5,20.0
2026-02-03 22:39:55.362,50.05,30.68,406,4.399,9.16,0.00,203.0,91.0,0.0,98.95,58.16,9.16,25.7,533.0,0.436,1075.0,22.0,0,268.0,268.0,20.0
2026-02-03 22:39:55.412,51.05,30.91,409,4.326,9.01,0.00,201.4,90.9,0.0,98.93,58.17,9.01,25.7,524.3,0.429,1074.8,22.0,0,276.6,276.6,20.0
2026-02-03 22:39:55.462,52.05,31.14,412,4.257,8.87,0.00,199.9,90.9,0.0,98.92,58.18,8.87,25.7,515.9,0.422,1074.7,22.0,0,285.2,285.2,20.0
2026-02-03 22:39:55.511,53.05,31.36,415,4.190,8.73,0.00,198.3,90.8,0.0,98.91,58.18,8.73,25.7,507.8,0.416,1074.6,22.0,0,293.9,293.9,20.0
2026-02-03 22:39:55.561,54.05,31.57,418,4.125,8.59,0.00,196.7,90.7,0.0,98.90,58.19,8.59,25.7,500.0,0.409,1074.4,22.0,0,302.7,302.7,20.0
2026-02-03 22:39:55.612,55.05,31.77,421,4.062,8.46,0.00,195.2,90.7,0.0,98.89,58.19,8.46,25.7,492.4,0.403,1074.3,22.0,0,311.5,311.5,20.0
2026-02-03 22:39:55.662,56.05,31.96,423,3.944,8.22,0.00,191.0,90.5,0.0,98.88,58.20,8.22,25.7,478.2,0.391,1074.2,22.0,0,320.4,320.4,20.0
2026-02-03 22:39:55.712,57.05,32.14,426,3.888,8.10,0.00,189.6,90.5,0.0,98.87,58.20,8.10,25.7,471.5,0.386,1074.0,22.0,0,329.3,329.3,20.0
2026-02-03 22:39:55.762,58.05,32.15,426,2.223,4.63,0.00,109.9,89.7,0.0,98.86,58.38,4.63,25.7,270.4,0.221,1074.0,22.0,0,338.3,338.3,20.0
2026-02-03 22:39:55.812,59.05,32.16,426,2.222,4.63,0.00,109.9,89.7,0.0,98.85,58.38,4.63,25.7,270.2,0.220,1073.9,22.0,0,347.2,347.2,20.0
2026-02-03 22:39:55.862,60.05,32.17,426,2.221,4.63,0.00,109.8,89.7,0.0,98.85,58.38,4.63,25.7,270.1,0.220,1073.8,22.0,0,356.1,356.1,20.0
2026-02-03 22:39:55.912,61.05,32.17,426,2.219,4.62,0.00,109.8,89.7,0.0,98.84,58.37,4.62,25.7,269.9,0.220,1073.7,22.0,0,365.1,365.1,20.0
2026-02-03 22:39:55.961,62.05,32.18,426,2.218,4.62,0.00,109.8,89.7,0.0,98.84,58.37,4.62,25.7,269.8,0.220,1073.7,22.0,0,374.0,374.0,20.0
2026-02-03 22:39:56.012,63.05,32.19,426,2.217,4.62,0.00,109.7,89.7,0.0,98.83,58.37,4.62,25.7,269.6,0.220,1073.6,22.0,0,382.9,382.9,20.0
2026-02-03 22:39:56.062,64.05,32.19,426,2.216,4.62,0.00,109.7,89.7,0.0,98.82,58.37,4.62,25.7,269.5,0.220,1073.5,22.0,0,391.9,391.9,20.0
2026-02-03 22:39:56.112,65.05,32.20,427,2.215,4.61,0.00,109.7,89.7,0.0,98.82,58.37,4.61,25.7,269.4,0.220,1073.4,22.0,0,400.8,400.8,20.0
2026-02-03 22:39:56.161,66.05,32.20,427,2.214,4.61,0.00,109.6,89.7,0.0,98.81,58.37,4.61,25.7,269.2,0.220,1073.4,22.0,0,409.8,409.8,20.0
2026-02-03 22:39:56.212,67.05,32.21,427,2.213,4.61,0.00,109.6,89.7,0.0,98.80,58.37,4.61,25.7,269.1,0.220,1073.3,22.0,0,418.7,418.7,20.0
2026-02-03 22:39:56.262,68.05,32.21,427,2.212,4.61,0.00,109.6,89.7,0.0,98.80,58.37,4.61,25.7,269.0,0.219,1073.2,22.0,0,427.7,427.7,20.0
2026-02-03 22:39:56.312,69.05,32.22,427,2.211,4.61,0.00,109.6,89.7,0.0,98.79,58.37,4.61,25.7,268.9,0.219,1073.1,22.0,0,436.6,436.6,20.0
2026-02-03 22:39:56.361,70.05,32.23,427,2.210,4.60,0.00,109.5,89.7,0.0,98.79,58.37,4.60,25.7,268.7,0.219,1073.1,22.0,0,445.6,445.6,20.0
2026-02-03 22:39:56.412,71.05,32.23,427,2.209,4.60,0.00,109.5,89.7,0.0,98.78,58.37,4.60,25.7,268.6,0.219,1073.0,22.0,0,454.5,454.5,20.0
2026-02-03 22:39:56.462,72.05,32.24,427,2.208,4.60,0.00,109.5,89.7,0.0,98.77,58.36,4.60,25.7,268.5,0.219,1072.9,22.0,0,463.5,463.5,20.0
2026-02-03 22:39:56.512,73.05,32.24,427,2.207,4.60,0.00,109.4,89.7,0.0,98.77,58.36,4.60,25.7,268.4,0.219,1072.8,22.0,0,472.4,472.4,20.0
2026-02-03 22:39:56.562,74.05,32.25,427,2.206,4.60,0.00,109.4,89.7,0.0,98.76,58.36,4.60,25.7,268.3,0.219,1072.8,22.0,0,481.4,481.4,20.0
2026-02-03 22:39:56.611,75.05,32.25,427,2.206,4.60,0.00,109.4,89.7,0.0,98.76,58.36,4.60,25.7,268.2,0.219,1072.7,22.0,0,490.3,490.3,20.0
2026-02-03 22:39:56.662,76.05,32.26,427,2.205,4.59,0.00,109.4,89.7,0.0,98.75,58.36,4.59,25.7,268.1,0.219,1072.6,22.0,0,499.3,499.3,20.0
2026-02-03 22:39:56.712,77.05,32.26,427,2.204,4.59,0.00,109.4,89.7,0.0,98.74,58.36,4.59,25.7,268.0,0.219,1072.5,22.0,0,508.3,508.3,20.0
2026-02-03 22:39:56.762,78.05,32.39,429,3.415,7.11,0.00,169.0,90.0,0.0,98.73,58.23,7.11,25.7,414.3,0.339,1072.4,22.0,0,517.3,517.3,20.0
2026-02-03 22:39:56.812,79.05,32.52,431,3.325,6.93,0.00,165.4,89.9,0.0,98.73,58.24,6.93,25.7,403.5,0.330,1072.3,22.0,0,526.3,526.3,20.0
2026-02-03 22:39:56.862,80.05,32.64,432,3.294,6.86,0.00,164.5,89.8,0.0,98.72,58.24,6.86,25.7,399.6,0.327,1072.2,22.0,0,535.4,535.4,20.0
2026-02-03 22:39:56.912,81.05,32.75,434,3.263,6.80,0.00,163.6,89.8,0.0,98.71,58.24,6.80,25.7,395.9,0.324,1072.1,22.0,0,544.5,544.5,20.0
2026-02-03 22:39:56.962,82.05,32.86,435,3.180,6.62,0.00,160.2,89.7,0.0,98.70,58.25,6.62,25.7,385.9,0.315,1072.0,22.0,0,553.6,553.6,20.0
2026-02-03 22:39:57.012,83.05,32.96,437,3.153,6.57,0.00,159.4,89.7,0.0,98.69,58.25,6.57,25.7,382.6,0.313,1071.9,22.0,0,562.7,562.7,20.0
2026-02-03 22:39:57.061,84.05,33.06,438,3.126,6.51,0.00,158.6,89.7,0.0,98.68,58.25,6.51,25.7,379.4,0.310,1071.8,22.0,0,571.9,571.9,20.0
2026-02-03 22:39:57.112,85.05,33.15,439,3.049,6.35,0.00,155.3,89.6,0.0,98.67,58.26,6.35,25.7,370.1,0.303,1071.7,22.0,0,581.1,581.1,20.0
2026-02-03 22:39:57.162,86.05,33.24,440,3.026,6.30,0.00,154.6,89.6,0.0,98.66,58.26,6.30,25.7,367.3,0.300,1071.6,22.0,0,590.4,590.4,20.0
2026-02-03 22:39:57.212,87.05,33.33,442,3.004,6.26,0.00,153.9,89.5,0.0,98.66,58.26,6.26,25.7,364.6,0.298,1071.5,22.0,0,599.6,599.6,20.0
2026-02-03 22:39:57.261,88.05,33.41,443,2.982,6.21,0.00,153.2,89.5,0.0,98.65,58.26,6.21,25.7,362.0,0.296,1071.4,22.0,0,608.9,608.9,20.0
2026-02-03 22:39:57.311,89.05,33.49,444,2.911,6.07,0.00,150.1,89.4,0.0,98.64,58.27,6.07,25.7,353.4,0.289,1071.3,22.0,0,618.2,618.2,20.0
2026-02-03 22:39:57.362,90.05,33.47,443,1.995,4.16,0.00,103.0,89.5,0.0,98.63,58.36,4.16,25.7,242.6,0.198,1071.2,22.0,0,627.5,627.5,20.0
2026-02-03 22:39:57.412,91.05,33.45,443,1.999,4.16,0.00,103.1,89.5,0.0,98.63,58.36,4.16,25.7,243.0,0.198,1071.1,22.0,0,636.8,636.8,20.0
2026-02-03 22:39:57.462,92.05,33.42,443,2.002,4.17,0.00,103.2,89.5,0.0,98.62,58.36,4.17,25.7,243.4,0.199,1071.1,22.0,0,646.1,646.1,20.0
2026-02-03 22:39:57.511,93.05,33.40,443,2.006,4.18,0.00,103.4,89.5,0.0,98.62,58.36,4.18,25.7,243.8,0.199,1071.0,22.0,0,655.4,655.4,20.0
2026-02-03 22:39:57.562,94.05,33.17,439,0.000,0.00,0.00,0.0,84.4,0.0,98.62,58.57,0.00,25.7,0.0,0.000,1071.0,22.0,0,664.6,664.6,20.0
2026-02-03 22:39:57.612,95.05,32.94,436,0.000,0.00,0.00,0.0,84.4,0.0,98.62,58.57,0.00,25.7,0.0,0.000,1071.0,22.0,0,673.7,673.7,20.0
2026-02-03 22:39:57.662,96.05,32.71,433,0.000,0.00,0.00,0.0,84.4,0.0,98.62,58.57,0.00,25.7,0.0,0.000,1071.0,22.0,0,682.8,682.8,20.0
2026-02-03 22:39:57.712,97.05,32.48,430,0.000,0.00,0.00,0.0,84.4,0.0,98.62,58.57,0.00,25.7,0.0,0.000,1071.0,22.0,0,691.8,691.8,20.0
2026-02-03 22:39:57.761,98.05,32.25,427,0.000,0.00,0.00,0.0,84.4,0.0,98.62,58.57,0.00,25.7,0.0,0.000,1071.0,22.0,0,700.8,700.8,20.0
2026-02-03 22:39:57.812,99.05,32.02,424,0.000,0.00,0.00,0.0,84.4,0.0,98.62,58.57,0.00,25.7,0.0,0.000,1071.0,22.0,0,709.7,709.7,20.0
2026-02-03 22:39:57.862,100.05,31.79,421,0.000,0.00,0.00,0.0,84.4,0.0,98.62,58.57,0.00,25.7,0.0,0.000,1071.0,22.0,0,718.5,718.5,20.0
2026-02-03 22:39:57.912,101.05,31.57,418,0.000,0.00,0.00,0.0,84.4,0.0,98.62,58.57,0.00,25.7,0.0,0.000,1071.0,22.0,0,727.3,727.3,20.0
2026-02-03 22:39:57.961,102.05,31.34,415,0.000,0.00,0.00,0.0,84.4,0.0,98.62,58.57,0.00,25.7,0.0,0.000,1071.0,22.0,0,736.0,736.0,20.0
2026-02-03 22:39:58.011,103.05,31.11,412,0.000,0.00,0.00,0.0,84.4,0.0,98.62,58.57,0.00,25.7,0.0,0.000,1071.0,22.0,0,744.6,744.6,20.0
2026-02-03 22:39:58.062,104.05,30.89,409,0.000,0.00,0.00,0.0,84.4,0.0,98.62,58.57,0.00,25.7,0.0,0.000,1071.0,22.0,0,753.2,753.2,20.0
2026-02-03 22:39:58.112,105.05,30.66,406,0.000,0.00,0.00,0.0,84.4,0.0,98.62,58.57,0.00,25.7,0.0,0.000,1071.0,22.0,0,761.7,761.7,20.0
2026-02-03 22:39:58.162,106.05,30.44,403,0.000,0.00,0.00,0.0,84.4,0.0,98.62,58.57,0.00,25.7,0.0,0.000,1071.0,22.0,0,770.2,770.2,20.0
2026-02-03 22:39:58.212,107.05,30.48,404,2.512,5.23,0.00,117.2,90.0,0.0,98.61,58.30,5.23,25.7,305.1,0.249,1070.9,22.0,0,778.7,778.7,20.0
2026-02-03 22:39:58.262,108.05,30.53,404,2.505,5.22,0.00,117.0,90.0,0.0,98.60,58.30,5.22,25.7,304.3,0.248,1070.8,22.0,0,787.1,787.1,20.0
2026-02-03 22:39:58.312,109.05,30.57,405,2.498,5.20,0.00,116.9,90.0,0.0,98.60,58.30,5.20,25.7,303.4,0.248,1070.7,22.0,0,795.6,795.6,20.0
2026-02-03 22:39:58.362,110.05,30.61,405,2.491,5.19,0.00,116.7,90.0,0.0,98.59,58.30,5.19,25.7,302.5,0.247,1070.7,22.0,0,804.1,804.1,20.0
2026-02-03 22:39:58.412,111.05,30.65,406,2.484,5.17,0.00,116.6,90.0,0.0,98.58,58.30,5.17,25.7,301.7,0.246,1070.6,22.0,0,812.6,812.6,20.0
2026-02-03 22:39:58.461,112.05,30.69,406,2.477,5.16,0.00,116.4,90.0,0.0,98.58,58.30,5.16,25.7,300.9,0.246,1070.5,22.0,0,821.2,821.2,20.0
2026-02-03 22:39:58.512,113.05,30.72,407,2.471,5.15,0.00,116.3,90.0,0.0,98.57,58.30,5.15,25.7,300.1,0.245,1070.4,22.0,0,829.7,829.7,20.0
2026-02-03 22:39:58.562,114.05,30.50,404,0.000,0.00,0.00,0.0,84.4,0.0,98.57,58.56,0.00,25.7,0.0,0.000,1070.4,22.0,0,838.2,838.2,20.0
2026-02-03 22:39:58.612,115.05,30.28,401,0.000,0.00,0.00,0.0,84.4,0.0,98.57,58.56,0.00,25.7,0.0,0.000,1070.4,22.0,0,846.6,846.6,20.0
2026-02-03 22:39:58.662,116.05,30.05,398,0.000,0.00,0.00,0.0,84.4,0.0,98.57,58.56,0.00,25.7,0.0,0.000,1070.4,22.0,0,854.9,854.9,20.0
2026-02-03 22:39:58.711,117.05,29.83,395,0.000,0.00,0.00,0.0,84.4,0.0,98.57,58.56,0.00,25.7,0.0,0.000,1070.4,22.0,0,863.2,863.2,20.0
2026-02-03 22:39:58.761,118.05,29.88,396,2.550,5.31,0.00,116.5,90.1,0.0,98.56,58.29,5.31,25.7,309.7,0.253,1070.3,22.0,0,871.5,871.5,20.0
2026-02-03 22:39:58.812,119.05,29.93,396,2.542,5.30,0.00,116.4,90.0,0.0,98.56,58.29,5.30,25.7,308.7,0.252,1070.2,22.0,0,879.8,879.8,20.0
2026-02-03 22:39:58.862,120.05,29.98,397,2.534,5.28,0.00,116.2,90.0,0.0,98.55,58.29,5.28,25.7,307.7,0.251,1070.1,22.0,0,888.2,888.2,20.0
2026-02-03 22:39:58.912,121.05,30.02,398,2.526,5.26,0.00,116.0,90.0,0.0,98.54,58.29,5.26,25.7,306.8,0.251,1070.1,22.0,0,896.5,896.5,20.0
2026-02-03 22:39:58.961,122.05,29.80,395,0.000,0.00,0.00,0.0,84.4,0.0,98.54,58.56,0.00,25.7,0.0,0.000,1070.1,22.0,0,904.8,904.8,20.0
2026-02-03 22:39:59.011,123.05,29.85,395,2.555,5.32,0.00,116.7,90.1,0.0,98.53,58.29,5.32,25.7,310.3,0.254,1070.0,22.0,0,913.1,913.1,20.0
2026-02-03 22:39:59.062,124.05,29.90,396,2.547,5.31,0.00,116.5,90.1,0.0,98.53,58.29,5.31,25.7,309.3,0.253,1069.9,22.0,0,921.4,921.4,20.0
2026-02-03 22:39:59.112,125.05,29.95,397,2.539,5.29,0.00,116.3,90.0,0.0,98.52,58.29,5.29,25.7,308.3,0.252,1069.8,22.0,0,929.7,929.7,20.0
2026-02-03 22:39:59.162,126.05,29.99,397,2.531,5.27,0.00,116.2,90.0,0.0,98.51,58.29,5.27,25.7,307.4,0.251,1069.7,22.0,0,938.0,938.0,20.0
2026-02-03 22:39:59.211,127.05,30.04,398,2.524,5.26,0.00,116.0,90.0,0.0,98.51,58.29,5.26,25.7,306.4,0.250,1069.6,22.0,0,946.4,946.4,20.0
2026-02-03 22:39:59.262,128.05,29.82,395,0.000,0.00,0.00,0.0,84.4,0.0,98.51,58.55,0.00,25.7,0.0,0.000,1069.6,22.0,0,954.7,954.7,20.0
2026-02-03 22:39:59.312,129.05,29.87,396,2.553,5.32,0.00,116.6,90.1,0.0,98.50,58.28,5.32,25.7,309.9,0.253,1069.5,22.0,0,962.9,962.9,20.0
2026-02-03 22:39:59.362,130.05,29.91,396,2.545,5.30,0.00,116.4,90.1,0.0,98.49,58.28,5.30,25.7,309.0,0.252,1069.5,22.0,0,971.3,971.3,20.0
2026-02-03 22:39:59.412,131.05,29.96,397,2.537,5.28,0.00,116.3,90.0,0.0,98.49,58.28,5.28,25.7,308.0,0.252,1069.4,22.0,0,979.6,979.6,20.0
2026-02-03 22:39:59.462,132.05,30.01,397,2.529,5.27,0.00,116.1,90.0,0.0,98.48,58.28,5.27,25.7,307.0,0.251,1069.3,22.0,0,987.9,987.9,20.0
2026-02-03 22:39:59.511,133.05,29.79,395,0.000,0.00,0.00,0.0,84.4,0.0,98.48,58.54,0.00,25.7,0.0,0.000,1069.3,22.0,0,996.2,996.2,20.0
2026-02-03 22:39:59.561,134.05,29.84,395,2.558,5.33,0.00,116.7,90.1,0.0,98.47,58.28,5.33,25.7,310.5,0.254,1069.2,22.0,0,1004.5,1004.5,20.0
2026-02-03 22:39:59.612,135.05,30.10,399,4.576,9.53,0.00,206.6,91.2,0.0,98.46,58.06,9.53,25.7,553.6,0.454,1069.0,22.0,0,1012.8,1012.8,20.0
2026-02-03 22:39:59.662,136.05,30.35,402,4.498,9.37,0.00,205.1,91.1,0.0,98.45,58.07,9.37,25.7,544.1,0.446,1068.9,22.0,0,1021.3,1021.3,20.0
2026-02-03 22:39:59.712,137.05,30.60,405,4.422,9.21,0.00,203.5,91.0,0.0,98.43,58.08,9.21,25.7,535.1,0.439,1068.7,22.0,0,1029.8,1029.8,20.0
2026-02-03 22:39:59.762,138.05,30.84,408,4.349,9.06,0.00,201.9,91.0,0.0,98.42,58.08,9.06,25.7,526.3,0.431,1068.6,22.0,0,1038.3,1038.3,20.0
2026-02-03 22:39:59.811,139.05,31.07,412,4.279,8.91,0.00,200.4,90.9,0.0,98.41,58.09,8.91,25.8,517.8,0.424,1068.5,22.0,0,1047.0,1047.0,20.0
2026-02-03 22:39:59.862,140.05,31.29,414,4.211,8.77,0.00,198.8,90.8,0.0,98.40,58.09,8.77,25.8,509.6,0.418,1068.3,22.0,0,1055.7,1055.7,20.0
2026-02-03 22:39:59.912,141.05,31.50,417,4.145,8.64,0.00,197.2,90.7,0.0,98.39,58.10,8.64,25.8,501.7,0.411,1068.2,22.0,0,1064.4,1064.4,20.0
2026-02-03 22:39:59.962,142.05,31.71,420,4.082,8.50,0.00,195.7,90.7,0.0,98.38,58.10,8.50,25.8,494.1,0.405,1068.0,22.0,0,1073.2,1073.2,20.0
2026-02-03 22:40:00.012,143.05,31.90,423,3.963,8.26,0.00,191.5,90.6,0.0,98.37,58.11,8.26,25.8,479.8,0.393,1067.9,22.0,0,1082.1,1082.1,20.0
2026-02-03 22:40:00.062,144.05,32.08,425,3.907,8.14,0.00,190.1,90.5,0.0,98.36,58.12,8.14,25.8,473.0,0.388,1067.8,22.0,0,1091.0,1091.0,20.0
2026-02-03 22:40:00.111,145.05,32.26,427,3.796,7.91,0.00,186.0,90.4,0.0,98.34,58.13,7.91,25.8,459.7,0.377,1067.6,22.0,0,1099.9,1099.9,20.0
2026-02-03 22:40:00.161,146.05,32.43,430,3.746,7.80,0.00,184.6,90.3,0.0,98.33,58.13,7.80,25.8,453.7,0.372,1067.5,22.0,0,1109.0,1109.0,20.0
2026-02-03 22:40:00.212,147.05,32.58,432,3.643,7.59,0.00,180.7,90.2,0.0,98.32,58.14,7.59,25.8,441.3,0.361,1067.4,22.0,0,1118.0,1118.0,20.0
2026-02-03 22:40:00.262,148.05,32.73,434,3.599,7.50,0.00,179.5,90.2,0.0,98.31,58.14,7.50,25.8,435.9,0.357,1067.3,22.0,0,1127.1,1127.1,20.0
2026-02-03 22:40:00.312,149.05,32.87,436,3.503,7.30,0.00,175.7,90.1,0.0,98.30,58.15,7.30,25.8,424.3,0.347,1067.2,22.0,0,1136.2,1136.2,20.0
2026-02-03 22:40:00.361,150.05,33.01,437,3.463,7.22,0.00,174.5,90.0,0.0,98.30,58.15,7.22,25.8,419.6,0.344,1067.0,22.0,0,1145.4,1145.4,20.0
2026-02-03 22:40:00.411,151.05,33.14,439,3.373,7.03,0.00,170.9,89.9,0.0,98.29,58.16,7.03,25.8,408.7,0.335,1066.9,22.0,0,1154.6,1154.6,20.0
2026-02-03 22:40:00.462,152.05,33.26,441,3.339,6.96,0.00,169.8,89.9,0.0,98.28,58.16,6.96,25.8,404.5,0.331,1066.8,22.0,0,1163.8,1163.8,20.0
2026-02-03 22:40:00.512,153.05,33.38,442,3.305,6.89,0.00,168.8,89.9,0.0,98.27,58.16,6.89,25.8,400.5,0.328,1066.7,22.0,0,1173.1,1173.1,20.0
2026-02-03 22:40:00.562,154.05,33.49,444,3.222,6.71,0.00,165.3,89.8,0.0,98.26,58.17,6.71,25.8,390.5,0.320,1066.6,22.0,0,1182.4,1182.4,20.0
2026-02-03 22:40:00.612,155.05,33.59,445,3.192,6.65,0.00,164.4,89.7,0.0,98.25,58.17,6.65,25.8,386.9,0.317,1066.5,22.0,0,1191.7,1191.7,20.0
2026-02-03 22:40:00.661,156.05,33.69,446,3.164,6.59,0.00,163.5,89.7,0.0,98.24,58.17,6.59,25.8,383.4,0.314,1066.4,22.0,0,1201.1,1201.1,20.0
2026-02-03 22:40:00.711,157.05,33.79,448,3.087,6.43,0.00,160.1,89.6,0.0,98.23,58.18,6.43,25.8,374.2,0.306,1066.3,22.0,0,1210.5,1210.5,20.0
2026-02-03 22:40:00.762,158.05,33.88,449,3.062,6.38,0.00,159.3,89.6,0.0,98.22,58.18,6.38,25.8,371.2,0.304,1066.2,22.0,0,1219.9,1219.9,20.0
2026-02-03 22:40:00.812,159.05,33.96,450,3.038,6.33,0.00,158.5,89.6,0.0,98.22,58.18,6.33,25.8,368.2,0.301,1066.1,22.0,0,1229.3,1229.3,20.0
2026-02-03 22:40:00.862,160.05,34.05,451,3.014,6.28,0.00,157.8,89.5,0.0,98.21,58.18,6.28,25.8,365.4,0.299,1066.0,22.0,0,1238.8,1238.8,20.0
2026-02-03 22:40:00.912,161.05,34.13,452,2.944,6.13,0.00,154.6,89.5,0.0,98.20,58.19,6.13,25.8,356.9,0.292,1065.9,22.0,0,1248.3,1248.3,20.0
2026-02-03 22:40:00.961,162.05,34.20,453,2.924,6.09,0.00,153.9,89.5,0.0,98.19,58.19,6.09,25.8,354.5,0.290,1065.8,22.0,0,1257.8,1257.8,20.0
2026-02-03 22:40:01.012,163.05,34.16,453,1.874,3.90,0.00,99.0,89.3,0.0,98.19,58.30,3.90,25.8,227.6,0.186,1065.7,22.0,0,1267.3,1267.3,20.0
2026-02-03 22:40:01.062,164.05,34.13,452,1.880,3.92,0.00,99.2,89.4,0.0,98.18,58.30,3.92,25.8,228.3,0.187,1065.6,22.0,0,1276.7,1276.7,20.0
2026-02-03 22:40:01.112,165.05,33.89,449,0.000,0.00,0.00,0.0,84.4,0.0,98.18,58.49,0.00,25.8,0.0,0.000,1065.6,22.0,0,1286.2,1286.2,20.0
2026-02-03 22:40:01.162,166.05,33.66,446,0.000,0.00,0.00,0.0,84.4,0.0,98.18,58.49,0.00,25.8,0.0,0.000,1065.6,22.0,0,1295.5,1295.5,20.0
2026-02-03 22:40:01.211,167.05,33.43,443,0.000,0.00,0.00,0.0,84.4,0.0,98.18,58.49,0.00,25.8,0.0,0.000,1065.6,22.0,0,1304.8,1304.8,20.0
2026-02-03 22:40:01.261,168.05,33.19,440,0.000,0.00,0.00,0.0,84.4,0.0,98.18,58.49,0.00,25.8,0.0,0.000,1065.6,22.0,0,1314.0,1314.0,20.0
2026-02-03 22:40:01.312,169.05,32.96,437,0.000,0.00,0.00,0.0,84.4,0.0,98.18,58.49,0.00,25.8,0.0,0.000,1065.6,22.0,0,1323.2,1323.2,20.0
2026-02-03 22:40:01.362,170.05,32.73,434,0.000,0.00,0.00,0.0,84.4,0.0,98.18,58.49,0.00,25.8,0.0,0.000,1065.6,22.0,0,1332.3,1332.3,20.0
2026-02-03 22:40:01.412,171.05,32.50,431,0.000,0.00,0.00,0.0,84.4,0.0,98.18,58.49,0.00,25.8,0.0,0.000,1065.6,22.0,0,1341.3,1341.3,20.0
2026-02-03 22:40:01.462,172.05,32.27,428,0.000,0.00,0.00,0.0,84.4,0.0,98.18,58.49,0.00,25.8,0.0,0.000,1065.6,22.0,0,1350.3,1350.3,20.0
2026-02-03 22:40:01.511,173.05,32.04,424,0.000,0.00,0.00,0.0,84.4,0.0,98.18,58.49,0.00,25.8,0.0,0.000,1065.6,22.0,0,1359.2,1359.2,20.0
2026-02-03 22:40:01.562,174.05,31.82,421,0.000,0.00,0.00,0.0,84.4,0.0,98.18,58.49,0.00,25.8,0.0,0.000,1065.6,22.0,0,1368.0,1368.0,20.0
2026-02-03 22:40:01.612,175.05,31.59,418,0.000,0.00,0.00,0.0,84.4,0.0,98.18,58.49,0.00,25.8,0.0,0.000,1065.6,22.0,0,1376.8,1376.8,20.0
2026-02-03 22:40:01.662,176.05,31.36,415,0.000,0.00,0.00,0.0,84.4,0.0,98.18,58.49,0.00,25.8,0.0,0.000,1065.6,22.0,0,1385.5,1385.5,20.0
2026-02-03 22:40:01.712,177.05,31.14,412,0.000,0.00,0.00,0.0,84.4,0.0,98.18,58.49,0.00,25.8,0.0,0.000,1065.6,22.0,0,1394.1,1394.1,20.0
2026-02-03 22:40:01.761,178.05,30.91,409,0.000,0.00,0.00,0.0,84.4,0.0,98.18,58.49,0.00,25.8,0.0,0.000,1065.6,22.0,0,1402.7,1402.7,20.0
2026-02-03 22:40:01.812,179.05,30.69,406,0.000,0.00,0.00,0.0,84.4,0.0,98.18,58.49,0.00,25.8,0.0,0.000,1065.6,22.0,0,1411.2,1411.2,20.0
2026-02-03 22:40:01.862,180.05,30.46,404,0.000,0.00,0.00,0.0,84.4,0.0,98.18,58.49,0.00,25.8,0.0,0.000,1065.6,22.0,0,1419.7,1419.7,20.0
2026-02-03 22:40:01.912,181.05,30.24,401,0.000,0.00,0.00,0.0,84.4,0.0,98.18,58.49,0.00,25.8,0.0,0.000,1065.6,22.0,0,1428.1,1428.1,20.0
2026-02-03 22:40:01.961,182.05,30.02,398,0.000,0.00,0.00,0.0,84.4,0.0,98.18,58.49,0.00,25.8,0.0,0.000,1065.6,22.0,0,1436.4,1436.4,20.0
2026-02-03 22:40:02.011,183.05,29.80,395,0.000,0.00,0.00,0.0,84.4,0.0,98.18,58.49,0.00,25.8,0.0,0.000,1065.6,22.0,0,1444.7,1444.7,20.0
2026-02-03 22:40:02.062,184.05,29.57,392,0.000,0.00,0.00,0.0,84.4,0.0,98.18,58.49,0.00,25.8,0.0,0.000,1065.6,22.0,0,1452.9,1452.9,20.0
2026-02-03 22:40:02.112,185.05,29.35,389,0.000,0.00,0.00,0.0,84.4,0.0,98.18,58.49,0.00,25.8,0.0,0.000,1065.6,22.0,0,1461.1,1461.1,20.0
2026-02-03 22:40:02.162,186.05,29.13,386,0.000,0.00,0.00,0.0,84.4,0.0,98.18,58.49,0.00,25.8,0.0,0.000,1065.6,22.0,0,1469.2,1469.2,20.0
2026-02-03 22:40:02.212,187.05,28.92,383,0.000,0.00,0.00,0.0,84.4,0.0,98.18,58.49,0.00,25.8,0.0,0.000,1065.6,22.0,0,1477.2,1477.2,20.0
2026-02-03 22:40:02.261,188.05,28.70,380,0.000,0.00,0.00,0.0,84.4,0.0,98.18,58.49,0.00,25.8,0.0,0.000,1065.6,22.0,0,1485.2,1485.2,20.0
2026-02-03 22:40:02.311,189.05,28.48,377,0.000,0.00,0.00,0.0,84.4,0.0,98.18,58.49,0.00,25.8,0.0,0.000,1065.6,22.0,0,1493.1,1493.1,20.0
2026-02-03 22:40:02.362,190.05,28.26,374,0.000,0.00,0.00,0.0,84.4,0.0,98.18,58.49,0.00,25.8,0.0,0.000,1065.6,22.0,0,1500.9,1500.9,20.0
2026-02-03 22:40:02.412,191.05,28.05,371,0.000,0.00,0.00,0.0,84.4,0.0,98.18,58.49,0.00,25.8,0.0,0.000,1065.6,22.0,0,1508.7,1508.7,20.0
2026-02-03 22:40:02.462,192.05,27.83,369,0.000,0.00,0.00,0.0,84.4,0.0,98.18,58.49,0.00,25.8,0.0,0.000,1065.6,22.0,0,1516.5,1516.5,20.0
2026-02-03 22:40:02.512,193.05,27.61,366,0.000,0.00,0.00,0.0,84.4,0.0,98.18,58.49,0.00,25.8,0.0,0.000,1065.6,22.0,0,1524.1,1524.1,20.0
2026-02-03 22:40:02.561,194.05,27.40,363,0.000,0.00,0.00,0.0,84.4,0.0,98.18,58.49,0.00,25.8,0.0,0.000,1065.6,22.0,0,1531.7,1531.7,20.0
2026-02-03 22:40:02.612,195.05,27.19,360,0.000,0.00,0.00,0.0,84.4,0.0,98.18,58.49,0.00,25.8,0.0,0.000,1065.6,22.0,0,1539.3,1539.3,20.0
2026-02-03 22:40:02.662,196.05,26.97,357,0.000,0.00,0.00,0.0,84.4,0.0,98.18,58.49,0.00,25.8,0.0,0.000,1065.6,22.0,0,1546.8,1546.8,20.0
2026-02-03 22:40:02.712,197.05,26.76,354,0.000,0.00,0.00,0.0,84.4,0.0,98.18,58.49,0.00,25.8,0.0,0.000,1065.6,22.0,0,1554.2,1554.2,20.0
2026-02-03 22:40:02.762,198.05,27.12,359,5.412,11.27,0.00,217.1,92.1,0.0,98.17,57.93,11.27,25.8,653.1,0.537,1065.5,22.0,0,1561.8,1561.8,20.0
2026-02-03 22:40:02.812,199.05,27.46,364,5.229,10.89,0.00,213.1,91.9,0.0,98.15,57.94,10.89,25.8,631.3,0.519,1065.3,22.0,0,1569.4,1569.4,20.0
2026-02-03 22:40:02.861,200.05,27.78,368,5.056,10.53,0.00,209.0,91.7,0.0,98.14,57.96,10.53,25.8,610.5,0.502,1065.1,22.0,0,1577.1,1577.1,20.0
2026-02-03 22:40:02.912,201.05,28.08,372,4.890,10.19,0.00,204.9,91.5,0.0,98.12,57.98,10.19,25.8,590.7,0.485,1065.0,22.0,0,1584.9,1584.9,20.0
2026-02-03 22:40:02.962,202.05,28.37,376,4.733,9.86,0.00,200.8,91.4,0.0,98.11,57.99,9.86,25.8,571.8,0.470,1064.8,22.0,0,1592.8,1592.8,20.0
2026-02-03 22:40:03.012,203.05,28.64,379,4.582,9.55,0.00,196.7,91.2,0.0,98.10,58.00,9.55,25.8,553.7,0.455,1064.6,22.0,0,1600.7,1600.7,20.0
2026-02-03 22:40:03.062,204.05,28.90,383,4.510,9.39,0.00,195.6,91.1,0.0,98.09,58.01,9.39,25.8,545.0,0.447,1064.5,22.0,0,1608.8,1608.8,20.0
2026-02-03 22:40:03.112,205.05,29.14,386,4.370,9.10,0.00,191.6,91.0,0.0,98.07,58.02,9.10,25.8,528.2,0.433,1064.3,22.0,0,1616.9,1616.9,20.0
2026-02-03 22:40:03.162,206.05,29.37,389,4.236,8.82,0.00,187.6,90.8,0.0,98.06,58.03,8.82,25.8,512.1,0.420,1064.2,22.0,0,1625.0,1625.0,20.0
2026-02-03 22:40:03.212,207.05,29.59,392,4.108,8.56,0.00,183.6,90.7,0.0,98.05,58.04,8.56,25.8,496.8,0.408,1064.1,22.0,0,1633.2,1633.2,20.0
2026-02-03 22:40:03.261,208.05,29.79,395,4.053,8.44,0.00,182.5,90.6,0.0,98.04,58.05,8.44,25.8,490.1,0.402,1063.9,22.0,0,1641.5,1641.5,20.0
2026-02-03 22:40:03.312,209.05,29.99,397,3.933,8.19,0.00,178.7,90.5,0.0,98.03,58.06,8.19,25.8,475.7,0.390,1063.8,22.0,0,1649.8,1649.8,20.0
2026-02-03 22:40:03.362,210.05,30.18,400,3.883,8.09,0.00,177.7,90.5,0.0,98.02,58.06,8.09,25.8,469.7,0.385,1063.7,22.0,0,1658.2,1658.2,20.0
2026-02-03 22:40:03.412,211.05,30.36,402,3.771,7.86,0.00,173.8,90.3,0.0,98.01,58.07,7.86,25.8,456.2,0.374,1063.5,22.0,0,1666.7,1666.7,20.0
2026-02-03 22:40:03.462,212.05,30.40,403,2.527,5.26,0.00,117.5,90.0,0.0,98.00,58.20,5.26,25.8,306.3,0.251,1063.5,22.0,0,1675.1,1675.1,20.0
2026-02-03 22:40:03.511,213.05,30.45,403,2.519,5.25,0.00,117.4,90.0,0.0,97.99,58.20,5.25,25.8,305.4,0.250,1063.4,22.0,0,1683.6,1683.6,20.0
2026-02-03 22:40:03.561,214.05,30.49,404,2.511,5.23,0.00,117.2,90.0,0.0,97.99,58.20,5.23,25.8,304.5,0.249,1063.3,22.0,0,1692.0,1692.0,20.0
2026-02-03 22:40:03.612,215.05,30.53,404,2.504,5.22,0.00,117.0,90.0,0.0,97.98,58.20,5.22,25.8,303.6,0.248,1063.2,22.0,0,1700.5,1700.5,20.0
2026-02-03 22:40:03.662,216.05,30.31,401,0.000,0.00,0.00,0.0,84.4,0.0,97.98,58.46,0.00,25.8,0.0,0.000,1063.2,22.0,0,1708.9,1708.9,20.0
2026-02-03 22:40:03.712,217.05,30.08,399,0.000,0.00,0.00,0.0,84.4,0.0,97.98,58.46,0.00,25.8,0.0,0.000,1063.2,22.0,0,1717.3,1717.3,20.0
2026-02-03 22:40:03.762,218.05,29.86,396,0.000,0.00,0.00,0.0,84.4,0.0,97.98,58.46,0.00,25.8,0.0,0.000,1063.2,22.0,0,1725.6,1725.6,20.0
2026-02-03 22:40:03.811,219.05,29.64,393,0.000,0.00,0.00,0.0,84.4,0.0,97.98,58.46,0.00,25.8,0.0,0.000,1063.2,22.0,0,1733.8,1733.8,20.0
2026-02-03 22:40:03.862,220.05,29.42,390,0.000,0.00,0.00,0.0,84.4,0.0,97.98,58.46,0.00,25.8,0.0,0.000,1063.2,22.0,0,1742.0,1742.0,20.0
2026-02-03 22:40:03.912,221.05,29.20,387,0.000,0.00,0.00,0.0,84.4,0.0,97.98,58.46,0.00,25.8,0.0,0.000,1063.2,22.0,0,1750.1,1750.1,20.0
2026-02-03 22:40:03.962,222.05,28.98,384,0.000,0.00,0.00,0.0,84.4,0.0,97.98,58.46,0.00,25.8,0.0,0.000,1063.2,22.0,0,1758.1,1758.1,20.0
2026-02-03 22:40:04.012,223.05,28.76,381,0.000,0.00,0.00,0.0,84.4,0.0,97.98,58.46,0.00,25.8,0.0,0.000,1063.2,22.0,0,1766.1,1766.1,20.0
2026-02-03 22:40:04.061,224.05,28.54,378,0.000,0.00,0.00,0.0,84.4,0.0,97.98,58.46,0.00,25.8,0.0,0.000,1063.2,22.0,0,1774.1,1774.1,20.0
2026-02-03 22:40:04.112,225.05,28.33,375,0.000,0.00,0.00,0.0,84.4,0.0,97.98,58.46,0.00,25.8,0.0,0.000,1063.2,22.0,0,1781.9,1781.9,20.0
2026-02-03 22:40:04.162,226.05,28.11,372,0.000,0.00,0.00,0.0,84.4,0.0,97.98,58.46,0.00,25.8,0.0,0.000,1063.2,22.0,0,1789.7,1789.7,20.0
2026-02-03 22:40:04.212,227.05,27.89,369,0.000,0.00,0.00,0.0,84.4,0.0,97.98,58.46,0.00,25.8,0.0,0.000,1063.2,22.0,0,1797.5,1797.5,20.0
2026-02-03 22:40:04.261,228.05,27.68,367,0.000,0.00,0.00,0.0,84.4,0.0,97.98,58.46,0.00,25.8,0.0,0.000,1063.2,22.0,0,1805.2,1805.2,20.0
2026-02-03 22:40:04.312,229.05,27.46,364,0.000,0.00,0.00,0.0,84.4,0.0,97.98,58.46,0.00,25.8,0.0,0.000,1063.2,22.0,0,1812.8,1812.8,20.0
2026-02-03 22:40:04.362,230.05,27.25,361,0.000,0.00,0.00,0.0,84.4,0.0,97.98,58.46,0.00,25.8,0.0,0.000,1063.2,22.0,0,1820.4,1820.4,20.0
2026-02-03 22:40:04.412,231.05,27.04,358,0.000,0.00,0.00,0.0,84.4,0.0,97.98,58.46,0.00,25.8,0.0,0.000,1063.2,22.0,0,1827.9,1827.9,20.0
2026-02-03 22:40:04.462,232.05,26.82,355,0.000,0.00,0.00,0.0,84.4,0.0,97.98,58.46,0.00,25.8,0.0,0.000,1063.2,22.0,0,1835.3,1835.3,20.0
2026-02-03 22:40:04.512,233.05,26.92,357,2.970,6.19,0.00,122.8,89.5,0.0,97.97,58.15,6.19,25.8,359.8,0.295,1063.1,22.0,0,1842.8,1842.8,20.0
2026-02-03 22:40:04.562,234.05,27.02,358,2.954,6.15,0.00,122.6,89.5,0.0,97.96,58.15,6.15,25.8,357.8,0.293,1063.0,22.0,0,1850.3,1850.3,20.0
2026-02-03 22:40:04.612,235.05,26.81,355,0.000,0.00,0.00,0.0,84.4,0.0,97.96,58.46,0.00,25.8,0.0,0.000,1063.0,22.0,0,1857.8,1857.8,20.0
2026-02-03 22:40:04.662,236.05,26.91,356,2.972,6.19,0.00,122.8,89.5,0.0,97.96,58.15,6.19,25.8,360.0,0.295,1062.9,22.0,0,1865.2,1865.2,20.0
2026-02-03 22:40:04.711,237.05,27.01,358,2.955,6.16,0.00,122.6,89.5,0.0,97.95,58.15,6.16,25.8,358.0,0.293,1062.8,22.0,0,1872.8,1872.8,20.0
2026-02-03 22:40:04.762,238.05,26.80,355,0.000,0.00,0.00,0.0,84.4,0.0,97.95,58.46,0.00,25.8,0.0,0.000,1062.8,22.0,0,1880.2,1880.2,20.0
2026-02-03 22:40:04.812,239.05,26.90,356,2.974,6.20,0.00,122.9,89.5,0.0,97.94,58.14,6.20,25.8,360.2,0.295,1062.7,22.0,0,1887.7,1887.7,20.0
2026-02-03 22:40:04.862,240.05,27.00,358,2.957,6.16,0.00,122.7,89.5,0.0,97.93,58.14,6.16,25.8,358.2,0.293,1062.6,22.0,0,1895.2,1895.2,20.0
2026-02-03 22:40:04.912,241.05,26.79,355,0.000,0.00,0.00,0.0,84.4,0.0,97.93,58.45,0.00,25.8,0.0,0.000,1062.6,22.0,0,1902.6,1902.6,20.0
2026-02-03 22:40:04.962,242.05,27.03,358,4.228,8.81,0.00,172.1,90.8,0.0,97.92,58.01,8.81,25.8,511.0,0.419,1062.5,22.0,0,1910.1,1910.1,20.0
2026-02-03 22:40:05.012,243.05,27.25,361,4.097,8.54,0.00,168.5,90.7,0.0,97.91,58.02,8.54,25.8,495.2,0.406,1062.3,22.0,0,1917.7,1917.7,20.0
2026-02-03 22:40:05.062,244.05,27.46,364,4.047,8.43,0.00,167.9,90.6,0.0,97.90,58.03,8.43,25.8,489.3,0.402,1062.2,22.0,0,1925.3,1925.3,20.0
2026-02-03 22:40:05.112,245.05,27.66,366,3.923,8.17,0.00,164.3,90.5,0.0,97.89,58.04,8.17,25.8,474.4,0.389,1062.1,22.0,0,1933.0,1933.0,20.0
2026-02-03 22:40:05.161,246.05,27.86,369,3.879,8.08,0.00,163.7,90.5,0.0,97.88,58.04,8.08,25.8,469.0,0.385,1061.9,22.0,0,1940.7,1940.7,20.0
2026-02-03 22:40:05.212,247.05,28.04,371,3.762,7.84,0.00,160.1,90.3,0.0,97.87,58.05,7.84,25.8,455.0,0.373,1061.8,22.0,0,1948.5,1948.5,20.0
2026-02-03 22:40:05.262,248.05,28.13,373,2.847,5.93,0.00,121.9,90.4,0.0,97.86,58.14,5.93,25.8,344.8,0.282,1061.7,22.0,0,1956.3,1956.3,20.0
2026-02-03 22:40:05.312,249.05,28.21,374,2.832,5.90,0.00,121.7,90.4,0.0,97.85,58.14,5.90,25.8,343.1,0.281,1061.6,22.0,0,1964.2,1964.2,20.0
2026-02-03 22:40:05.362,250.05,28.29,375,2.819,5.87,0.00,121.4,90.3,0.0,97.84,58.14,5.87,25.8,341.4,0.280,1061.5,22.0,0,1972.0,1972.0,20.0
2026-02-03 22:40:05.412,251.05,28.37,376,2.805,5.84,0.00,121.2,90.3,0.0,97.83,58.14,5.84,25.8,339.8,0.278,1061.4,22.0,0,1979.9,1979.9,20.0
2026-02-03 22:40:05.461,252.05,28.45,377,2.792,5.82,0.00,121.0,90.3,0.0,97.83,58.14,5.82,25.8,338.2,0.277,1061.3,22.0,0,1987.8,1987.8,20.0
2026-02-03 22:40:05.512,253.05,28.53,378,2.779,5.79,0.00,120.8,90.3,0.0,97.82,58.14,5.79,25.8,336.6,0.276,1061.2,22.0,0,1995.7,1995.7,20.0
2026-02-03 22:40:05.562,254.05,28.60,379,2.766,5.76,0.00,120.6,90.3,0.0,97.81,58.14,5.76,25.8,335.0,0.274,1061.1,22.0,0,2003.7,2003.7,20.0
2026-02-03 22:40:05.612,255.05,28.68,380,2.753,5.74,0.00,120.4,90.3,0.0,97.80,58.14,5.74,25.8,333.5,0.273,1061.0,22.0,0,2011.7,2011.7,20.0
2026-02-03 22:40:05.662,256.05,28.75,381,2.741,5.71,0.00,120.2,90.3,0.0,97.80,58.14,5.71,25.8,332.0,0.272,1061.0,22.0,0,2019.6,2019.6,20.0
2026-02-03 22:40:05.711,257.05,28.82,382,2.729,5.69,0.00,120.0,90.2,0.0,97.79,58.14,5.69,25.8,330.6,0.271,1060.9,22.0,0,2027.6,2027.6,20.0
2026-02-03 22:40:05.762,258.05,28.89,383,2.717,5.66,0.00,119.8,90.2,0.0,97.78,58.14,5.66,25.8,329.2,0.270,1060.8,22.0,0,2035.7,2035.7,20.0
2026-02-03 22:40:05.812,259.05,28.96,384,2.706,5.64,0.00,119.6,90.2,0.0,97.77,58.14,5.64,25.8,327.8,0.268,1060.7,22.0,0,2043.7,2043.7,20.0
2026-02-03 22:40:05.862,260.05,29.03,384,2.695,5.61,0.00,119.4,90.2,0.0,97.77,58.14,5.61,25.8,326.4,0.267,1060.6,22.0,0,2051.8,2051.8,20.0
2026-02-03 22:40:05.912,261.05,29.09,385,2.684,5.59,0.00,119.2,90.2,0.0,97.76,58.14,5.59,25.8,325.1,0.266,1060.5,22.0,0,2059.9,2059.9,20.0
2026-02-03 22:40:05.961,262.05,29.16,386,2.673,5.57,0.00,119.0,90.2,0.0,97.75,58.14,5.57,25.8,323.8,0.265,1060.4,22.0,0,2068.0,2068.0,20.0
2026-02-03 22:40:06.011,263.05,29.22,387,2.662,5.55,0.00,118.8,90.2,0.0,97.74,58.14,5.55,25.8,322.5,0.264,1060.3,22.0,0,2076.1,2076.1,20.0
2026-02-03 22:40:06.062,264.05,29.28,388,2.652,5.52,0.00,118.6,90.2,0.0,97.74,58.14,5.52,25.8,321.2,0.263,1060.2,22.0,0,2084.2,2084.2,20.0
2026-02-03 22:40:06.112,265.05,29.34,389,2.642,5.50,0.00,118.4,90.2,0.0,97.73,58.14,5.50,25.8,320.0,0.262,1060.1,22.0,0,2092.4,2092.4,20.0
2026-02-03 22:40:06.162,266.05,29.40,389,2.632,5.48,0.00,118.2,90.1,0.0,97.72,58.14,5.48,25.8,318.8,0.261,1060.1,22.0,0,2100.5,2100.5,20.0
2026-02-03 22:40:06.212,267.05,29.46,390,2.622,5.46,0.00,118.0,90.1,0.0,97.71,58.14,5.46,25.8,317.6,0.260,1060.0,22.0,0,2108.7,2108.7,20.0
2026-02-03 22:40:06.261,268.05,29.51,391,2.612,5.44,0.00,117.8,90.1,0.0,97.71,58.14,5.44,25.8,316.4,0.259,1059.9,22.0,0,2116.9,2116.9,20.0
2026-02-03 22:40:06.311,269.05,29.57,392,2.603,5.42,0.00,117.6,90.1,0.0,97.70,58.14,5.42,25.8,315.3,0.258,1059.8,22.0,0,2125.1,2125.1,20.0
2026-02-03 22:40:06.362,270.05,29.62,392,2.594,5.40,0.00,117.4,90.1,0.0,97.69,58.14,5.40,25.8,314.2,0.257,1059.7,22.0,0,2133.4,2133.4,20.0
2026-02-03 22:40:06.412,271.05,29.68,393,2.585,5.38,0.00,117.3,90.1,0.0,97.69,58.14,5.38,25.8,313.1,0.256,1059.6,22.0,0,2141.6,2141.6,20.0
2026-02-03 22:40:06.462,272.05,29.73,394,2.576,5.37,0.00,117.1,90.1,0.0,97.68,58.14,5.37,25.8,312.0,0.256,1059.5,22.0,0,2149.9,2149.9,20.0
2026-02-03 22:40:06.512,273.05,29.78,394,2.567,5.35,0.00,116.9,90.1,0.0,97.67,58.14,5.35,25.8,311.0,0.255,1059.4,22.0,0,2158.1,2158.1,20.0
2026-02-03 22:40:06.562,274.05,29.83,395,2.559,5.33,0.00,116.7,90.1,0.0,97.67,58.14,5.33,25.8,310.0,0.254,1059.4,22.0,0,2166.4,2166.4,20.0
2026-02-03 22:40:06.612,275.05,29.88,396,2.551,5.31,0.00,116.6,90.1,0.0,97.66,58.14,5.31,25.8,308.9,0.253,1059.3,22.0,0,2174.7,2174.7,20.0
2026-02-03 22:40:06.662,276.05,29.93,396,2.543,5.30,0.00,116.4,90.1,0.0,97.65,58.14,5.30,25.8,308.0,0.252,1059.2,22.0,0,2183.0,2183.0,20.0
2026-02-03 22:40:06.712,277.05,29.97,397,2.535,5.28,0.00,116.2,90.0,0.0,97.64,58.14,5.28,25.8,307.0,0.251,1059.1,22.0,0,2191.3,2191.3,20.0
2026-02-03 22:40:06.761,278.05,30.02,398,2.527,5.26,0.00,116.1,90.0,0.0,97.64,58.14,5.26,25.8,306.1,0.251,1059.0,22.0,0,2199.7,2199.7,20.0
2026-02-03 22:40:06.812,279.05,30.07,398,2.584,5.38,0.00,118.8,90.1,0.0,97.63,58.13,5.38,25.8,312.9,0.256,1058.9,22.0,0,2208.0,2208.0,20.0
2026-02-03 22:40:06.862,280.05,30.33,402,4.506,9.39,0.00,205.3,91.1,0.0,97.62,57.93,9.39,25.9,543.8,0.447,1058.8,22.0,0,2216.5,2216.5,20.0
2026-02-03 22:40:06.912,281.05,30.57,405,4.430,9.23,0.00,203.7,91.0,0.0,97.61,57.94,9.23,25.9,534.7,0.440,1058.6,22.0,0,2225.0,2225.0,20.0
2026-02-03 22:40:06.962,282.05,30.81,408,4.357,9.08,0.00,202.1,91.0,0.0,97.59,57.94,9.08,25.9,526.0,0.432,1058.5,22.0,0,2233.5,2233.5,20.0
2026-02-03 22:40:07.011,283.05,31.04,411,4.286,8.93,0.00,200.5,90.9,0.0,97.58,57.95,8.93,25.9,517.5,0.425,1058.3,22.0,0,2242.1,2242.1,20.0
2026-02-03 22:40:07.061,284.05,31.26,414,4.218,8.79,0.00,199.0,90.8,0.0,97.57,57.95,8.79,25.9,509.3,0.418,1058.2,22.0,0,2250.8,2250.8,20.0
2026-02-03 22:40:07.112,285.05,31.48,417,4.152,8.65,0.00,197.4,90.8,0.0,97.56,57.96,8.65,25.9,501.4,0.412,1058.1,22.0,0,2259.6,2259.6,20.0
2026-02-03 22:40:07.162,286.05,31.68,420,4.089,8.52,0.00,195.9,90.7,0.0,97.55,57.96,8.52,25.9,493.7,0.406,1057.9,22.0,0,2268.4,2268.4,20.0
2026-02-03 22:40:07.212,287.05,31.88,422,3.970,8.27,0.00,191.7,90.6,0.0,97.54,57.97,8.27,25.9,479.4,0.394,1057.8,22.0,0,2277.2,2277.2,20.0
2026-02-03 22:40:07.262,288.05,32.06,425,3.913,8.15,0.00,190.2,90.5,0.0,97.53,57.98,8.15,25.9,472.6,0.388,1057.7,22.0,0,2286.1,2286.1,20.0
2026-02-03 22:40:07.311,289.05,32.24,427,3.802,7.92,0.00,186.2,90.4,0.0,97.52,57.99,7.92,25.9,459.3,0.377,1057.5,22.0,0,2295.1,2295.1,20.0
2026-02-03 22:40:07.361,290.05,32.41,429,3.752,7.82,0.00,184.8,90.3,0.0,97.50,57.99,7.82,25.9,453.3,0.372,1057.4,22.0,0,2304.1,2304.1,20.0
2026-02-03 22:40:07.412,291.05,32.56,431,3.649,7.60,0.00,180.9,90.2,0.0,97.49,58.00,7.60,25.9,440.9,0.362,1057.3,22.0,0,2313.1,2313.1,20.0
2026-02-03 22:40:07.462,292.05,32.72,433,3.604,7.51,0.00,179.6,90.2,0.0,97.48,58.00,7.51,25.9,435.5,0.358,1057.2,22.0,0,2322.2,2322.2,20.0
2026-02-03 22:40:07.512,293.05,32.86,435,3.508,7.31,0.00,175.8,90.1,0.0,97.48,58.01,7.31,25.9,423.9,0.348,1057.0,22.0,0,2331.3,2331.3,20.0
2026-02-03 22:40:07.562,294.05,32.99,437,3.468,7.23,0.00,174.7,90.0,0.0,97.47,58.01,7.23,25.9,419.2,0.344,1056.9,22.0,0,2340.5,2340.5,20.0
2026-02-03 22:40:07.611,295.05,33.13,439,3.430,7.15,0.00,173.5,90.0,0.0,97.46,58.02,7.15,25.9,414.6,0.340,1056.8,22.0,0,2349.7,2349.7,20.0
2026-02-03 22:40:07.661,296.05,33.25,440,3.342,6.96,0.00,169.9,89.9,0.0,97.45,58.02,6.96,25.9,403.9,0.331,1056.7,22.0,0,2358.9,2358.9,20.0
2026-02-03 22:40:07.712,297.05,33.37,442,3.308,6.89,0.00,168.9,89.9,0.0,97.44,58.02,6.89,25.9,399.9,0.328,1056.6,22.0,0,2368.2,2368.2,20.0
2026-02-03 22:40:07.762,298.05,33.48,443,3.225,6.72,0.00,165.4,89.8,0.0,97.43,58.03,6.72,25.9,389.9,0.320,1056.5,22.0,0,2377.5,2377.5,20.0
2026-02-03 22:40:07.812,299.05,33.58,445,3.195,6.66,0.00,164.5,89.7,0.0,97.42,58.03,6.66,25.9,386.3,0.317,1056.4,22.0,0,2386.8,2386.8,20.0
2026-02-03 22:40:07.862,300.05,33.68,446,3.166,6.60,0.00,163.6,89.7,0.0,97.41,58.04,6.60,25.9,382.8,0.314,1056.3,22.0,0,2396.2,2396.2,20.0
2026-02-03 22:40:07.912,301.05,33.78,447,3.090,6.44,0.00,160.2,89.6,0.0,97.40,58.04,6.44,25.9,373.6,0.307,1056.2,22.0,0,2405.6,2405.6,20.0
2026-02-03 22:40:07.962,302.05,33.87,449,3.064,6.38,0.00,159.4,89.6,0.0,97.39,58.04,6.38,25.9,370.6,0.304,1056.1,22.0,0,2415.0,2415.0,20.0
2026-02-03 22:40:08.012,303.05,33.96,450,3.040,6.33,0.00,158.6,89.6,0.0,97.39,58.04,6.33,25.9,367.6,0.302,1056.0,22.0,0,2424.4,2424.4,20.0
2026-02-03 22:40:08.061,304.05,34.04,451,3.017,6.28,0.00,157.8,89.6,0.0,97.38,58.05,6.28,25.9,364.8,0.299,1055.9,22.0,0,2433.9,2433.9,20.0
2026-02-03 22:40:08.112,305.05,34.12,452,2.946,6.14,0.00,154.7,89.5,0.0,97.37,58.05,6.14,25.9,356.3,0.292,1055.8,22.0,0,2443.4,2443.4,20.0
2026-02-03 22:40:08.162,306.05,34.19,453,2.926,6.10,0.00,154.0,89.5,0.0,97.36,58.05,6.10,25.9,353.9,0.290,1055.7,22.0,0,2452.9,2452.9,20.0
2026-02-03 22:40:08.212,307.05,34.27,454,2.906,6.05,0.00,153.3,89.4,0.0,97.35,58.05,6.05,25.9,351.5,0.288,1055.6,22.0,0,2462.4,2462.4,20.0
2026-02-03 22:40:08.262,308.05,34.34,455,2.887,6.02,0.00,152.7,89.4,0.0,97.35,58.05,6.02,25.9,349.2,0.286,1055.5,22.0,0,2471.9,2471.9,20.0
2026-02-03 22:40:08.312,309.05,34.40,456,2.822,5.88,0.00,148.0,90.3,0.0,97.34,58.06,5.88,25.9,341.4,0.280,1055.4,22.0,0,2481.5,2481.5,20.0
2026-02-03 22:40:08.361,310.05,34.46,457,2.806,5.85,0.00,147.5,90.3,0.0,97.33,58.06,5.85,25.9,339.4,0.278,1055.3,22.0,0,2491.0,2491.0,20.0
2026-02-03 22:40:08.412,311.05,34.52,457,2.790,5.81,0.00,146.9,90.3,0.0,97.32,58.06,5.81,25.9,337.5,0.277,1055.2,22.0,0,2500.6,2500.6,20.0
2026-02-03 22:40:08.462,312.05,34.58,458,2.775,5.78,0.00,146.4,90.3,0.0,97.31,58.06,5.78,25.9,335.6,0.275,1055.1,22.0,0,2510.2,2510.2,20.0
2026-02-03 22:40:08.512,313.05,34.63,459,2.760,5.75,0.00,145.9,90.3,0.0,97.31,58.06,5.75,25.9,333.8,0.274,1055.0,22.0,0,2519.9,2519.9,20.0
2026-02-03 22:40:08.561,314.05,34.69,460,2.745,5.72,0.00,145.3,90.3,0.0,97.30,58.06,5.72,25.9,332.1,0.272,1054.9,22.0,0,2529.5,2529.5,20.0
2026-02-03 22:40:08.612,315.05,34.74,460,2.687,5.60,0.00,142.6,90.2,0.0,97.29,58.07,5.60,25.9,325.0,0.267,1054.8,22.0,0,2539.1,2539.1,20.0
2026-02-03 22:40:08.662,316.05,34.78,461,2.675,5.57,0.00,142.1,90.2,0.0,97.28,58.07,5.57,25.9,323.5,0.265,1054.7,22.0,0,2548.8,2548.8,20.0
2026-02-03 22:40:08.712,317.05,34.83,461,2.663,5.55,0.00,141.7,90.2,0.0,97.28,58.07,5.55,25.9,322.1,0.264,1054.6,22.0,0,2558.5,2558.5,20.0
2026-02-03 22:40:08.762,318.05,34.87,462,2.651,5.52,0.00,141.3,90.2,0.0,97.27,58.07,5.52,25.9,320.7,0.263,1054.5,22.0,0,2568.2,2568.2,20.0
2026-02-03 22:40:08.811,319.05,34.91,463,2.640,5.50,0.00,140.9,90.2,0.0,97.26,58.07,5.50,25.9,319.4,0.262,1054.5,22.0,0,2577.9,2577.9,20.0
2026-02-03 22:40:08.862,320.05,34.95,463,2.630,5.48,0.00,140.5,90.1,0.0,97.26,58.07,5.48,25.9,318.1,0.261,1054.4,22.0,0,2587.6,2587.6,20.0
2026-02-03 22:40:08.912,321.05,34.99,464,2.619,5.46,0.00,140.1,90.1,0.0,97.25,58.06,5.46,25.9,316.8,0.260,1054.3,22.0,0,2597.3,2597.3,20.0
2026-02-03 22:40:08.962,322.05,35.03,464,2.609,5.44,0.00,139.8,90.1,0.0,97.24,58.06,5.44,25.9,315.6,0.259,1054.2,22.0,0,2607.0,2607.0,20.0
2026-02-03 22:40:09.011,323.05,35.06,465,2.556,5.32,0.00,137.2,90.1,0.0,97.23,58.07,5.32,25.9,309.2,0.254,1054.1,22.0,0,2616.8,2616.8,20.0
2026-02-03 22:40:09.062,324.05,35.10,465,2.548,5.31,0.00,136.9,90.1,0.0,97.23,58.07,5.31,25.9,308.2,0.253,1054.0,22.0,0,2626.5,2626.5,20.0
2026-02-03 22:40:09.112,325.05,35.13,465,2.540,5.29,0.00,136.6,90.1,0.0,97.22,58.07,5.29,25.9,307.3,0.252,1053.9,22.0,0,2636.3,2636.3,20.0
2026-02-03 22:40:09.162,326.05,35.16,466,2.532,5.28,0.00,136.3,90.0,0.0,97.21,58.07,5.28,25.9,306.3,0.251,1053.8,22.0,0,2646.0,2646.0,20.0
2026-02-03 22:40:09.211,327.05,35.19,466,2.525,5.26,0.00,136.0,90.0,0.0,97.21,58.07,5.26,25.9,305.4,0.250,1053.8,22.0,0,2655.8,2655.8,20.0
2026-02-03 22:40:09.262,328.05,35.21,467,2.517,5.24,0.00,135.8,90.0,0.0,97.20,58.07,5.24,25.9,304.5,0.250,1053.7,22.0,0,2665.6,2665.6,20.0
2026-02-03 22:40:09.312,329.05,35.24,467,2.510,5.23,0.00,135.5,90.0,0.0,97.19,58.07,5.23,25.9,303.7,0.249,1053.6,22.0,0,2675.4,2675.4,20.0
2026-02-03 22:40:09.362,330.05,35.27,467,2.504,5.22,0.00,135.2,90.0,0.0,97.19,58.07,5.22,25.9,302.9,0.248,1053.5,22.0,0,2685.2,2685.2,20.0
2026-02-03 22:40:09.412,331.05,35.29,468,2.497,5.20,0.00,135.0,90.0,0.0,97.18,58.07,5.20,25.9,302.1,0.248,1053.4,22.0,0,2695.0,2695.0,20.0
2026-02-03 22:40:09.461,332.05,35.32,468,2.491,5.19,0.00,134.8,90.0,0.0,97.17,58.07,5.19,25.9,301.3,0.247,1053.3,22.0,0,2704.8,2704.8,20.0
2026-02-03 22:40:09.512,333.05,35.34,468,2.484,5.18,0.00,134.5,90.0,0.0,97.16,58.06,5.18,25.9,300.5,0.246,1053.3,22.0,0,2714.6,2714.6,20.0
2026-02-03 22:40:09.562,334.05,35.36,468,2.436,5.08,0.00,132.1,89.9,0.0,97.16,58.07,5.08,25.9,294.7,0.242,1053.2,22.0,0,2724.4,2724.4,20.0
2026-02-03 22:40:09.612,335.05,35.30,468,1.677,3.49,0.00,91.8,89.1,0.0,97.15,58.15,3.49,25.9,203.2,0.166,1053.1,22.0,0,2734.2,2734.2,20.0
2026-02-03 22:40:09.661,336.05,35.24,467,1.688,3.52,0.00,92.2,89.1,0.0,97.15,58.15,3.52,25.9,204.4,0.167,1053.1,22.0,0,2744.0,2744.0,20.0
2026-02-03 22:40:09.712,337.05,35.18,466,1.698,3.54,0.00,92.6,89.2,0.0,97.14,58.14,3.54,25.9,205.7,0.168,1053.0,22.0,0,2753.8,2753.8,20.0
2026-02-03 22:40:09.762,338.05,35.12,465,1.708,3.56,0.00,92.9,89.2,0.0,97.14,58.14,3.56,25.9,206.9,0.169,1052.9,22.0,0,2763.5,2763.5,20.0
2026-02-03 22:40:09.812,339.05,35.07,465,1.718,3.58,0.00,93.3,89.2,0.0,97.13,58.14,3.58,25.9,208.0,0.170,1052.9,22.0,0,2773.3,2773.3,20.0
2026-02-03 22:40:09.862,340.05,35.01,464,1.727,3.60,0.00,93.7,89.2,0.0,97.13,58.14,3.60,25.9,209.2,0.171,1052.8,22.0,0,2783.0,2783.0,20.0
2026-02-03 22:40:09.911,341.05,34.96,463,1.737,3.62,0.00,94.0,89.2,0.0,97.13,58.14,3.62,25.9,210.3,0.172,1052.8,22.0,0,2792.7,2792.7,20.0
2026-02-03 22:40:09.962,342.05,34.90,462,1.746,3.64,0.00,94.4,89.2,0.0,97.12,58.13,3.64,25.9,211.4,0.173,1052.7,22.0,0,2802.4,2802.4,20.0
2026-02-03 22:40:10.012,343.05,34.85,462,1.755,3.66,0.00,94.7,89.2,0.0,97.12,58.13,3.66,25.9,212.5,0.174,1052.7,22.0,0,2812.1,2812.1,20.0
2026-02-03 22:40:10.062,344.05,34.80,461,1.763,3.67,0.00,95.0,89.2,0.0,97.11,58.13,3.67,25.9,213.6,0.175,1052.6,22.0,0,2821.8,2821.8,20.0
2026-02-03 22:40:10.112,345.05,34.75,460,1.772,3.69,0.00,95.3,89.2,0.0,97.11,58.13,3.69,25.9,214.6,0.176,1052.5,22.0,0,2831.4,2831.4,20.0
2026-02-03 22:40:10.161,346.05,34.70,460,1.780,3.71,0.00,95.6,89.2,0.0,97.10,58.13,3.71,25.9,215.6,0.177,1052.5,22.0,0,2841.1,2841.1,20.0
2026-02-03 22:40:10.212,347.05,34.66,459,1.789,3.73,0.00,95.9,89.3,0.0,97.10,58.13,3.73,25.9,216.6,0.177,1052.4,22.0,0,2850.7,2850.7,20.0
2026-02-03 22:40:10.262,348.05,34.61,459,1.797,3.74,0.00,96.2,89.3,0.0,97.09,58.12,3.74,25.9,217.6,0.178,1052.4,22.0,0,2860.3,2860.3,20.0
2026-02-03 22:40:10.312,349.05,34.56,458,1.805,3.76,0.00,96.5,89.3,0.0,97.09,58.12,3.76,25.9,218.5,0.179,1052.3,22.0,0,2869.9,2869.9,20.0
2026-02-03 22:40:10.362,350.05,34.52,457,1.812,3.78,0.00,96.8,89.3,0.0,97.08,58.12,3.78,25.9,219.4,0.180,1052.2,22.0,0,2879.5,2879.5,20.0
2026-02-03 22:40:10.412,351.05,34.48,457,1.820,3.79,0.00,97.1,89.3,0.0,97.08,58.12,3.79,25.9,220.4,0.181,1052.2,22.0,0,2889.1,2889.1,20.0
2026-02-03 22:40:10.462,352.05,34.43,456,1.827,3.81,0.00,97.3,89.3,0.0,97.07,58.12,3.81,25.9,221.2,0.181,1052.1,22.0,0,2898.6,2898.6,20.0
2026-02-03 22:40:10.512,353.05,34.39,456,1.835,3.82,0.00,97.6,89.3,0.0,97.07,58.12,3.82,25.9,222.1,0.182,1052.1,22.0,0,2908.2,2908.2,20.0
2026-02-03 22:40:10.562,354.05,34.35,455,1.842,3.84,0.00,97.8,89.3,0.0,97.06,58.11,3.84,25.9,223.0,0.183,1052.0,22.0,0,2917.7,2917.7,20.0
2026-02-03 22:40:10.611,355.05,34.31,455,1.849,3.85,0.00,98.1,89.3,0.0,97.06,58.11,3.85,25.9,223.8,0.183,1051.9,22.0,0,2927.3,2927.3,20.0
2026-02-03 22:40:10.662,356.05,34.27,454,1.855,3.87,0.00,98.3,89.3,0.0,97.05,58.11,3.87,25.9,224.6,0.184,1051.9,22.0,0,2936.8,2936.8,20.0
2026-02-03 22:40:10.712,357.05,34.23,454,1.862,3.88,0.00,98.5,89.3,0.0,97.05,58.11,3.88,25.9,225.4,0.185,1051.8,22.0,0,2946.3,2946.3,20.0
2026-02-03 22:40:10.762,358.05,34.20,453,1.868,3.89,0.00,98.8,89.3,0.0,97.04,58.11,3.89,25.9,226.2,0.185,1051.7,22.0,0,2955.8,2955.8,20.0
2026-02-03 22:40:10.812,359.05,34.16,453,1.875,3.91,0.00,99.0,89.3,0.0,97.04,58.11,3.91,25.9,226.9,0.186,1051.7,22.0,0,2965.3,2965.3,20.0
2026-02-03 22:40:10.861,360.05,34.12,452,1.881,3.92,0.00,99.2,89.4,0.0,97.03,58.11,3.92,25.9,227.7,0.187,1051.6,22.0,0,2974.7,2974.7,20.0
2026-02-03 22:40:10.912,361.05,34.09,452,1.887,3.93,0.00,99.4,89.4,0.0,97.02,58.10,3.93,25.9,228.4,0.187,1051.5,22.0,0,2984.2,2984.2,20.0
2026-02-03 22:40:10.962,362.05,34.05,451,1.893,3.94,0.00,99.6,89.4,0.0,97.02,58.10,3.94,25.9,229.1,0.188,1051.5,22.0,0,2993.7,2993.7,20.0
2026-02-03 22:40:11.012,363.05,34.02,451,1.899,3.96,0.00,99.8,89.4,0.0,97.01,58.10,3.96,25.9,229.8,0.188,1051.4,22.0,0,3003.1,3003.1,20.0
2026-02-03 22:40:11.061,364.05,34.07,451,2.666,5.55,0.00,138.8,90.2,0.0,97.01,58.02,5.55,25.9,322.3,0.265,1051.3,22.0,0,3012.6,3012.6,20.0
2026-02-03 22:40:11.111,365.05,34.11,452,2.655,5.53,0.00,138.4,90.2,0.0,97.00,58.02,5.53,25.9,320.9,0.263,1051.2,22.0,0,3022.1,3022.1,20.0
2026-02-03 22:40:11.162,366.05,34.16,453,2.644,5.51,0.00,138.0,90.2,0.0,96.99,58.02,5.51,25.9,319.6,0.262,1051.2,22.0,0,3031.6,3031.6,20.0
2026-02-03 22:40:11.212,367.05,34.20,453,2.633,5.49,0.00,137.7,90.1,0.0,96.99,58.02,5.49,25.9,318.3,0.261,1051.1,22.0,0,3041.1,3041.1,20.0
2026-02-03 22:40:11.262,368.05,34.25,454,2.623,5.46,0.00,137.3,90.1,0.0,96.98,58.02,5.46,25.9,317.0,0.260,1051.0,22.0,0,3050.6,3050.6,20.0
2026-02-03 22:40:11.311,369.05,34.29,454,2.613,5.44,0.00,137.0,90.1,0.0,96.97,58.02,5.44,25.9,315.8,0.259,1050.9,22.0,0,3060.1,3060.1,20.0
2026-02-03 22:40:11.362,370.05,34.33,455,2.603,5.42,0.00,136.6,90.1,0.0,96.96,58.02,5.42,25.9,314.6,0.258,1050.8,22.0,0,3069.6,3069.6,20.0
2026-02-03 22:40:11.412,371.05,34.37,455,2.593,5.40,0.00,136.3,90.1,0.0,96.96,58.02,5.40,25.9,313.5,0.257,1050.7,22.0,0,3079.2,3079.2,20.0
2026-02-03 22:40:11.462,372.05,34.40,456,2.538,5.29,0.00,133.6,90.0,0.0,96.95,58.02,5.29,25.9,306.8,0.252,1050.6,22.0,0,3088.7,3088.7,20.0
2026-02-03 22:40:11.511,373.05,34.43,456,2.530,5.27,0.00,133.4,90.0,0.0,96.94,58.02,5.27,25.9,305.8,0.251,1050.5,22.0,0,3098.3,3098.3,20.0
2026-02-03 22:40:11.562,374.05,34.46,457,2.523,5.26,0.00,133.1,90.0,0.0,96.94,58.02,5.26,25.9,304.9,0.250,1050.5,22.0,0,3107.9,3107.9,20.0
2026-02-03 22:40:11.612,375.05,34.49,457,2.515,5.24,0.00,132.9,90.0,0.0,96.93,58.02,5.24,25.9,304.1,0.250,1050.4,22.0,0,3117.5,3117.5,20.0
2026-02-03 22:40:11.662,376.05,34.52,457,2.508,5.23,0.00,132.6,90.0,0.0,96.92,58.02,5.23,25.9,303.2,0.249,1050.3,22.0,0,3127.0,3127.0,20.0
2026-02-03 22:40:11.711,377.05,34.55,458,2.501,5.21,0.00,132.4,90.0,0.0,96.91,58.02,5.21,25.9,302.4,0.248,1050.2,22.0,0,3136.6,3136.6,20.0
2026-02-03 22:40:11.762,378.05,34.58,458,2.495,5.20,0.00,132.1,90.0,0.0,96.91,58.02,5.20,25.9,301.6,0.247,1050.1,22.0,0,3146.2,3146.2,20.0
2026-02-03 22:40:11.812,379.05,34.61,458,2.488,5.18,0.00,131.9,90.0,0.0,96.90,58.02,5.18,25.9,300.8,0.247,1050.0,22.0,0,3155.9,3155.9,20.0
2026-02-03 22:40:11.862,380.05,34.63,459,2.482,5.17,0.00,131.7,90.0,0.0,96.89,58.02,5.17,25.9,300.0,0.246,1050.0,22.0,0,3165.5,3165.5,20.0
2026-02-03 22:40:11.912,381.05,34.66,459,2.476,5.16,0.00,131.5,90.0,0.0,96.89,58.02,5.16,25.9,299.3,0.246,1049.9,22.0,0,3175.1,3175.1,20.0
2026-02-03 22:40:11.961,382.05,34.68,459,2.470,5.15,0.00,131.3,90.0,0.0,96.88,58.02,5.15,25.9,298.5,0.245,1049.8,22.0,0,3184.7,3184.7,20.0
2026-02-03 22:40:12.012,383.05,34.70,460,2.419,5.04,0.00,128.7,89.9,0.0,96.87,58.02,5.04,25.9,292.4,0.240,1049.7,22.0,0,3194.4,3194.4,20.0
2026-02-03 22:40:12.062,384.05,34.72,460,2.415,5.03,0.00,128.6,89.9,0.0,96.87,58.02,5.03,25.9,291.9,0.240,1049.6,22.0,0,3204.0,3204.0,20.0
2026-02-03 22:40:12.112,385.05,34.74,460,2.410,5.02,0.00,128.4,89.9,0.0,96.86,58.02,5.02,25.9,291.4,0.239,1049.5,22.0,0,3213.7,3213.7,20.0
2026-02-03 22:40:12.162,386.05,34.69,460,1.782,3.71,0.00,95.7,89.3,0.0,96.86,58.09,3.71,25.9,215.7,0.177,1049.5,22.0,0,3223.3,3223.3,20.0
2026-02-03 22:40:12.211,387.05,34.45,456,0.000,0.00,0.00,0.0,84.4,0.0,96.86,58.27,0.00,25.9,0.0,0.000,1049.5,22.0,0,3232.9,3232.9,20.0
2026-02-03 22:40:12.262,388.05,34.22,453,0.000,0.00,0.00,0.0,84.4,0.0,96.86,58.27,0.00,25.9,0.0,0.000,1049.5,22.0,0,3242.4,3242.4,20.0
2026-02-03 22:40:12.312,389.05,33.98,450,0.000,0.00,0.00,0.0,84.4,0.0,96.86,58.27,0.00,25.9,0.0,0.000,1049.5,22.0,0,3251.8,3251.8,20.0
2026-02-03 22:40:12.362,390.05,33.75,447,0.000,0.00,0.00,0.0,84.4,0.0,96.86,58.27,0.00,25.9,0.0,0.000,1049.5,22.0,0,3261.2,3261.2,20.0
2026-02-03 22:40:12.411,391.05,33.52,444,0.000,0.00,0.00,0.0,84.4,0.0,96.86,58.27,0.00,25.9,0.0,0.000,1049.5,22.0,0,3270.5,3270.5,20.0
2026-02-03 22:40:12.462,392.05,33.28,441,0.000,0.00,0.00,0.0,84.4,0.0,96.86,58.27,0.00,25.9,0.0,0.000,1049.5,22.0,0,3279.8,3279.8,20.0
2026-02-03 22:40:12.512,393.05,33.05,438,0.000,0.00,0.00,0.0,84.4,0.0,96.86,58.27,0.00,25.9,0.0,0.000,1049.5,22.0,0,3288.9,3288.9,20.0
2026-02-03 22:40:12.562,394.05,32.82,435,0.000,0.00,0.00,0.0,84.4,0.0,96.86,58.27,0.00,25.9,0.0,0.000,1049.5,22.0,0,3298.1,3298.1,20.0
2026-02-03 22:40:12.612,395.05,32.59,432,0.000,0.00,0.00,0.0,84.4,0.0,96.86,58.27,0.00,25.9,0.0,0.000,1049.5,22.0,0,3307.1,3307.1,20.0
2026-02-03 22:40:12.661,396.05,32.36,429,0.000,0.00,0.00,0.0,84.4,0.0,96.86,58.27,0.00,25.9,0.0,0.000,1049.5,22.0,0,3316.1,3316.1,20.0
2026-02-03 22:40:12.712,397.05,32.13,426,0.000,0.00,0.00,0.0,84.4,0.0,96.86,58.27,0.00,25.9,0.0,0.000,1049.5,22.0,0,3325.0,3325.0,20.0
2026-02-03 22:40:12.762,398.05,31.90,423,0.000,0.00,0.00,0.0,84.4,0.0,96.86,58.27,0.00,25.9,0.0,0.000,1049.5,22.0,0,3333.9,3333.9,20.0
2026-02-03 22:40:12.812,399.05,31.67,420,0.000,0.00,0.00,0.0,84.4,0.0,96.86,58.27,0.00,25.9,0.0,0.000,1049.5,22.0,0,3342.7,3342.7,20.0
2026-02-03 22:40:12.861,400.05,31.45,417,0.000,0.00,0.00,0.0,84.4,0.0,96.86,58.27,0.00,25.9,0.0,0.000,1049.5,22.0,0,3351.4,3351.4,20.0
2026-02-03 22:40:12.912,401.05,31.22,414,0.000,0.00,0.00,0.0,84.4,0.0,96.86,58.27,0.00,25.9,0.0,0.000,1049.5,22.0,0,3360.1,3360.1,20.0
2026-02-03 22:40:12.962,402.05,31.00,411,0.000,0.00,0.00,0.0,84.4,0.0,96.86,58.27,0.00,25.9,0.0,0.000,1049.5,22.0,0,3368.7,3368.7,20.0
2026-02-03 22:40:13.012,403.05,31.03,411,2.418,5.04,0.00,115.0,89.9,0.0,96.85,58.02,5.04,25.9,292.3,0.240,1049.4,22.0,0,3377.3,3377.3,20.0
2026-02-03 22:40:13.061,404.05,31.06,411,2.413,5.03,0.00,114.9,89.9,0.0,96.84,58.02,5.03,25.9,291.6,0.239,1049.3,22.0,0,3385.9,3385.9,20.0
2026-02-03 22:40:13.111,405.05,30.83,408,0.000,0.00,0.00,0.0,84.4,0.0,96.84,58.27,0.00,25.9,0.0,0.000,1049.3,22.0,0,3394.5,3394.5,20.0
2026-02-03 22:40:13.162,406.05,30.61,405,0.000,0.00,0.00,0.0,84.4,0.0,96.84,58.27,0.00,25.9,0.0,0.000,1049.3,22.0,0,3403.0,3403.0,20.0
2026-02-03 22:40:13.212,407.05,30.39,403,0.000,0.00,0.00,0.0,84.4,0.0,96.84,58.27,0.00,25.9,0.0,0.000,1049.3,22.0,0,3411.5,3411.5,20.0
2026-02-03 22:40:13.262,408.05,30.16,400,0.000,0.00,0.00,0.0,84.4,0.0,96.84,58.27,0.00,25.9,0.0,0.000,1049.3,22.0,0,3419.8,3419.8,20.0
2026-02-03 22:40:13.311,409.05,29.94,397,0.000,0.00,0.00,0.0,84.4,0.0,96.84,58.27,0.00,25.9,0.0,0.000,1049.3,22.0,0,3428.1,3428.1,20.0
2026-02-03 22:40:13.362,410.05,29.72,394,0.000,0.00,0.00,0.0,84.4,0.0,96.84,58.27,0.00,25.9,0.0,0.000,1049.3,22.0,0,3436.4,3436.4,20.0
2026-02-03 22:40:13.412,411.05,29.50,391,0.000,0.00,0.00,0.0,84.4,0.0,96.84,58.27,0.00,25.9,0.0,0.000,1049.3,22.0,0,3444.6,3444.6,20.0
2026-02-03 22:40:13.462,412.05,29.28,388,0.000,0.00,0.00,0.0,84.4,0.0,96.84,58.27,0.00,25.9,0.0,0.000,1049.3,22.0,0,3452.7,3452.7,20.0
2026-02-03 22:40:13.511,413.05,29.06,385,0.000,0.00,0.00,0.0,84.4,0.0,96.84,58.27,0.00,25.9,0.0,0.000,1049.3,22.0,0,3460.8,3460.8,20.0
2026-02-03 22:40:13.561,414.05,28.84,382,0.000,0.00,0.00,0.0,84.4,0.0,96.84,58.27,0.00,25.9,0.0,0.000,1049.3,22.0,0,3468.8,3468.8,20.0
2026-02-03 22:40:13.612,415.05,28.62,379,0.000,0.00,0.00,0.0,84.4,0.0,96.84,58.27,0.00,25.9,0.0,0.000,1049.3,22.0,0,3476.8,3476.8,20.0
2026-02-03 22:40:13.662,416.05,28.40,376,0.000,0.00,0.00,0.0,84.4,0.0,96.84,58.27,0.00,25.9,0.0,0.000,1049.3,22.0,0,3484.7,3484.7,20.0
2026-02-03 22:40:13.712,417.05,28.19,373,0.000,0.00,0.00,0.0,84.4,0.0,96.84,58.27,0.00,25.9,0.0,0.000,1049.3,22.0,0,3492.5,3492.5,20.0
2026-02-03 22:40:13.762,418.05,27.97,370,0.000,0.00,0.00,0.0,84.4,0.0,96.84,58.27,0.00,25.9,0.0,0.000,1049.3,22.0,0,3500.3,3500.3,20.0
2026-02-03 22:40:13.811,419.05,27.76,368,0.000,0.00,0.00,0.0,84.4,0.0,96.84,58.27,0.00,25.9,0.0,0.000,1049.3,22.0,0,3508.0,3508.0,20.0
2026-02-03 22:40:13.862,420.05,27.54,365,0.000,0.00,0.00,0.0,84.4,0.0,96.84,58.27,0.00,25.9,0.0,0.000,1049.3,22.0,0,3515.6,3515.6,20.0
2026-02-03 22:40:13.912,421.05,27.33,362,0.000,0.00,0.00,0.0,84.4,0.0,96.84,58.27,0.00,25.9,0.0,0.000,1049.3,22.0,0,3523.2,3523.2,20.0
2026-02-03 22:40:13.962,422.05,27.11,359,0.000,0.00,0.00,0.0,84.4,0.0,96.84,58.27,0.00,25.9,0.0,0.000,1049.3,22.0,0,3530.7,3530.7,20.0
2026-02-03 22:40:14.011,423.05,26.90,356,0.000,0.00,0.00,0.0,84.4,0.0,96.84,58.27,0.00,25.9,0.0,0.000,1049.3,22.0,0,3538.2,3538.2,20.0
2026-02-03 22:40:14.061,424.05,26.69,353,0.000,0.00,0.00,0.0,84.4,0.0,96.84,58.27,0.00,25.9,0.0,0.000,1049.3,22.0,0,3545.6,3545.6,20.0
2026-02-03 22:40:14.112,425.05,26.47,351,0.000,0.00,0.00,0.0,84.4,0.0,96.84,58.27,0.00,25.9,0.0,0.000,1049.3,22.0,0,3553.0,3553.0,20.0
2026-02-03 22:40:14.162,426.05,26.26,348,0.000,0.00,0.00,0.0,84.4,0.0,96.84,58.27,0.00,25.9,0.0,0.000,1049.3,22.0,0,3560.3,3560.3,20.0
2026-02-03 22:40:14.212,427.05,26.05,345,0.000,0.00,0.00,0.0,84.4,0.0,96.84,58.27,0.00,25.9,0.0,0.000,1049.3,22.0,0,3567.5,3567.5,20.0
2026-02-03 22:40:14.262,428.05,25.84,342,0.000,0.00,0.00,0.0,84.4,0.0,96.84,58.27,0.00,25.9,0.0,0.000,1049.3,22.0,0,3574.7,3574.7,20.0
2026-02-03 22:40:14.311,429.05,25.63,339,0.000,0.00,0.00,0.0,84.4,0.0,96.84,58.27,0.00,25.9,0.0,0.000,1049.3,22.0,0,3581.8,3581.8,20.0
2026-02-03 22:40:14.362,430.05,25.42,337,0.000,0.00,0.00,0.0,84.4,0.0,96.84,58.27,0.00,25.9,0.0,0.000,1049.3,22.0,0,3588.9,3588.9,20.0
2026-02-03 22:40:14.412,431.05,25.21,334,0.000,0.00,0.00,0.0,84.4,0.0,96.84,58.27,0.00,25.9,0.0,0.000,1049.3,22.0,0,3595.9,3595.9,20.0
2026-02-03 22:40:14.462,432.05,25.00,331,0.000,0.00,0.00,0.0,84.4,0.0,96.84,58.27,0.00,25.9,0.0,0.000,1049.3,22.0,0,3602.8,3602.8,20.0
2026-02-03 22:40:14.512,433.05,25.43,337,6.012,12.52,0.00,221.5,93.7,0.0,96.83,57.64,12.52,25.9,721.9,0.596,1049.1,22.0,0,3609.9,3609.9,20.0
2026-02-03 22:40:14.561,434.05,25.85,342,5.884,12.26,0.00,220.6,93.6,0.0,96.81,57.65,12.26,25.9,706.7,0.584,1048.9,22.0,0,3617.1,3617.1,20.0
2026-02-03 22:40:14.612,435.05,26.25,348,5.761,12.00,0.00,219.6,93.6,0.0,96.79,57.66,12.00,25.9,692.1,0.572,1048.7,22.0,0,3624.3,3624.3,20.0
2026-02-03 22:40:14.662,436.05,26.63,353,5.643,11.76,0.00,221.5,92.3,0.0,96.78,57.67,11.76,25.9,677.9,0.560,1048.5,22.0,0,3631.7,3631.7,20.0
2026-02-03 22:40:14.712,437.05,27.01,358,5.528,11.52,0.00,220.4,92.2,0.0,96.76,57.68,11.52,25.9,664.3,0.548,1048.4,22.0,0,3639.2,3639.2,20.0
2026-02-03 22:40:14.762,438.05,27.37,362,5.417,11.29,0.00,219.3,92.1,0.0,96.75,57.69,11.29,25.9,651.0,0.537,1048.2,22.0,0,3646.8,3646.8,20.0
2026-02-03 22:40:14.811,439.05,27.71,367,5.310,11.06,0.00,218.1,92.0,0.0,96.73,57.70,11.06,25.9,638.3,0.527,1048.0,22.0,0,3654.5,3654.5,20.0
2026-02-03 22:40:14.862,440.05,28.05,372,5.206,10.85,0.00,216.8,91.9,0.0,96.72,57.71,10.85,25.9,625.9,0.516,1047.8,22.0,0,3662.3,3662.3,20.0
2026-02-03 22:40:14.912,441.05,28.38,376,5.106,10.64,0.00,215.5,91.7,0.0,96.70,57.71,10.64,25.9,614.0,0.507,1047.7,22.0,0,3670.2,3670.2,20.0
2026-02-03 22:40:14.962,442.05,28.69,380,5.010,10.44,0.00,214.1,91.6,0.0,96.69,57.72,10.44,25.9,602.5,0.497,1047.5,22.0,0,3678.2,3678.2,20.0
2026-02-03 22:40:15.012,443.05,28.99,384,4.917,10.24,0.00,212.7,91.6,0.0,96.68,57.73,10.24,25.9,591.3,0.488,1047.3,22.0,0,3686.2,3686.2,20.0
2026-02-03 22:40:15.062,444.05,29.28,388,4.827,10.06,0.00,211.2,91.5,0.0,96.66,57.74,10.06,26.0,580.6,0.479,1047.2,22.0,0,3694.4,3694.4,20.0
2026-02-03 22:40:15.112,445.05,29.57,392,4.740,9.87,0.00,209.7,91.4,0.0,96.65,57.74,9.87,26.0,570.2,0.470,1047.0,22.0,0,3702.6,3702.6,20.0
2026-02-03 22:40:15.162,446.05,29.84,395,4.656,9.70,0.00,208.2,91.3,0.0,96.64,57.75,9.70,26.0,560.2,0.462,1046.9,22.0,0,3710.9,3710.9,20.0
2026-02-03 22:40:15.212,447.05,30.10,399,4.510,9.40,0.00,203.8,91.1,0.0,96.63,57.76,9.40,26.0,542.7,0.447,1046.7,22.0,0,3719.2,3719.2,20.0
2026-02-03 22:40:15.261,448.05,30.34,402,4.370,9.10,0.00,199.5,91.0,0.0,96.61,57.78,9.10,26.0,526.0,0.434,1046.6,22.0,0,3727.7,3727.7,20.0
2026-02-03 22:40:15.312,449.05,30.56,405,4.238,8.83,0.00,195.3,90.8,0.0,96.60,57.79,8.83,26.0,510.2,0.420,1046.4,22.0,0,3736.2,3736.2,20.0
2026-02-03 22:40:15.362,450.05,30.78,408,4.173,8.69,0.00,193.9,90.8,0.0,96.59,57.79,8.69,26.0,502.5,0.414,1046.3,22.0,0,3744.7,3744.7,20.0
2026-02-03 22:40:15.412,451.05,30.99,410,4.050,8.44,0.00,189.8,90.6,0.0,96.58,57.80,8.44,26.0,487.7,0.402,1046.1,22.0,0,3753.3,3753.3,20.0
2026-02-03 22:40:15.462,452.05,31.18,413,3.992,8.32,0.00,188.5,90.6,0.0,96.57,57.81,8.32,26.0,480.8,0.396,1046.0,22.0,0,3762.0,3762.0,20.0
2026-02-03 22:40:15.511,453.05,31.37,416,3.877,8.08,0.00,184.5,90.5,0.0,96.56,57.82,8.08,26.0,467.0,0.385,1045.9,22.0,0,3770.7,3770.7,20.0
2026-02-03 22:40:15.562,454.05,31.39,416,2.355,4.91,0.00,113.4,89.9,0.0,96.55,57.98,4.91,26.0,284.4,0.234,1045.8,22.0,0,3779.4,3779.4,20.0
2026-02-03 22:40:15.612,455.05,31.42,416,2.351,4.90,0.00,113.3,89.9,0.0,96.54,57.97,4.90,26.0,283.9,0.233,1045.7,22.0,0,3788.1,3788.1,20.0
2026-02-03 22:40:15.662,456.05,31.44,416,2.347,4.89,0.00,113.2,89.8,0.0,96.54,57.97,4.89,26.0,283.4,0.233,1045.6,22.0,0,3796.9,3796.9,20.0
2026-02-03 22:40:15.712,457.05,31.21,413,0.000,0.00,0.00,0.0,84.4,0.0,96.54,58.22,0.00,26.0,0.0,0.000,1045.6,22.0,0,3805.5,3805.5,20.0
2026-02-03 22:40:15.762,458.05,30.99,410,0.000,0.00,0.00,0.0,84.4,0.0,96.54,58.22,0.00,26.0,0.0,0.000,1045.6,22.0,0,3814.1,3814.1,20.0
2026-02-03 22:40:15.811,459.05,30.76,407,0.000,0.00,0.00,0.0,84.4,0.0,96.54,58.22,0.00,26.0,0.0,0.000,1045.6,22.0,0,3822.7,3822.7,20.0
2026-02-03 22:40:15.862,460.05,30.54,405,0.000,0.00,0.00,0.0,84.4,0.0,96.54,58.22,0.00,26.0,0.0,0.000,1045.6,22.0,0,3831.2,3831.2,20.0
2026-02-03 22:40:15.912,461.05,30.32,402,0.000,0.00,0.00,0.0,84.4,0.0,96.54,58.22,0.00,26.0,0.0,0.000,1045.6,22.0,0,3839.6,3839.6,20.0
2026-02-03 22:40:15.962,462.05,30.09,399,0.000,0.00,0.00,0.0,84.4,0.0,96.54,58.22,0.00,26.0,0.0,0.000,1045.6,22.0,0,3848.0,3848.0,20.0
2026-02-03 22:40:16.011,463.05,29.87,396,0.000,0.00,0.00,0.0,84.4,0.0,96.54,58.22,0.00,26.0,0.0,0.000,1045.6,22.0,0,3856.3,3856.3,20.0
2026-02-03 22:40:16.061,464.05,29.65,393,0.000,0.00,0.00,0.0,84.4,0.0,96.54,58.22,0.00,26.0,0.0,0.000,1045.6,22.0,0,3864.5,3864.5,20.0
2026-02-03 22:40:16.112,465.05,29.43,390,0.000,0.00,0.00,0.0,84.4,0.0,96.54,58.22,0.00,26.0,0.0,0.000,1045.6,22.0,0,3872.7,3872.7,20.0
2026-02-03 22:40:16.162,466.05,29.21,387,0.000,0.00,0.00,0.0,84.4,0.0,96.54,58.22,0.00,26.0,0.0,0.000,1045.6,22.0,0,3880.8,3880.8,20.0
2026-02-03 22:40:16.212,467.05,28.99,384,0.000,0.00,0.00,0.0,84.4,0.0,96.54,58.22,0.00,26.0,0.0,0.000,1045.6,22.0,0,3888.8,3888.8,20.0
2026-02-03 22:40:16.262,468.05,28.77,381,0.000,0.00,0.00,0.0,84.4,0.0,96.54,58.22,0.00,26.0,0.0,0.000,1045.6,22.0,0,3896.8,3896.8,20.0
2026-02-03 22:40:16.312,469.05,28.55,378,0.000,0.00,0.00,0.0,84.4,0.0,96.54,58.22,0.00,26.0,0.0,0.000,1045.6,22.0,0,3904.8,3904.8,20.0
2026-02-03 22:40:16.362,470.05,28.34,375,0.000,0.00,0.00,0.0,84.4,0.0,96.54,58.22,0.00,26.0,0.0,0.000,1045.6,22.0,0,3912.6,3912.6,20.0
2026-02-03 22:40:16.412,471.05,28.12,372,0.000,0.00,0.00,0.0,84.4,0.0,96.54,58.22,0.00,26.0,0.0,0.000,1045.6,22.0,0,3920.4,3920.4,20.0
2026-02-03 22:40:16.462,472.05,27.90,370,0.000,0.00,0.00,0.0,84.4,0.0,96.54,58.22,0.00,26.0,0.0,0.000,1045.6,22.0,0,3928.2,3928.2,20.0
2026-02-03 22:40:16.511,473.05,27.98,371,2.796,5.82,0.00,119.2,90.3,0.0,96.53,57.93,5.82,26.0,337.4,0.277,1045.5,22.0,0,3936.0,3936.0,20.0
2026-02-03 22:40:16.562,474.05,28.06,372,2.783,5.80,0.00,119.0,90.3,0.0,96.52,57.93,5.80,26.0,335.8,0.276,1045.5,22.0,0,3943.8,3943.8,20.0
2026-02-03 22:40:16.612,475.05,27.85,369,0.000,0.00,0.00,0.0,84.4,0.0,96.52,58.22,0.00,26.0,0.0,0.000,1045.5,22.0,0,3951.5,3951.5,20.0
2026-02-03 22:40:16.662,476.05,27.93,370,2.805,5.84,0.00,119.3,90.3,0.0,96.52,57.92,5.84,26.0,338.5,0.278,1045.4,22.0,0,3959.2,3959.2,20.0
2026-02-03 22:40:16.712,477.05,28.01,371,2.792,5.82,0.00,119.1,90.3,0.0,96.51,57.92,5.82,26.0,336.9,0.277,1045.3,22.0,0,3967.0,3967.0,20.0
2026-02-03 22:40:16.761,478.05,27.79,368,0.000,0.00,0.00,0.0,84.4,0.0,96.51,58.21,0.00,26.0,0.0,0.000,1045.3,22.0,0,3974.7,3974.7,20.0
2026-02-03 22:40:16.811,479.05,27.87,369,2.814,5.86,0.00,119.4,90.3,0.0,96.50,57.92,5.86,26.0,339.5,0.279,1045.2,22.0,0,3982.5,3982.5,20.0
2026-02-03 22:40:16.862,480.05,27.96,370,2.800,5.83,0.00,119.3,90.3,0.0,96.49,57.92,5.83,26.0,337.9,0.278,1045.1,22.0,0,3990.3,3990.3,20.0
2026-02-03 22:40:16.912,481.05,28.04,371,2.787,5.81,0.00,119.1,90.3,0.0,96.48,57.92,5.81,26.0,336.3,0.277,1045.0,22.0,0,3998.0,3998.0,20.0
2026-02-03 22:40:16.962,482.05,27.82,368,0.000,0.00,0.00,0.0,84.4,0.0,96.48,58.21,0.00,26.0,0.0,0.000,1045.0,22.0,0,4005.8,4005.8,20.0
2026-02-03 22:40:17.012,483.05,27.90,370,2.809,5.85,0.00,119.4,90.3,0.0,96.48,57.92,5.85,26.0,339.0,0.279,1044.9,22.0,0,4013.5,4013.5,20.0
2026-02-03 22:40:17.061,484.05,27.98,371,2.796,5.83,0.00,119.2,90.3,0.0,96.47,57.92,5.83,26.0,337.4,0.277,1044.8,22.0,0,4021.3,4021.3,20.0
2026-02-03 22:40:17.112,485.05,28.06,372,2.783,5.80,0.00,119.0,90.3,0.0,96.46,57.92,5.80,26.0,335.8,0.276,1044.7,22.0,0,4029.1,4029.1,20.0
2026-02-03 22:40:17.162,486.05,27.84,369,0.000,0.00,0.00,0.0,84.4,0.0,96.46,58.21,0.00,26.0,0.0,0.000,1044.7,22.0,0,4036.8,4036.8,20.0
2026-02-03 22:40:17.212,487.05,27.93,370,2.805,5.84,0.00,119.3,90.3,0.0,96.45,57.91,5.84,26.0,338.5,0.278,1044.6,22.0,0,4044.6,4044.6,20.0
2026-02-03 22:40:17.262,488.05,28.01,371,2.792,5.82,0.00,119.1,90.3,0.0,96.45,57.91,5.82,26.0,336.9,0.277,1044.5,22.0,0,4052.4,4052.4,20.0
2026-02-03 22:40:17.312,489.05,28.33,375,5.120,10.67,0.00,215.7,91.8,0.0,96.43,57.67,10.67,26.0,615.1,0.508,1044.3,22.0,0,4060.2,4060.2,20.0
2026-02-03 22:40:17.361,490.05,28.65,379,5.023,10.46,0.00,214.3,91.7,0.0,96.42,57.68,10.46,26.0,603.5,0.498,1044.2,22.0,0,4068.2,4068.2,20.0
2026-02-03 22:40:17.412,491.05,28.95,383,4.929,10.27,0.00,212.9,91.6,0.0,96.40,57.68,10.27,26.0,592.3,0.489,1044.0,22.0,0,4076.2,4076.2,20.0
2026-02-03 22:40:17.462,492.05,29.25,387,4.839,10.08,0.00,211.4,91.5,0.0,96.39,57.69,10.08,26.0,581.5,0.480,1043.9,22.0,0,4084.4,4084.4,20.0
2026-02-03 22:40:17.512,493.05,29.53,391,4.751,9.90,0.00,209.9,91.4,0.0,96.38,57.70,9.90,26.0,571.1,0.471,1043.7,22.0,0,4092.6,4092.6,20.0
2026-02-03 22:40:17.562,494.05,29.80,395,4.667,9.72,0.00,208.4,91.3,0.0,96.37,57.70,9.72,26.0,561.0,0.463,1043.5,22.0,0,4100.8,4100.8,20.0
2026-02-03 22:40:17.611,495.05,30.07,398,4.586,9.55,0.00,206.8,91.2,0.0,96.35,57.71,9.55,26.0,551.3,0.455,1043.4,22.0,0,4109.2,4109.2,20.0
2026-02-03 22:40:17.662,496.05,30.32,402,4.507,9.39,0.00,205.3,91.1,0.0,96.34,57.72,9.39,26.0,541.9,0.447,1043.2,22.0,0,4117.6,4117.6,20.0
2026-02-03 22:40:17.712,497.05,30.57,405,4.431,9.23,0.00,203.7,91.0,0.0,96.33,57.72,9.23,26.0,532.9,0.440,1043.1,22.0,0,4126.1,4126.1,20.0
2026-02-03 22:40:17.762,498.05,30.81,408,4.358,9.08,0.00,202.1,91.0,0.0,96.32,57.73,9.08,26.0,524.1,0.432,1042.9,22.0,0,4134.7,4134.7,20.0
2026-02-03 22:40:17.812,499.05,31.04,411,4.287,8.93,0.00,200.6,90.9,0.0,96.30,57.73,8.93,26.0,515.6,0.425,1042.8,22.0,0,4143.3,4143.3,20.0
2026-02-03 22:40:17.862,500.05,31.26,414,4.219,8.79,0.00,199.0,90.8,0.0,96.29,57.74,8.79,26.0,507.5,0.419,1042.7,22.0,0,4152.0,4152.0,20.0
2026-02-03 22:40:17.911,501.05,31.47,417,4.153,8.65,0.00,197.4,90.8,0.0,96.28,57.74,8.65,26.0,499.6,0.412,1042.5,22.0,0,4160.7,4160.7,20.0
2026-02-03 22:40:17.962,502.05,31.68,420,4.089,8.52,0.00,195.9,90.7,0.0,96.27,57.75,8.52,26.0,492.0,0.406,1042.4,22.0,0,4169.5,4169.5,20.0
2026-02-03 22:40:18.012,503.05,31.87,422,3.970,8.27,0.00,191.7,90.6,0.0,96.26,57.76,8.27,26.0,477.7,0.394,1042.2,22.0,0,4178.4,4178.4,20.0
2026-02-03 22:40:18.062,504.05,32.06,425,3.914,8.15,0.00,190.2,90.5,0.0,96.25,57.76,8.15,26.0,471.0,0.388,1042.1,22.0,0,4187.3,4187.3,20.0
2026-02-03 22:40:18.112,505.05,32.24,427,3.803,7.92,0.00,186.2,90.4,0.0,96.24,57.77,7.92,26.0,457.7,0.377,1042.0,22.0,0,4196.2,4196.2,20.0
2026-02-03 22:40:18.161,506.05,32.41,429,3.753,7.82,0.00,184.8,90.3,0.0,96.23,57.78,7.82,26.0,451.7,0.372,1041.9,22.0,1,5.2,4205.2,20.0
2026-02-03 22:40:18.212,507.05,32.56,431,3.649,7.60,0.00,180.9,90.2,0.0,96.22,57.78,7.60,26.0,439.3,0.362,1041.7,22.0,1,14.3,4214.3,20.0
2026-02-03 22:40:18.262,508.05,32.71,433,3.605,7.51,0.00,179.6,90.2,0.0,96.21,57.79,7.51,26.0,434.0,0.358,1041.6,22.0,1,23.4,4223.4,20.0
2026-02-03 22:40:18.312,509.05,32.86,435,3.508,7.31,0.00,175.8,90.1,0.0,96.20,57.80,7.31,26.0,422.4,0.348,1041.5,22.0,1,32.5,4232.5,20.0
2026-02-03 22:40:18.361,510.05,32.99,437,3.469,7.23,0.00,174.7,90.0,0.0,96.19,57.80,7.23,26.0,417.7,0.344,1041.4,22.0,1,41.6,4241.6,20.0
2026-02-03 22:40:18.411,511.05,33.12,439,3.430,7.15,0.00,173.6,90.0,0.0,96.18,57.80,7.15,26.0,413.1,0.340,1041.3,22.0,1,50.8,4250.8,20.0
2026-02-03 22:40:18.462,512.05,33.25,440,3.342,6.96,0.00,169.9,89.9,0.0,96.17,57.81,6.96,26.0,402.5,0.332,1041.2,22.0,1,60.1,4260.1,20.0
2026-02-03 22:40:18.512,513.05,33.37,442,3.308,6.89,0.00,168.9,89.9,0.0,96.16,57.81,6.89,26.0,398.4,0.328,1041.1,22.0,1,69.4,4269.4,20.0
2026-02-03 22:40:18.562,514.05,33.47,443,3.225,6.72,0.00,165.4,89.8,0.0,96.15,57.82,6.72,26.0,388.5,0.320,1040.9,22.0,1,78.7,4278.7,20.0
2026-02-03 22:40:18.612,515.05,33.58,445,3.196,6.66,0.00,164.5,89.7,0.0,96.14,57.82,6.66,26.0,384.9,0.317,1040.8,22.0,1,88.0,4288.0,20.0
2026-02-03 22:40:18.662,516.05,33.68,446,3.167,6.60,0.00,163.6,89.7,0.0,96.13,57.82,6.60,26.0,381.5,0.314,1040.7,22.0,1,97.3,4297.3,20.0
2026-02-03 22:40:18.711,517.05,33.78,447,3.090,6.44,0.00,160.2,89.6,0.0,96.13,57.83,6.44,26.0,372.3,0.307,1040.6,22.0,1,106.7,4306.7,20.0
2026-02-03 22:40:18.762,518.05,33.87,449,3.065,6.39,0.00,159.4,89.6,0.0,96.12,57.83,6.39,26.0,369.2,0.304,1040.5,22.0,1,116.1,4316.1,20.0
2026-02-03 22:40:18.812,519.05,33.96,450,3.041,6.33,0.00,158.6,89.6,0.0,96.11,57.83,6.33,26.0,366.3,0.302,1040.4,22.0,1,125.6,4325.6,20.0
2026-02-03 22:40:18.862,520.05,34.04,451,3.017,6.29,0.00,157.8,89.6,0.0,96.10,57.83,6.29,26.0,363.5,0.299,1040.3,22.0,1,135.0,4335.0,20.0
2026-02-03 22:40:18.912,521.05,34.12,452,2.947,6.14,0.00,154.7,89.5,0.0,96.09,57.84,6.14,26.0,355.1,0.292,1040.2,22.0,1,144.5,4344.5,20.0
2026-02-03 22:40:18.962,522.05,34.19,453,2.926,6.10,0.00,154.0,89.5,0.0,96.08,57.84,6.10,26.0,352.6,0.290,1040.1,22.0,1,154.0,4354.0,20.0
2026-02-03 22:40:19.011,523.05,34.27,454,2.907,6.06,0.00,153.3,89.4,0.0,96.08,57.84,6.06,26.0,350.2,0.288,1040.0,22.0,1,163.5,4363.5,20.0
2026-02-03 22:40:19.061,524.05,34.34,455,2.888,6.02,0.00,152.7,89.4,0.0,96.07,57.84,6.02,26.0,347.9,0.286,1039.9,22.0,1,173.0,4373.0,20.0
2026-02-03 22:40:19.112,525.05,34.40,456,2.823,5.88,0.00,148.0,90.4,0.0,96.06,57.84,5.88,26.0,340.2,0.280,1039.8,22.0,1,182.6,4382.6,20.0
2026-02-03 22:40:19.162,526.05,34.46,457,2.806,5.85,0.00,147.5,90.3,0.0,96.05,57.84,5.85,26.0,338.2,0.278,1039.7,22.0,1,192.2,4392.2,20.0
2026-02-03 22:40:19.212,527.05,34.52,457,2.790,5.81,0.00,146.9,90.3,0.0,96.04,57.84,5.81,26.1,336.3,0.277,1039.6,22.0,1,201.8,4401.8,20.0
2026-02-03 22:40:19.262,528.05,34.58,458,2.775,5.78,0.00,146.4,90.3,0.0,96.04,57.85,5.78,26.1,334.4,0.275,1039.6,22.0,1,211.4,4411.4,20.0
2026-02-03 22:40:19.311,529.05,34.63,459,2.760,5.75,0.00,145.9,90.3,0.0,96.03,57.85,5.75,26.1,332.6,0.274,1039.5,22.0,1,221.0,4421.0,20.0
2026-02-03 22:40:19.361,530.05,34.69,460,2.746,5.72,0.00,145.4,90.3,0.0,96.02,57.85,5.72,26.1,330.9,0.272,1039.4,22.0,1,230.6,4430.6,20.0
2026-02-03 22:40:19.412,531.05,34.74,460,2.687,5.60,0.00,142.6,90.2,0.0,96.01,57.85,5.60,26.1,323.8,0.267,1039.3,22.0,1,240.3,4440.3,20.0
2026-02-03 22:40:19.462,532.05,34.78,461,2.675,5.57,0.00,142.1,90.2,0.0,96.01,57.85,5.57,26.1,322.4,0.265,1039.2,22.0,1,249.9,4449.9,20.0
2026-02-03 22:40:19.512,533.05,34.83,461,2.663,5.55,0.00,141.7,90.2,0.0,96.00,57.85,5.55,26.1,320.9,0.264,1039.1,22.0,1,259.6,4459.6,20.0
2026-02-03 22:40:19.562,534.05,34.87,462,2.652,5.52,0.00,141.3,90.2,0.0,95.99,57.85,5.52,26.1,319.6,0.263,1039.0,22.0,1,269.3,4469.3,20.0
2026-02-03 22:40:19.611,535.05,34.82,461,1.760,3.67,0.00,94.9,89.2,0.0,95.99,57.94,3.67,26.1,212.5,0.175,1039.0,22.0,1,279.0,4479.0,20.0
2026-02-03 22:40:19.662,536.05,34.77,461,1.769,3.69,0.00,95.2,89.2,0.0,95.98,57.94,3.69,26.1,213.5,0.175,1038.9,22.0,1,288.6,4488.6,20.0
2026-02-03 22:40:19.712,537.05,34.72,460,1.777,3.70,0.00,95.5,89.2,0.0,95.98,57.94,3.70,26.1,214.6,0.176,1038.8,22.0,1,298.3,4498.3,20.0
2026-02-03 22:40:19.762,538.05,34.67,459,1.786,3.72,0.00,95.8,89.3,0.0,95.97,57.94,3.72,26.1,215.5,0.177,1038.8,22.0,1,307.9,4507.9,20.0
2026-02-03 22:40:19.812,539.05,34.63,459,1.794,3.74,0.00,96.1,89.3,0.0,95.97,57.94,3.74,26.1,216.5,0.178,1038.7,22.0,1,317.5,4517.5,20.0
2026-02-03 22:40:19.861,540.05,34.58,458,1.802,3.75,0.00,96.4,89.3,0.0,95.96,57.93,3.75,26.1,217.5,0.179,1038.7,22.0,1,327.1,4527.1,20.0
2026-02-03 22:40:19.912,541.05,34.53,458,1.810,3.77,0.00,96.7,89.3,0.0,95.96,57.93,3.77,26.1,218.4,0.180,1038.6,22.0,1,336.7,4536.7,20.0
2026-02-03 22:40:19.962,542.05,34.30,454,0.000,0.00,0.00,0.0,84.4,0.0,95.96,58.12,0.00,26.1,0.0,0.000,1038.6,22.0,1,346.2,4546.2,20.0
2026-02-03 22:40:20.012,543.05,34.06,451,0.000,0.00,0.00,0.0,84.4,0.0,95.96,58.12,0.00,26.0,0.0,0.000,1038.6,22.0,1,355.7,4555.7,20.0
2026-02-03 22:40:20.062,544.05,33.83,448,0.000,0.00,0.00,0.0,84.4,0.0,95.96,58.12,0.00,26.0,0.0,0.000,1038.6,22.0,1,365.1,4565.1,20.0
2026-02-03 22:40:20.111,545.05,33.80,448,1.937,4.04,0.00,101.1,89.4,0.0,95.95,57.92,4.04,26.0,233.7,0.192,1038.5,22.0,1,374.5,4574.5,20.0
2026-02-03 22:40:20.162,546.05,33.77,447,1.942,4.05,0.00,101.3,89.4,0.0,95.95,57.92,4.05,26.0,234.3,0.193,1038.5,22.0,1,383.9,4583.9,20.0
2026-02-03 22:40:20.212,547.05,33.74,447,1.947,4.06,0.00,101.4,89.4,0.0,95.94,57.92,4.06,26.0,234.9,0.193,1038.4,22.0,1,393.2,4593.2,20.0
2026-02-03 22:40:20.262,548.05,33.72,447,1.951,4.07,0.00,101.6,89.4,0.0,95.94,57.91,4.07,26.0,235.4,0.194,1038.3,22.0,1,402.6,4602.6,20.0
2026-02-03 22:40:20.311,549.05,33.69,446,1.956,4.08,0.00,101.7,89.4,0.0,95.93,57.91,4.08,26.0,236.0,0.194,1038.3,22.0,1,412.0,4612.0,20.0
2026-02-03 22:40:20.361,550.05,33.66,446,1.960,4.08,0.00,101.9,89.4,0.0,95.93,57.91,4.08,26.0,236.5,0.194,1038.2,22.0,1,421.3,4621.3,20.0
2026-02-03 22:40:20.412,551.05,33.64,446,1.965,4.09,0.00,102.0,89.4,0.0,95.92,57.91,4.09,26.0,237.1,0.195,1038.1,22.0,1,430.7,4630.7,20.0
2026-02-03 22:40:20.462,552.05,33.61,445,1.969,4.10,0.00,102.2,89.4,0.0,95.91,57.91,4.10,26.0,237.6,0.195,1038.1,22.0,1,440.0,4640.0,20.0
2026-02-03 22:40:20.512,553.05,33.59,445,1.973,4.11,0.00,102.3,89.5,0.0,95.91,57.91,4.11,26.0,238.1,0.196,1038.0,22.0,1,449.3,4649.3,20.0
2026-02-03 22:40:20.561,554.05,33.57,445,1.977,4.12,0.00,102.4,89.5,0.0,95.90,57.91,4.12,26.0,238.6,0.196,1037.9,22.0,1,458.7,4658.7,20.0
2026-02-03 22:40:20.612,555.05,33.54,444,1.981,4.13,0.00,102.6,89.5,0.0,95.90,57.90,4.13,26.0,239.0,0.197,1037.9,22.0,1,468.0,4668.0,20.0
2026-02-03 22:40:20.662,556.05,33.52,444,1.985,4.14,0.00,102.7,89.5,0.0,95.89,57.90,4.14,26.0,239.5,0.197,1037.8,22.0,1,477.3,4677.3,20.0
2026-02-03 22:40:20.712,557.05,33.50,444,1.989,4.14,0.00,102.8,89.5,0.0,95.89,57.90,4.14,26.0,240.0,0.197,1037.7,22.0,1,486.6,4686.6,20.0
2026-02-03 22:40:20.762,558.05,33.48,444,1.993,4.15,0.00,102.9,89.5,0.0,95.88,57.90,4.15,26.0,240.4,0.198,1037.7,22.0,1,495.9,4695.9,20.0
2026-02-03 22:40:20.812,559.05,33.46,443,1.997,4.16,0.00,103.1,89.5,0.0,95.88,57.90,4.16,26.0,240.8,0.198,1037.6,22.0,1,505.2,4705.2,20.0
2026-02-03 22:40:20.862,560.05,33.53,444,2.900,6.04,0.00,149.7,89.4,0.0,95.87,57.80,6.04,26.0,349.3,0.288,1037.5,22.0,1,514.5,4714.5,20.0
2026-02-03 22:40:20.912,561.05,33.60,445,2.882,6.00,0.00,149.1,89.4,0.0,95.86,57.80,6.00,26.0,347.1,0.286,1037.4,22.0,1,523.8,4723.8,20.0
2026-02-03 22:40:20.962,562.05,33.67,446,2.864,5.97,0.00,146.9,90.4,0.0,95.85,57.80,5.97,26.0,344.9,0.284,1037.3,22.0,1,533.2,4733.2,20.0
2026-02-03 22:40:21.011,563.05,33.74,447,2.798,5.83,0.00,143.9,90.3,0.0,95.85,57.81,5.83,26.0,337.0,0.278,1037.2,22.0,1,542.6,4742.6,20.0
2026-02-03 22:40:21.062,564.05,33.80,448,2.783,5.80,0.00,143.4,90.3,0.0,95.84,57.81,5.80,26.0,335.1,0.276,1037.1,22.0,1,551.9,4751.9,20.0
2026-02-03 22:40:21.112,565.05,33.86,449,2.768,5.77,0.00,143.0,90.3,0.0,95.83,57.81,5.77,26.0,333.4,0.275,1037.0,22.0,1,561.3,4761.3,20.0
2026-02-03 22:40:21.162,566.05,33.91,449,2.754,5.74,0.00,142.5,90.3,0.0,95.82,57.81,5.74,26.0,331.6,0.273,1036.9,22.0,1,570.8,4770.8,20.0
2026-02-03 22:40:21.212,567.05,33.97,450,2.740,5.71,0.00,142.0,90.3,0.0,95.81,57.81,5.71,26.1,330.0,0.272,1036.9,22.0,1,580.2,4780.2,20.0
2026-02-03 22:40:21.261,568.05,34.02,451,2.726,5.68,0.00,141.6,90.2,0.0,95.81,57.81,5.68,26.1,328.3,0.270,1036.8,22.0,1,589.7,4789.7,20.0
2026-02-03 22:40:21.311,569.05,34.07,451,2.665,5.55,0.00,138.8,90.2,0.0,95.80,57.82,5.55,26.1,321.0,0.264,1036.7,22.0,1,599.1,4799.1,20.0
2026-02-03 22:40:21.362,570.05,34.12,452,2.654,5.53,0.00,138.4,90.2,0.0,95.79,57.82,5.53,26.1,319.7,0.263,1036.6,22.0,1,608.6,4808.6,20.0
2026-02-03 22:40:21.412,571.05,34.16,453,2.643,5.51,0.00,138.0,90.2,0.0,95.79,57.82,5.51,26.1,318.4,0.262,1036.5,22.0,1,618.1,4818.1,20.0
2026-02-03 22:40:21.462,572.05,34.13,452,1.880,3.92,0.00,99.2,89.4,0.0,95.78,57.90,3.92,26.1,226.8,0.187,1036.4,22.0,1,627.6,4827.6,20.0
2026-02-03 22:40:21.511,573.05,34.09,452,1.886,3.93,0.00,99.4,89.4,0.0,95.77,57.89,3.93,26.1,227.5,0.187,1036.4,22.0,1,637.0,4837.0,20.0
2026-02-03 22:40:21.562,574.05,34.06,451,1.892,3.94,0.00,99.6,89.4,0.0,95.77,57.89,3.94,26.1,228.2,0.188,1036.3,22.0,1,646.5,4846.5,20.0
2026-02-03 22:40:21.612,575.05,33.82,448,0.000,0.00,0.00,0.0,84.4,0.0,95.77,58.09,0.00,26.1,0.0,0.000,1036.3,22.0,1,655.9,4855.9,20.0
2026-02-03 22:40:21.662,576.05,33.59,445,0.000,0.00,0.00,0.0,84.4,0.0,95.77,58.09,0.00,26.0,0.0,0.000,1036.3,22.0,1,665.2,4865.2,20.0
2026-02-03 22:40:21.712,577.05,33.36,442,0.000,0.00,0.00,0.0,84.4,0.0,95.77,58.09,0.00,26.0,0.0,0.000,1036.3,22.0,1,674.5,4874.5,20.0
2026-02-03 22:40:21.762,578.05,33.12,439,0.000,0.00,0.00,0.0,84.4,0.0,95.77,58.09,0.00,26.0,0.0,0.000,1036.3,22.0,1,683.7,4883.7,20.0
2026-02-03 22:40:21.812,579.05,32.89,436,0.000,0.00,0.00,0.0,84.4,0.0,95.77,58.09,0.00,26.0,0.0,0.000,1036.3,22.0,1,692.8,4892.8,20.0
2026-02-03 22:40:21.862,580.05,32.66,433,0.000,0.00,0.00,0.0,84.4,0.0,95.77,58.09,0.00,26.0,0.0,0.000,1036.3,22.0,1,701.9,4901.9,20.0
2026-02-03 22:40:21.911,581.05,32.43,430,0.000,0.00,0.00,0.0,84.4,0.0,95.77,58.09,0.00,26.0,0.0,0.000,1036.3,22.0,1,710.9,4910.9,20.0
2026-02-03 22:40:21.961,582.05,32.20,427,0.000,0.00,0.00,0.0,84.4,0.0,95.77,58.09,0.00,26.0,0.0,0.000,1036.3,22.0,1,719.9,4919.9,20.0
2026-02-03 22:40:22.012,583.05,31.97,424,0.000,0.00,0.00,0.0,84.4,0.0,95.77,58.09,0.00,26.0,0.0,0.000,1036.3,22.0,1,728.7,4928.7,20.0
2026-02-03 22:40:22.062,584.05,31.75,421,0.000,0.00,0.00,0.0,84.4,0.0,95.77,58.09,0.00,26.0,0.0,0.000,1036.3,22.0,1,737.6,4937.6,20.0
2026-02-03 22:40:22.112,585.05,31.52,418,0.000,0.00,0.00,0.0,84.4,0.0,95.77,58.09,0.00,26.0,0.0,0.000,1036.3,22.0,1,746.3,4946.3,20.0
2026-02-03 22:40:22.162,586.05,31.29,415,0.000,0.00,0.00,0.0,84.4,0.0,95.77,58.09,0.00,26.0,0.0,0.000,1036.3,22.0,1,755.0,4955.0,20.0
2026-02-03 22:40:22.211,587.05,31.07,412,0.000,0.00,0.00,0.0,84.4,0.0,95.77,58.09,0.00,26.0,0.0,0.000,1036.3,22.0,1,763.6,4963.6,20.0
2026-02-03 22:40:22.262,588.05,30.84,409,0.000,0.00,0.00,0.0,84.4,0.0,95.77,58.09,0.00,26.0,0.0,0.000,1036.3,22.0,1,772.2,4972.2,20.0
2026-02-03 22:40:22.312,589.05,30.88,409,2.444,5.09,0.00,115.6,90.0,0.0,95.76,57.83,5.09,26.0,294.5,0.242,1036.2,22.0,1,780.8,4980.8,20.0
2026-02-03 22:40:22.362,590.05,30.91,409,2.438,5.08,0.00,115.5,89.9,0.0,95.76,57.83,5.08,26.0,293.8,0.242,1036.1,22.0,1,789.4,4989.4,20.0
2026-02-03 22:40:22.412,591.05,30.94,410,2.432,5.07,0.00,115.3,89.9,0.0,95.75,57.83,5.07,26.0,293.1,0.241,1036.1,22.0,1,798.0,4998.0,20.0
2026-02-03 22:40:22.461,592.05,30.98,410,2.427,5.06,0.00,115.2,89.9,0.0,95.74,57.83,5.06,26.0,292.4,0.241,1036.0,22.0,1,806.6,5006.6,20.0
2026-02-03 22:40:22.512,593.05,31.01,411,2.421,5.04,0.00,115.1,89.9,0.0,95.74,57.83,5.04,26.0,291.7,0.240,1035.9,22.0,1,815.2,5015.2,20.0
2026-02-03 22:40:22.562,594.05,31.04,411,2.416,5.03,0.00,114.9,89.9,0.0,95.73,57.83,5.03,26.0,291.1,0.240,1035.8,22.0,1,823.8,5023.8,20.0
2026-02-03 22:40:22.612,595.05,30.82,408,0.000,0.00,0.00,0.0,84.4,0.0,95.73,58.08,0.00,26.0,0.0,0.000,1035.8,22.0,1,832.4,5032.4,20.0
2026-02-03 22:40:22.662,596.05,30.59,405,0.000,0.00,0.00,0.0,84.4,0.0,95.73,58.08,0.00,26.0,0.0,0.000,1035.8,22.0,1,840.9,5040.9,20.0
2026-02-03 22:40:22.712,597.05,30.37,402,0.000,0.00,0.00,0.0,84.4,0.0,95.73,58.08,0.00,26.0,0.0,0.000,1035.8,22.0,1,849.3,5049.3,20.0
2026-02-03 22:40:22.762,598.05,30.14,399,0.000,0.00,0.00,0.0,84.4,0.0,95.73,58.08,0.00,26.0,0.0,0.000,1035.8,22.0,1,857.7,5057.7,20.0
2026-02-03 22:40:22.812,599.05,29.92,396,0.000,0.00,0.00,0.0,84.4,0.0,95.73,58.08,0.00,26.0,0.0,0.000,1035.8,22.0,1,866.0,5066.0,20.0
2026-02-03 22:40:22.862,600.05,29.97,397,2.535,5.28,0.00,116.2,90.0,0.0,95.72,57.82,5.28,26.0,305.4,0.252,1035.7,22.0,1,874.3,5074.3,20.0
2026-02-03 22:40:22.911,601.05,30.02,398,2.527,5.27,0.00,116.1,90.0,0.0,95.72,57.82,5.27,26.0,304.4,0.251,1035.6,22.0,1,882.6,5082.6,20.0
2026-02-03 22:40:22.961,602.05,29.79,395,0.000,0.00,0.00,0.0,84.4,0.0,95.72,58.08,0.00,26.0,0.0,0.000,1035.6,22.0,1,890.9,5090.9,20.0
2026-02-03 22:40:23.012,603.05,29.84,395,2.556,5.33,0.00,116.7,90.1,0.0,95.71,57.81,5.33,26.0,307.9,0.254,1035.6,22.0,1,899.2,5099.2,20.0
2026-02-03 22:40:23.062,604.05,29.89,396,2.548,5.31,0.00,116.5,90.1,0.0,95.70,57.81,5.31,26.0,306.9,0.253,1035.5,22.0,1,907.5,5107.5,20.0
2026-02-03 22:40:23.112,605.05,29.94,397,2.540,5.29,0.00,116.3,90.1,0.0,95.69,57.81,5.29,26.0,305.9,0.252,1035.4,22.0,1,915.8,5115.8,20.0
2026-02-03 22:40:23.162,606.05,29.99,397,2.532,5.28,0.00,116.2,90.0,0.0,95.69,57.81,5.28,26.0,305.0,0.251,1035.3,22.0,1,924.2,5124.2,20.0
2026-02-03 22:40:23.211,607.05,30.03,398,2.525,5.26,0.00,116.0,90.0,0.0,95.68,57.81,5.26,26.0,304.1,0.250,1035.2,22.0,1,932.5,5132.5,20.0
2026-02-03 22:40:23.262,608.05,29.81,395,0.000,0.00,0.00,0.0,84.4,0.0,95.68,58.07,0.00,26.0,0.0,0.000,1035.2,22.0,1,940.8,5140.8,20.0
2026-02-03 22:40:23.312,609.05,29.86,396,2.554,5.32,0.00,116.6,90.1,0.0,95.67,57.81,5.32,26.0,307.5,0.253,1035.1,22.0,1,949.1,5149.1,20.0
2026-02-03 22:40:23.362,610.05,29.91,396,2.545,5.30,0.00,116.5,90.1,0.0,95.67,57.81,5.30,26.0,306.6,0.253,1035.1,22.0,1,957.4,5157.4,20.0
2026-02-03 22:40:23.412,611.05,29.96,397,2.537,5.29,0.00,116.3,90.1,0.0,95.66,57.81,5.29,26.0,305.6,0.252,1035.0,22.0,1,965.7,5165.7,20.0
2026-02-03 22:40:23.462,612.05,30.00,397,2.530,5.27,0.00,116.1,90.0,0.0,95.65,57.81,5.27,26.0,304.6,0.251,1034.9,22.0,1,974.0,5174.0,20.0
2026-02-03 22:40:23.511,613.05,29.78,394,0.000,0.00,0.00,0.0,84.4,0.0,95.65,58.07,0.00,26.0,0.0,0.000,1034.9,22.0,1,982.3,5182.3,20.0
2026-02-03 22:40:23.562,614.05,29.83,395,2.559,5.33,0.00,116.7,90.1,0.0,95.65,57.80,5.33,26.0,308.1,0.254,1034.8,22.0,1,990.6,5190.6,20.0
2026-02-03 22:40:23.612,615.05,29.88,396,2.550,5.31,0.00,116.6,90.1,0.0,95.64,57.80,5.31,26.0,307.1,0.253,1034.7,22.0,1,998.9,5198.9,20.0
2026-02-03 22:40:23.662,616.05,29.93,396,2.542,5.30,0.00,116.4,90.1,0.0,95.63,57.80,5.30,26.0,306.1,0.252,1034.6,22.0,1,1007.2,5207.2,20.0
2026-02-03 22:40:23.711,617.05,30.19,400,4.549,9.48,0.00,206.1,91.2,0.0,95.62,57.59,9.48,26.0,545.8,0.451,1034.5,22.0,1,1015.6,5215.6,20.0
2026-02-03 22:40:23.761,618.05,30.44,403,4.472,9.32,0.00,204.5,91.1,0.0,95.61,57.60,9.32,26.0,536.6,0.444,1034.3,22.0,1,1024.0,5224.0,20.0
2026-02-03 22:40:23.812,619.05,30.68,406,4.397,9.16,0.00,203.0,91.0,0.0,95.59,57.60,9.16,26.0,527.6,0.436,1034.2,22.0,1,1032.6,5232.6,20.0
2026-02-03 22:40:23.862,620.05,30.92,410,4.325,9.01,0.00,201.4,90.9,0.0,95.58,57.61,9.01,26.0,519.0,0.429,1034.0,22.0,1,1041.2,5241.2,20.0
2026-02-03 22:40:23.912,621.05,31.14,413,4.255,8.87,0.00,199.8,90.9,0.0,95.57,57.61,8.87,26.1,510.7,0.422,1033.9,22.0,1,1049.8,5249.8,20.0
2026-02-03 22:40:23.962,622.05,31.36,415,4.188,8.73,0.00,198.3,90.8,0.0,95.56,57.62,8.73,26.1,502.7,0.415,1033.8,22.0,1,1058.5,5258.5,20.0
2026-02-03 22:40:24.012,623.05,31.57,418,4.123,8.59,0.00,196.7,90.7,0.0,95.55,57.62,8.59,26.1,495.0,0.409,1033.6,22.0,1,1067.3,5267.3,20.0
2026-02-03 22:40:24.061,624.05,31.77,421,4.061,8.46,0.00,195.2,90.7,0.0,95.54,57.63,8.46,26.1,487.5,0.403,1033.5,22.0,1,1076.1,5276.1,20.0
2026-02-03 22:40:24.112,625.05,31.96,423,3.943,8.21,0.00,191.0,90.5,0.0,95.53,57.64,8.21,26.1,473.5,0.391,1033.4,22.0,1,1085.0,5285.0,20.0
2026-02-03 22:40:24.162,626.05,32.15,426,3.887,8.10,0.00,189.5,90.5,0.0,95.52,57.64,8.10,26.1,466.8,0.386,1033.2,22.0,1,1093.9,5293.9,20.0
2026-02-03 22:40:24.212,627.05,32.32,428,3.778,7.87,0.00,185.5,90.4,0.0,95.50,57.65,7.87,26.1,453.7,0.375,1033.1,22.0,1,1102.9,5302.9,20.0
2026-02-03 22:40:24.262,628.05,32.49,430,3.728,7.77,0.00,184.1,90.3,0.0,95.49,57.65,7.77,26.1,447.8,0.370,1033.0,22.0,1,1111.9,5311.9,20.0
2026-02-03 22:40:24.312,629.05,32.64,432,3.626,7.55,0.00,180.2,90.2,0.0,95.48,57.66,7.55,26.1,435.6,0.360,1032.8,22.0,1,1121.0,5321.0,20.0
2026-02-03 22:40:24.361,630.05,32.79,434,3.582,7.46,0.00,179.0,90.2,0.0,95.47,57.67,7.46,26.1,430.4,0.355,1032.7,22.0,1,1130.1,5330.1,20.0
2026-02-03 22:40:24.412,631.05,32.93,436,3.487,7.26,0.00,175.2,90.1,0.0,95.46,57.67,7.26,26.1,419.0,0.346,1032.6,22.0,1,1139.3,5339.3,20.0
2026-02-03 22:40:24.462,632.05,33.06,438,3.448,7.18,0.00,174.1,90.0,0.0,95.46,57.68,7.18,26.1,414.3,0.342,1032.5,22.0,1,1148.4,5348.4,20.0
2026-02-03 22:40:24.512,633.05,33.19,440,3.359,7.00,0.00,170.4,89.9,0.0,95.45,57.69,7.00,26.1,403.7,0.333,1032.4,22.0,1,1157.7,5357.7,20.0
2026-02-03 22:40:24.562,634.05,33.31,441,3.325,6.93,0.00,169.4,89.9,0.0,95.44,57.69,6.93,26.1,399.5,0.330,1032.3,22.0,1,1166.9,5366.9,20.0
2026-02-03 22:40:24.611,635.05,33.42,443,3.291,6.86,0.00,168.4,89.8,0.0,95.43,57.69,6.86,26.1,395.6,0.327,1032.2,22.0,1,1176.2,5376.2,20.0
2026-02-03 22:40:24.662,636.05,33.53,444,3.209,6.69,0.00,164.9,89.8,0.0,95.42,57.70,6.69,26.1,385.7,0.318,1032.1,22.0,1,1185.5,5385.5,20.0
2026-02-03 22:40:24.712,637.05,33.64,446,3.180,6.62,0.00,164.0,89.7,0.0,95.41,57.70,6.62,26.1,382.2,0.315,1032.0,22.0,1,1194.8,5394.8,20.0
2026-02-03 22:40:24.762,638.05,33.74,447,3.152,6.57,0.00,163.1,89.7,0.0,95.40,57.70,6.57,26.1,378.9,0.313,1031.8,22.0,1,1204.2,5404.2,20.0
2026-02-03 22:40:24.811,639.05,33.83,448,3.076,6.41,0.00,159.8,89.6,0.0,95.39,57.71,6.41,26.1,369.7,0.305,1031.7,22.0,1,1213.6,5413.6,20.0
2026-02-03 22:40:24.862,640.05,33.92,449,3.051,6.36,0.00,159.0,89.6,0.0,95.38,57.71,6.36,26.1,366.8,0.303,1031.6,22.0,1,1223.0,5423.0,20.0
2026-02-03 22:40:24.912,641.05,34.00,450,3.027,6.31,0.00,158.2,89.6,0.0,95.38,57.71,6.31,26.1,363.9,0.300,1031.5,22.0,1,1232.5,5432.5,20.0
2026-02-03 22:40:24.962,642.05,34.08,452,2.956,6.16,0.00,155.0,89.5,0.0,95.37,57.71,6.16,26.1,355.5,0.293,1031.4,22.0,1,1242.0,5442.0,20.0
2026-02-03 22:40:25.012,643.05,34.16,453,2.936,6.12,0.00,154.3,89.5,0.0,95.36,57.71,6.12,26.1,353.0,0.291,1031.3,22.0,1,1251.4,5451.4,20.0
2026-02-03 22:40:25.061,644.05,34.23,454,2.916,6.07,0.00,153.6,89.5,0.0,95.35,57.72,6.07,26.1,350.6,0.289,1031.2,22.0,1,1260.9,5460.9,20.0
2026-02-03 22:40:25.112,645.05,34.19,453,1.869,3.89,0.00,98.8,89.3,0.0,95.35,57.82,3.89,26.1,225.1,0.185,1031.2,22.0,1,1270.4,5470.4,20.0
2026-02-03 22:40:25.162,646.05,33.96,450,0.000,0.00,0.00,0.0,84.4,0.0,95.35,58.02,0.00,26.1,0.0,0.000,1031.2,22.0,1,1279.9,5479.9,20.0
2026-02-03 22:40:25.212,647.05,33.73,447,0.000,0.00,0.00,0.0,84.4,0.0,95.35,58.02,0.00,26.1,0.0,0.000,1031.2,22.0,1,1289.2,5489.2,20.0
2026-02-03 22:40:25.261,648.05,33.49,444,0.000,0.00,0.00,0.0,84.4,0.0,95.35,58.02,0.00,26.1,0.0,0.000,1031.2,22.0,1,1298.6,5498.6,20.0
2026-02-03 22:40:25.312,649.05,33.26,441,0.000,0.00,0.00,0.0,84.4,0.0,95.35,58.02,0.00,26.1,0.0,0.000,1031.2,22.0,1,1307.8,5507.8,20.0
2026-02-03 22:40:25.362,650.05,33.03,438,0.000,0.00,0.00,0.0,84.4,0.0,95.35,58.02,0.00,26.1,0.0,0.000,1031.2,22.0,1,1317.0,5517.0,20.0
2026-02-03 22:40:25.412,651.05,32.80,434,0.000,0.00,0.00,0.0,84.4,0.0,95.35,58.02,0.00,26.1,0.0,0.000,1031.2,22.0,1,1326.1,5526.1,20.0
2026-02-03 22:40:25.461,652.05,32.57,431,0.000,0.00,0.00,0.0,84.4,0.0,95.35,58.02,0.00,26.1,0.0,0.000,1031.2,22.0,1,1335.1,5535.1,20.0
2026-02-03 22:40:25.512,653.05,32.34,428,0.000,0.00,0.00,0.0,84.4,0.0,95.35,58.02,0.00,26.1,0.0,0.000,1031.2,22.0,1,1344.1,5544.1,20.0
2026-02-03 22:40:25.562,654.05,32.11,425,0.000,0.00,0.00,0.0,84.4,0.0,95.35,58.02,0.00,26.1,0.0,0.000,1031.2,22.0,1,1353.0,5553.0,20.0
2026-02-03 22:40:25.612,655.05,31.88,422,0.000,0.00,0.00,0.0,84.4,0.0,95.35,58.02,0.00,26.1,0.0,0.000,1031.2,22.0,1,1361.9,5561.9,20.0
2026-02-03 22:40:25.661,656.05,31.65,419,0.000,0.00,0.00,0.0,84.4,0.0,95.35,58.02,0.00,26.1,0.0,0.000,1031.2,22.0,1,1370.7,5570.7,20.0
2026-02-03 22:40:25.712,657.05,31.43,416,0.000,0.00,0.00,0.0,84.4,0.0,95.35,58.02,0.00,26.1,0.0,0.000,1031.2,22.0,1,1379.4,5579.4,20.0
2026-02-03 22:40:25.762,658.05,31.20,413,0.000,0.00,0.00,0.0,84.4,0.0,95.35,58.02,0.00,26.1,0.0,0.000,1031.2,22.0,1,1388.1,5588.1,20.0
2026-02-03 22:40:25.811,659.05,30.97,410,0.000,0.00,0.00,0.0,84.4,0.0,95.35,58.02,0.00,26.1,0.0,0.000,1031.2,22.0,1,1396.7,5596.7,20.0
2026-02-03 22:40:25.862,660.05,30.75,407,0.000,0.00,0.00,0.0,84.4,0.0,95.35,58.02,0.00,26.1,0.0,0.000,1031.2,22.0,1,1405.2,5605.2,20.0
2026-02-03 22:40:25.912,661.05,30.53,404,0.000,0.00,0.00,0.0,84.4,0.0,95.35,58.02,0.00,26.1,0.0,0.000,1031.2,22.0,1,1413.7,5613.7,20.0
2026-02-03 22:40:25.962,662.05,30.30,401,0.000,0.00,0.00,0.0,84.4,0.0,95.35,58.02,0.00,26.1,0.0,0.000,1031.2,22.0,1,1422.1,5622.1,20.0
2026-02-03 22:40:26.011,663.05,30.08,398,0.000,0.00,0.00,0.0,84.4,0.0,95.35,58.02,0.00,26.1,0.0,0.000,1031.2,22.0,1,1430.5,5630.5,20.0
2026-02-03 22:40:26.062,664.05,29.86,395,0.000,0.00,0.00,0.0,84.4,0.0,95.35,58.02,0.00,26.1,0.0,0.000,1031.2,22.0,1,1438.8,5638.8,20.0
2026-02-03 22:40:26.112,665.05,29.64,393,0.000,0.00,0.00,0.0,84.4,0.0,95.35,58.02,0.00,26.1,0.0,0.000,1031.2,22.0,1,1447.0,5647.0,20.0
2026-02-03 22:40:26.162,666.05,29.42,390,0.000,0.00,0.00,0.0,84.4,0.0,95.35,58.02,0.00,26.1,0.0,0.000,1031.2,22.0,1,1455.2,5655.2,20.0
2026-02-03 22:40:26.212,667.05,29.20,387,0.000,0.00,0.00,0.0,84.4,0.0,95.35,58.02,0.00,26.1,0.0,0.000,1031.2,22.0,1,1463.3,5663.3,20.0
2026-02-03 22:40:26.262,668.05,28.98,384,0.000,0.00,0.00,0.0,84.4,0.0,95.35,58.02,0.00,26.1,0.0,0.000,1031.2,22.0,1,1471.3,5671.3,20.0
2026-02-03 22:40:26.312,669.05,28.76,381,0.000,0.00,0.00,0.0,84.4,0.0,95.35,58.02,0.00,26.1,0.0,0.000,1031.2,22.0,1,1479.3,5679.3,20.0
2026-02-03 22:40:26.362,670.05,28.54,378,0.000,0.00,0.00,0.0,84.4,0.0,95.35,58.02,0.00,26.1,0.0,0.000,1031.2,22.0,1,1487.2,5687.2,20.0
2026-02-03 22:40:26.411,671.05,28.32,375,0.000,0.00,0.00,0.0,84.4,0.0,95.35,58.02,0.00,26.1,0.0,0.000,1031.2,22.0,1,1495.1,5695.1,20.0
2026-02-03 22:40:26.462,672.05,28.11,372,0.000,0.00,0.00,0.0,84.4,0.0,95.35,58.02,0.00,26.1,0.0,0.000,1031.2,22.0,1,1502.9,5702.9,20.0
2026-02-03 22:40:26.512,673.05,27.89,369,0.000,0.00,0.00,0.0,84.4,0.0,95.35,58.02,0.00,26.1,0.0,0.000,1031.2,22.0,1,1510.7,5710.7,20.0
2026-02-03 22:40:26.561,674.05,27.67,367,0.000,0.00,0.00,0.0,84.4,0.0,95.35,58.02,0.00,26.1,0.0,0.000,1031.2,22.0,1,1518.3,5718.3,20.0
2026-02-03 22:40:26.612,675.05,27.46,364,0.000,0.00,0.00,0.0,84.4,0.0,95.35,58.02,0.00,26.1,0.0,0.000,1031.2,22.0,1,1526.0,5726.0,20.0
2026-02-03 22:40:26.662,676.05,27.25,361,0.000,0.00,0.00,0.0,84.4,0.0,95.35,58.02,0.00,26.1,0.0,0.000,1031.2,22.0,1,1533.5,5733.5,20.0
2026-02-03 22:40:26.712,677.05,27.03,358,0.000,0.00,0.00,0.0,84.4,0.0,95.35,58.02,0.00,26.1,0.0,0.000,1031.2,22.0,1,1541.0,5741.0,20.0
2026-02-03 22:40:26.762,678.05,26.82,355,0.000,0.00,0.00,0.0,84.4,0.0,95.35,58.02,0.00,26.1,0.0,0.000,1031.2,22.0,1,1548.5,5748.5,20.0
2026-02-03 22:40:26.811,679.05,26.61,352,0.000,0.00,0.00,0.0,84.4,0.0,95.35,58.02,0.00,26.0,0.0,0.000,1031.2,22.0,1,1555.9,5755.9,20.0
2026-02-03 22:40:26.862,680.05,26.98,357,5.536,11.53,0.00,220.5,92.2,0.0,95.33,57.44,11.53,26.1,662.4,0.549,1031.0,22.0,1,1563.4,5763.4,20.0
2026-02-03 22:40:26.912,681.05,27.33,362,5.347,11.14,0.00,216.4,92.0,0.0,95.32,57.46,11.14,26.1,640.0,0.530,1030.8,22.0,1,1571.0,5771.0,20.0
2026-02-03 22:40:26.962,682.05,27.67,366,5.168,10.77,0.00,212.4,91.8,0.0,95.30,57.47,10.77,26.1,618.7,0.513,1030.7,22.0,1,1578.7,5778.7,20.0
2026-02-03 22:40:27.012,683.05,27.98,371,4.997,10.41,0.00,208.2,91.6,0.0,95.29,57.49,10.41,26.1,598.5,0.496,1030.5,22.0,1,1586.4,5786.4,20.0
2026-02-03 22:40:27.062,684.05,28.28,375,4.834,10.07,0.00,204.1,91.5,0.0,95.28,57.50,10.07,26.1,579.1,0.480,1030.3,22.0,1,1594.3,5794.3,20.0
2026-02-03 22:40:27.112,685.05,28.56,378,4.679,9.75,0.00,200.0,91.3,0.0,95.26,57.52,9.75,26.1,560.7,0.464,1030.2,22.0,1,1602.2,5802.2,20.0
2026-02-03 22:40:27.162,686.05,28.82,382,4.532,9.44,0.00,195.9,91.2,0.0,95.25,57.53,9.44,26.1,543.1,0.450,1030.0,22.0,1,1610.2,5810.2,20.0
2026-02-03 22:40:27.211,687.05,29.06,385,4.391,9.15,0.00,191.9,91.0,0.0,95.24,57.54,9.15,26.1,526.4,0.436,1029.9,22.0,1,1618.3,5818.3,20.0
2026-02-03 22:40:27.261,688.05,29.30,388,4.256,8.87,0.00,187.9,90.9,0.0,95.23,57.55,8.87,26.1,510.3,0.422,1029.7,22.0,1,1626.4,5826.4,20.0
2026-02-03 22:40:27.312,689.05,29.52,391,4.195,8.74,0.00,186.8,90.8,0.0,95.21,57.56,8.74,26.1,503.0,0.416,1029.6,22.0,1,1634.6,5834.6,20.0
2026-02-03 22:40:27.362,690.05,29.73,394,4.069,8.48,0.00,182.9,90.7,0.0,95.20,57.57,8.48,26.1,488.1,0.404,1029.5,22.0,1,1642.9,5842.9,20.0
2026-02-03 22:40:27.412,691.05,29.93,396,3.949,8.23,0.00,179.0,90.5,0.0,95.19,57.58,8.23,26.1,473.7,0.392,1029.3,22.0,1,1651.2,5851.2,20.0
2026-02-03 22:40:27.461,692.05,30.12,399,3.899,8.12,0.00,178.0,90.5,0.0,95.18,57.58,8.12,26.1,467.7,0.387,1029.2,22.0,1,1659.6,5859.6,20.0
2026-02-03 22:40:27.512,693.05,30.30,401,3.786,7.89,0.00,174.1,90.4,0.0,95.17,57.59,7.89,26.1,454.2,0.376,1029.1,22.0,1,1668.0,5868.0,20.0
2026-02-03 22:40:27.562,694.05,30.35,402,2.536,5.28,0.00,117.7,90.0,0.0,95.16,57.72,5.28,26.1,305.0,0.252,1029.0,22.0,1,1676.4,5876.4,20.0
2026-02-03 22:40:27.612,695.05,30.39,403,2.528,5.27,0.00,117.6,90.0,0.0,95.16,57.72,5.27,26.1,304.1,0.251,1028.9,22.0,1,1684.9,5884.9,20.0
2026-02-03 22:40:27.662,696.05,30.43,403,2.521,5.25,0.00,117.4,90.0,0.0,95.15,57.72,5.25,26.1,303.1,0.250,1028.8,22.0,1,1693.3,5893.3,20.0
2026-02-03 22:40:27.711,697.05,30.48,404,2.513,5.24,0.00,117.2,90.0,0.0,95.14,57.72,5.24,26.1,302.2,0.249,1028.7,22.0,1,1701.8,5901.8,20.0
2026-02-03 22:40:27.762,698.05,30.25,401,0.000,0.00,0.00,0.0,84.4,0.0,95.14,57.98,0.00,26.1,0.0,0.000,1028.7,22.0,1,1710.2,5910.2,20.0
2026-02-03 22:40:27.812,699.05,30.03,398,0.000,0.00,0.00,0.0,84.4,0.0,95.14,57.98,0.00,26.1,0.0,0.000,1028.7,22.0,1,1718.5,5918.5,20.0
2026-02-03 22:40:27.862,700.05,29.81,395,0.000,0.00,0.00,0.0,84.4,0.0,95.14,57.98,0.00,26.1,0.0,0.000,1028.7,22.0,1,1726.8,5926.8,20.0
2026-02-03 22:40:27.911,701.05,29.59,392,0.000,0.00,0.00,0.0,84.4,0.0,95.14,57.98,0.00,26.1,0.0,0.000,1028.7,22.0,1,1735.0,5935.0,20.0
2026-02-03 22:40:27.962,702.05,29.37,389,0.000,0.00,0.00,0.0,84.4,0.0,95.14,57.98,0.00,26.1,0.0,0.000,1028.7,22.0,1,1743.2,5943.2,20.0
2026-02-03 22:40:28.012,703.05,29.15,386,0.000,0.00,0.00,0.0,84.4,0.0,95.14,57.98,0.00,26.1,0.0,0.000,1028.7,22.0,1,1751.3,5951.3,20.0
2026-02-03 22:40:28.062,704.05,28.93,383,0.000,0.00,0.00,0.0,84.4,0.0,95.14,57.98,0.00,26.1,0.0,0.000,1028.7,22.0,1,1759.3,5959.3,20.0
2026-02-03 22:40:28.111,705.05,28.71,380,0.000,0.00,0.00,0.0,84.4,0.0,95.14,57.98,0.00,26.1,0.0,0.000,1028.7,22.0,1,1767.3,5967.3,20.0
2026-02-03 22:40:28.162,706.05,28.49,377,0.000,0.00,0.00,0.0,84.4,0.0,95.14,57.98,0.00,26.1,0.0,0.000,1028.7,22.0,1,1775.2,5975.2,20.0
2026-02-03 22:40:28.212,707.05,28.28,375,0.000,0.00,0.00,0.0,84.4,0.0,95.14,57.98,0.00,26.1,0.0,0.000,1028.7,22.0,1,1783.1,5983.1,20.0
2026-02-03 22:40:28.262,708.05,28.06,372,0.000,0.00,0.00,0.0,84.4,0.0,95.14,57.98,0.00,26.1,0.0,0.000,1028.7,22.0,1,1790.9,5990.9,20.0
2026-02-03 22:40:28.311,709.05,27.84,369,0.000,0.00,0.00,0.0,84.4,0.0,95.14,57.98,0.00,26.1,0.0,0.000,1028.7,22.0,1,1798.6,5998.6,20.0
2026-02-03 22:40:28.362,710.05,27.63,366,0.000,0.00,0.00,0.0,84.4,0.0,95.14,57.98,0.00,26.1,0.0,0.000,1028.7,22.0,1,1806.3,6006.3,20.0
2026-02-03 22:40:28.412,711.05,27.41,363,0.000,0.00,0.00,0.0,84.4,0.0,95.14,57.98,0.00,26.1,0.0,0.000,1028.7,22.0,1,1813.9,6013.9,20.0
2026-02-03 22:40:28.462,712.05,27.20,360,0.000,0.00,0.00,0.0,84.4,0.0,95.14,57.98,0.00,26.1,0.0,0.000,1028.7,22.0,1,1821.4,6021.4,20.0
2026-02-03 22:40:28.512,713.05,26.99,357,0.000,0.00,0.00,0.0,84.4,0.0,95.14,57.98,0.00,26.1,0.0,0.000,1028.7,22.0,1,1828.9,6028.9,20.0
2026-02-03 22:40:28.561,714.05,27.08,359,2.944,6.13,0.00,122.5,89.5,0.0,95.14,57.68,6.13,26.1,353.7,0.292,1028.6,22.0,1,1836.5,6036.5,20.0
2026-02-03 22:40:28.612,715.05,26.87,356,0.000,0.00,0.00,0.0,84.4,0.0,95.14,57.98,0.00,26.1,0.0,0.000,1028.6,22.0,1,1843.9,6043.9,20.0
2026-02-03 22:40:28.662,716.05,26.97,357,2.962,6.17,0.00,122.7,89.5,0.0,95.13,57.67,6.17,26.1,355.9,0.294,1028.5,22.0,1,1851.4,6051.4,20.0
2026-02-03 22:40:28.712,717.05,27.07,359,2.946,6.14,0.00,122.5,89.5,0.0,95.12,57.67,6.14,26.1,354.0,0.292,1028.4,22.0,1,1858.9,6058.9,20.0
2026-02-03 22:40:28.762,718.05,26.86,356,0.000,0.00,0.00,0.0,84.4,0.0,95.12,57.98,0.00,26.1,0.0,0.000,1028.4,22.0,1,1866.4,6066.4,20.0
2026-02-03 22:40:28.812,719.05,26.96,357,2.964,6.18,0.00,122.7,89.5,0.0,95.11,57.67,6.18,26.1,356.2,0.294,1028.3,22.0,1,1873.9,6073.9,20.0
2026-02-03 22:40:28.862,720.05,27.06,358,2.948,6.14,0.00,122.6,89.5,0.0,95.10,57.67,6.14,26.1,354.2,0.292,1028.2,22.0,1,1881.4,6081.4,20.0
2026-02-03 22:40:28.911,721.05,26.85,356,0.000,0.00,0.00,0.0,84.4,0.0,95.10,57.98,0.00,26.1,0.0,0.000,1028.2,22.0,1,1888.9,6088.9,20.0
2026-02-03 22:40:28.961,722.05,26.95,357,2.966,6.18,0.00,122.8,89.5,0.0,95.09,57.67,6.18,26.1,356.4,0.294,1028.1,22.0,1,1896.3,6096.3,20.0
2026-02-03 22:40:29.012,723.05,27.05,358,2.950,6.15,0.00,122.6,89.5,0.0,95.09,57.67,6.15,26.1,354.4,0.293,1028.0,22.0,1,1903.9,6103.9,20.0
2026-02-03 22:40:29.062,724.05,27.27,361,4.092,8.53,0.00,168.4,90.7,0.0,95.08,57.55,8.53,26.1,490.6,0.406,1027.9,22.0,1,1911.4,6111.4,20.0
2026-02-03 22:40:29.112,725.05,27.48,364,4.043,8.42,0.00,167.8,90.6,0.0,95.06,57.55,8.42,26.1,484.7,0.401,1027.8,22.0,1,1919.1,6119.1,20.0
2026-02-03 22:40:29.162,726.05,27.68,367,3.919,8.16,0.00,164.2,90.5,0.0,95.05,57.56,8.16,26.1,470.0,0.389,1027.6,22.0,1,1926.8,6126.8,20.0
2026-02-03 22:40:29.212,727.05,27.87,369,3.800,7.92,0.00,160.6,90.4,0.0,95.04,57.57,7.92,26.1,455.8,0.377,1027.5,22.0,1,1934.5,6134.5,20.0
2026-02-03 22:40:29.262,728.05,28.05,372,3.760,7.83,0.00,160.1,90.3,0.0,95.03,57.57,7.83,26.1,451.0,0.373,1027.4,22.0,1,1942.3,6142.3,20.0
2026-02-03 22:40:29.312,729.05,28.14,373,2.845,5.93,0.00,121.8,90.4,0.0,95.02,57.67,5.93,26.1,341.8,0.282,1027.3,22.0,1,1950.1,6150.1,20.0
2026-02-03 22:40:29.362,730.05,28.22,374,2.831,5.90,0.00,121.6,90.4,0.0,95.02,57.67,5.90,26.1,340.1,0.281,1027.2,22.0,1,1957.9,6157.9,20.0
2026-02-03 22:40:29.412,731.05,28.30,375,2.817,5.87,0.00,121.4,90.3,0.0,95.01,57.67,5.87,26.1,338.4,0.279,1027.1,22.0,1,1965.8,6165.8,20.0
2026-02-03 22:40:29.462,732.05,28.38,376,2.803,5.84,0.00,121.2,90.3,0.0,95.00,57.67,5.84,26.1,336.8,0.278,1027.0,22.0,1,1973.7,6173.7,20.0
2026-02-03 22:40:29.512,733.05,28.46,377,2.790,5.81,0.00,121.0,90.3,0.0,94.99,57.67,5.81,26.1,335.2,0.277,1026.9,22.0,1,1981.6,6181.6,20.0
2026-02-03 22:40:29.561,734.05,28.54,378,2.777,5.79,0.00,120.8,90.3,0.0,94.99,57.67,5.79,26.1,333.7,0.276,1026.8,22.0,1,1989.5,6189.5,20.0
2026-02-03 22:40:29.612,735.05,28.61,379,2.764,5.76,0.00,120.6,90.3,0.0,94.98,57.67,5.76,26.1,332.1,0.274,1026.7,22.0,1,1997.5,6197.5,20.0
2026-02-03 22:40:29.662,736.05,28.69,380,2.752,5.73,0.00,120.4,90.3,0.0,94.97,57.67,5.73,26.1,330.6,0.273,1026.6,22.0,1,2005.4,6205.4,20.0
2026-02-03 22:40:29.712,737.05,28.76,381,2.740,5.71,0.00,120.1,90.3,0.0,94.96,57.67,5.71,26.1,329.2,0.272,1026.5,22.0,1,2013.4,6213.4,20.0
2026-02-03 22:40:29.761,738.05,28.83,382,2.728,5.68,0.00,119.9,90.3,0.0,94.96,57.67,5.68,26.1,327.7,0.271,1026.5,22.0,1,2021.4,6221.4,20.0
2026-02-03 22:40:29.812,739.05,28.90,383,2.716,5.66,0.00,119.7,90.2,0.0,94.95,57.67,5.66,26.1,326.3,0.269,1026.4,22.0,1,2029.5,6229.5,20.0
2026-02-03 22:40:29.862,740.05,28.97,384,2.705,5.63,0.00,119.5,90.2,0.0,94.94,57.67,5.63,26.1,324.9,0.268,1026.3,22.0,1,2037.5,6237.5,20.0
2026-02-03 22:40:29.912,741.05,29.03,385,2.693,5.61,0.00,119.3,90.2,0.0,94.93,57.67,5.61,26.1,323.6,0.267,1026.2,22.0,1,2045.6,6245.6,20.0
2026-02-03 22:40:29.961,742.05,29.10,385,2.682,5.59,0.00,119.1,90.2,0.0,94.93,57.67,5.59,26.1,322.3,0.266,1026.1,22.0,1,2053.7,6253.7,20.0
2026-02-03 22:40:30.012,743.05,29.16,386,2.671,5.57,0.00,118.9,90.2,0.0,94.92,57.67,5.57,26.1,321.0,0.265,1026.0,22.0,1,2061.8,6261.8,20.0
2026-02-03 22:40:30.062,744.05,29.23,387,2.661,5.54,0.00,118.7,90.2,0.0,94.91,57.67,5.54,26.1,319.7,0.264,1025.9,22.0,1,2069.9,6269.9,20.0
2026-02-03 22:40:30.112,745.05,29.29,388,2.651,5.52,0.00,118.5,90.2,0.0,94.90,57.67,5.52,26.1,318.4,0.263,1025.8,22.0,1,2078.0,6278.0,20.0
2026-02-03 22:40:30.161,746.05,29.35,389,2.640,5.50,0.00,118.3,90.2,0.0,94.90,57.67,5.50,26.1,317.2,0.262,1025.7,22.0,1,2086.2,6286.2,20.0
2026-02-03 22:40:30.212,747.05,29.41,390,2.630,5.48,0.00,118.2,90.1,0.0,94.89,57.67,5.48,26.1,316.0,0.261,1025.7,22.0,1,2094.3,6294.3,20.0
2026-02-03 22:40:30.262,748.05,29.46,390,2.621,5.46,0.00,118.0,90.1,0.0,94.88,57.67,5.46,26.1,314.8,0.260,1025.6,22.0,1,2102.5,6302.5,20.0
2026-02-03 22:40:30.312,749.05,29.52,391,2.611,5.44,0.00,117.8,90.1,0.0,94.88,57.67,5.44,26.1,313.7,0.259,1025.5,22.0,1,2110.7,6310.7,20.0
2026-02-03 22:40:30.361,750.05,29.58,392,2.602,5.42,0.00,117.6,90.1,0.0,94.87,57.67,5.42,26.1,312.6,0.258,1025.4,22.0,1,2118.9,6318.9,20.0
2026-02-03 22:40:30.412,751.05,29.63,392,2.593,5.40,0.00,117.4,90.1,0.0,94.86,57.67,5.40,26.1,311.5,0.257,1025.3,22.0,1,2127.2,6327.2,20.0
2026-02-03 22:40:30.462,752.05,29.68,393,2.584,5.38,0.00,117.2,90.1,0.0,94.85,57.67,5.38,26.1,310.4,0.256,1025.2,22.0,1,2135.4,6335.4,20.0
2026-02-03 22:40:30.512,753.05,29.73,394,2.575,5.36,0.00,117.1,90.1,0.0,94.85,57.67,5.36,26.1,309.3,0.255,1025.1,22.0,1,2143.7,6343.7,20.0
2026-02-03 22:40:30.562,754.05,29.79,395,2.566,5.35,0.00,116.9,90.1,0.0,94.84,57.67,5.35,26.1,308.3,0.255,1025.0,22.0,1,2151.9,6351.9,20.0
2026-02-03 22:40:30.612,755.05,29.84,395,2.558,5.33,0.00,116.7,90.1,0.0,94.83,57.67,5.33,26.1,307.3,0.254,1025.0,22.0,1,2160.2,6360.2,20.0
2026-02-03 22:40:30.661,756.05,29.88,396,2.550,5.31,0.00,116.5,90.1,0.0,94.83,57.67,5.31,26.1,306.3,0.253,1024.9,22.0,1,2168.5,6368.5,20.0
2026-02-03 22:40:30.712,757.05,29.93,396,2.542,5.29,0.00,116.4,90.1,0.0,94.82,57.66,5.29,26.1,305.3,0.252,1024.8,22.0,1,2176.8,6376.8,20.0
2026-02-03 22:40:30.762,758.05,29.98,397,2.534,5.28,0.00,116.2,90.0,0.0,94.81,57.66,5.28,26.1,304.4,0.251,1024.7,22.0,1,2185.2,6385.2,20.0
2026-02-03 22:40:30.812,759.05,30.02,398,2.526,5.26,0.00,116.0,90.0,0.0,94.80,57.66,5.26,26.1,303.4,0.251,1024.6,22.0,1,2193.5,6393.5,20.0
2026-02-03 22:40:30.862,760.05,30.08,398,2.583,5.38,0.00,118.8,90.1,0.0,94.80,57.66,5.38,26.1,310.2,0.256,1024.5,22.0,1,2201.9,6401.9,20.0
2026-02-03 22:40:30.911,761.05,30.33,402,4.505,9.38,0.00,205.2,91.1,0.0,94.79,57.45,9.38,26.1,539.2,0.447,1024.4,22.0,1,2210.3,6410.3,20.0
2026-02-03 22:40:30.962,762.05,30.58,405,4.429,9.23,0.00,203.7,91.1,0.0,94.77,57.46,9.23,26.1,530.2,0.439,1024.2,22.0,1,2218.8,6418.8,20.0
2026-02-03 22:40:31.012,763.05,30.82,408,4.356,9.07,0.00,202.1,91.0,0.0,94.76,57.47,9.07,26.1,521.5,0.432,1024.1,22.0,1,2227.3,6427.3,20.0
2026-02-03 22:40:31.062,764.05,31.05,411,4.285,8.93,0.00,200.5,90.9,0.0,94.75,57.47,8.93,26.1,513.0,0.425,1024.0,22.0,1,2236.0,6436.0,20.0
2026-02-03 22:40:31.112,765.05,31.27,414,4.217,8.78,0.00,198.9,90.8,0.0,94.74,57.48,8.78,26.1,504.9,0.418,1023.8,22.0,1,2244.7,6444.7,20.0
2026-02-03 22:40:31.161,766.05,31.48,417,4.151,8.65,0.00,197.4,90.8,0.0,94.73,57.48,8.65,26.1,497.1,0.412,1023.7,22.0,1,2253.4,6453.4,20.0
2026-02-03 22:40:31.212,767.05,31.69,420,4.087,8.52,0.00,195.8,90.7,0.0,94.71,57.49,8.52,26.1,489.5,0.405,1023.5,22.0,1,2262.2,6462.2,20.0
2026-02-03 22:40:31.262,768.05,31.88,422,3.968,8.27,0.00,191.6,90.6,0.0,94.70,57.50,8.27,26.1,475.4,0.394,1023.4,22.0,1,2271.1,6471.1,20.0
2026-02-03 22:40:31.312,769.05,32.07,425,3.912,8.15,0.00,190.2,90.5,0.0,94.69,57.50,8.15,26.1,468.6,0.388,1023.3,22.0,1,2280.0,6480.0,20.0
2026-02-03 22:40:31.362,770.05,32.24,427,3.801,7.92,0.00,186.1,90.4,0.0,94.68,57.51,7.92,26.1,455.4,0.377,1023.1,22.0,1,2288.9,6488.9,20.0
2026-02-03 22:40:31.411,771.05,32.41,429,3.751,7.81,0.00,184.8,90.3,0.0,94.67,57.51,7.81,26.1,449.4,0.372,1023.0,22.0,1,2297.9,6497.9,20.0
2026-02-03 22:40:31.461,772.05,32.57,431,3.648,7.60,0.00,180.8,90.2,0.0,94.66,57.52,7.60,26.1,437.1,0.362,1022.9,22.0,1,2307.0,6507.0,20.0
2026-02-03 22:40:31.512,773.05,32.72,433,3.603,7.51,0.00,179.6,90.2,0.0,94.65,57.53,7.51,26.1,431.8,0.357,1022.8,22.0,1,2316.1,6516.1,20.0
2026-02-03 22:40:31.562,774.05,32.86,435,3.507,7.31,0.00,175.8,90.1,0.0,94.64,57.53,7.31,26.1,420.3,0.348,1022.7,22.0,1,2325.2,6525.2,20.0
2026-02-03 22:40:31.612,775.05,33.00,437,3.467,7.22,0.00,174.6,90.0,0.0,94.63,57.54,7.22,26.1,415.6,0.344,1022.6,22.0,1,2334.4,6534.4,20.0
2026-02-03 22:40:31.662,776.05,33.13,439,3.429,7.14,0.00,173.5,90.0,0.0,94.62,57.54,7.14,26.1,411.1,0.340,1022.4,22.0,1,2343.6,6543.6,20.0
2026-02-03 22:40:31.711,777.05,33.25,441,3.341,6.96,0.00,169.9,89.9,0.0,94.61,57.55,6.96,26.1,400.5,0.331,1022.3,22.0,1,2352.8,6552.8,20.0
2026-02-03 22:40:31.762,778.05,33.37,442,3.307,6.89,0.00,168.9,89.9,0.0,94.61,57.55,6.89,26.1,396.5,0.328,1022.2,22.0,1,2362.1,6562.1,20.0
2026-02-03 22:40:31.812,779.05,33.48,444,3.224,6.72,0.00,165.4,89.8,0.0,94.60,57.56,6.72,26.2,386.6,0.320,1022.1,22.0,1,2371.4,6571.4,20.0
2026-02-03 22:40:31.862,780.05,33.58,445,3.194,6.65,0.00,164.4,89.7,0.0,94.59,57.56,6.65,26.2,383.0,0.317,1022.0,22.0,1,2380.7,6580.7,20.0
2026-02-03 22:40:31.912,781.05,33.69,446,3.166,6.60,0.00,163.5,89.7,0.0,94.58,57.56,6.60,26.2,379.6,0.314,1021.9,22.0,1,2390.1,6590.1,20.0
2026-02-03 22:40:31.961,782.05,33.78,448,3.089,6.44,0.00,160.2,89.6,0.0,94.57,57.57,6.44,26.2,370.4,0.306,1021.8,22.0,1,2399.4,6599.4,20.0
2026-02-03 22:40:32.012,783.05,33.87,449,3.064,6.38,0.00,159.4,89.6,0.0,94.56,57.57,6.38,26.2,367.4,0.304,1021.7,22.0,1,2408.8,6608.8,20.0
2026-02-03 22:40:32.062,784.05,33.96,450,3.040,6.33,0.00,158.6,89.6,0.0,94.55,57.57,6.33,26.2,364.5,0.302,1021.6,22.0,1,2418.3,6618.3,20.0
2026-02-03 22:40:32.112,785.05,34.04,451,3.016,6.28,0.00,157.8,89.6,0.0,94.55,57.57,6.28,26.2,361.7,0.299,1021.5,22.0,1,2427.7,6627.7,20.0
2026-02-03 22:40:32.162,786.05,34.12,452,2.946,6.14,0.00,154.6,89.5,0.0,94.54,57.58,6.14,26.2,353.3,0.292,1021.4,22.0,1,2437.2,6637.2,20.0
2026-02-03 22:40:32.211,787.05,34.20,453,2.925,6.09,0.00,154.0,89.5,0.0,94.53,57.58,6.09,26.2,350.9,0.290,1021.3,22.0,1,2446.7,6646.7,20.0
2026-02-03 22:40:32.262,788.05,34.27,454,2.906,6.05,0.00,153.3,89.4,0.0,94.52,57.58,6.05,26.2,348.5,0.288,1021.2,22.0,1,2456.2,6656.2,20.0
2026-02-03 22:40:32.312,789.05,34.34,455,2.887,6.01,0.00,152.6,89.4,0.0,94.51,57.58,6.01,26.2,346.3,0.286,1021.1,22.0,1,2465.8,6665.8,20.0
2026-02-03 22:40:32.362,790.05,34.40,456,2.822,5.88,0.00,148.0,90.4,0.0,94.51,57.58,5.88,26.2,338.5,0.280,1021.0,22.0,1,2475.3,6675.3,20.0
2026-02-03 22:40:32.411,791.05,34.46,457,2.806,5.84,0.00,147.4,90.3,0.0,94.50,57.58,5.84,26.2,336.6,0.278,1020.9,22.0,1,2484.9,6684.9,20.0
2026-02-03 22:40:32.462,792.05,34.52,457,2.790,5.81,0.00,146.9,90.3,0.0,94.49,57.58,5.81,26.2,334.7,0.277,1020.8,22.0,1,2494.5,6694.5,20.0
2026-02-03 22:40:32.512,793.05,34.58,458,2.774,5.78,0.00,146.4,90.3,0.0,94.48,57.58,5.78,26.2,332.8,0.275,1020.7,22.0,1,2504.1,6704.1,20.0
2026-02-03 22:40:32.562,794.05,34.64,459,2.759,5.75,0.00,145.8,90.3,0.0,94.47,57.58,5.75,26.2,331.0,0.274,1020.6,22.0,1,2513.7,6713.7,20.0
2026-02-03 22:40:32.611,795.05,34.69,460,2.745,5.72,0.00,145.3,90.3,0.0,94.47,57.58,5.72,26.2,329.3,0.272,1020.5,22.0,1,2523.3,6723.3,20.0
2026-02-03 22:40:32.662,796.05,34.74,460,2.686,5.60,0.00,142.5,90.2,0.0,94.46,57.59,5.60,26.2,322.3,0.266,1020.5,22.0,1,2533.0,6733.0,20.0
2026-02-03 22:40:32.712,797.05,34.78,461,2.674,5.57,0.00,142.1,90.2,0.0,94.45,57.59,5.57,26.2,320.8,0.265,1020.4,22.0,1,2542.7,6742.7,20.0
2026-02-03 22:40:32.762,798.05,34.83,461,2.662,5.55,0.00,141.7,90.2,0.0,94.45,57.59,5.55,26.2,319.4,0.264,1020.3,22.0,1,2552.3,6752.3,20.0
2026-02-03 22:40:32.812,799.05,34.87,462,2.651,5.52,0.00,141.3,90.2,0.0,94.44,57.59,5.52,26.2,318.1,0.263,1020.2,22.0,1,2562.0,6762.0,20.0
2026-02-03 22:40:32.861,800.05,34.91,463,2.640,5.50,0.00,140.9,90.2,0.0,94.43,57.59,5.50,26.2,316.7,0.262,1020.1,22.0,1,2571.7,6771.7,20.0
2026-02-03 22:40:32.912,801.05,34.96,463,2.629,5.48,0.00,140.5,90.1,0.0,94.42,57.59,5.48,26.2,315.4,0.261,1020.0,22.0,1,2581.4,6781.4,20.0
2026-02-03 22:40:32.962,802.05,34.99,464,2.619,5.46,0.00,140.1,90.1,0.0,94.42,57.59,5.46,26.2,314.2,0.260,1019.9,22.0,1,2591.2,6791.2,20.0
2026-02-03 22:40:33.012,803.05,35.03,464,2.609,5.43,0.00,139.8,90.1,0.0,94.41,57.59,5.43,26.2,313.0,0.259,1019.8,22.0,1,2600.9,6800.9,20.0
2026-02-03 22:40:33.061,804.05,35.07,465,2.556,5.32,0.00,137.2,90.1,0.0,94.40,57.59,5.32,26.2,306.6,0.254,1019.8,22.0,1,2610.6,6810.6,20.0
2026-02-03 22:40:33.111,805.05,35.10,465,2.547,5.31,0.00,136.9,90.1,0.0,94.39,57.59,5.31,26.2,305.7,0.253,1019.7,22.0,1,2620.4,6820.4,20.0
2026-02-03 22:40:33.162,806.05,35.13,465,2.540,5.29,0.00,136.6,90.1,0.0,94.39,57.59,5.29,26.2,304.7,0.252,1019.6,22.0,1,2630.1,6830.1,20.0
2026-02-03 22:40:33.212,807.05,35.16,466,2.532,5.27,0.00,136.3,90.0,0.0,94.38,57.59,5.27,26.2,303.8,0.251,1019.5,22.0,1,2639.9,6839.9,20.0
2026-02-03 22:40:33.262,808.05,35.19,466,2.524,5.26,0.00,136.0,90.0,0.0,94.37,57.59,5.26,26.2,302.9,0.250,1019.4,22.0,1,2649.7,6849.7,20.0
2026-02-03 22:40:33.312,809.05,35.21,467,2.517,5.24,0.00,135.7,90.0,0.0,94.37,57.59,5.24,26.2,302.0,0.250,1019.3,22.0,1,2659.5,6859.5,20.0
2026-02-03 22:40:33.361,810.05,35.24,467,2.510,5.23,0.00,135.5,90.0,0.0,94.36,57.59,5.23,26.2,301.2,0.249,1019.2,22.0,1,2669.2,6869.2,20.0
2026-02-03 22:40:33.412,811.05,35.27,467,2.503,5.22,0.00,135.2,90.0,0.0,94.35,57.59,5.22,26.2,300.4,0.248,1019.2,22.0,1,2679.0,6879.0,20.0
2026-02-03 22:40:33.462,812.05,35.29,468,2.497,5.20,0.00,135.0,90.0,0.0,94.35,57.59,5.20,26.2,299.6,0.248,1019.1,22.0,1,2688.8,6888.8,20.0
2026-02-03 22:40:33.512,813.05,35.32,468,2.490,5.19,0.00,134.7,90.0,0.0,94.34,57.59,5.19,26.2,298.8,0.247,1019.0,22.0,1,2698.7,6898.7,20.0
2026-02-03 22:40:33.561,814.05,35.34,468,2.484,5.18,0.00,134.5,90.0,0.0,94.33,57.59,5.18,26.2,298.0,0.246,1018.9,22.0,1,2708.5,6908.5,20.0
2026-02-03 22:40:33.612,815.05,35.36,468,2.436,5.08,0.00,132.1,89.9,0.0,94.33,57.59,5.08,26.2,292.3,0.242,1018.8,22.0,1,2718.3,6918.3,20.0
2026-02-03 22:40:33.662,816.05,35.30,468,1.677,3.49,0.00,91.8,89.1,0.0,94.32,57.67,3.49,26.2,201.5,0.166,1018.8,22.0,1,2728.1,6928.1,20.0
2026-02-03 22:40:33.712,817.05,35.24,467,1.687,3.52,0.00,92.2,89.2,0.0,94.32,57.67,3.52,26.2,202.7,0.167,1018.7,22.0,1,2737.9,6937.9,20.0
2026-02-03 22:40:33.762,818.05,35.18,466,1.698,3.54,0.00,92.6,89.2,0.0,94.31,57.67,3.54,26.2,204.0,0.168,1018.7,22.0,1,2747.7,6947.7,20.0
2026-02-03 22:40:33.811,819.05,35.12,465,1.708,3.56,0.00,92.9,89.2,0.0,94.31,57.67,3.56,26.2,205.1,0.169,1018.6,22.0,1,2757.4,6957.4,20.0
2026-02-03 22:40:33.861,820.05,35.07,465,1.717,3.58,0.00,93.3,89.2,0.0,94.30,57.66,3.58,26.2,206.3,0.170,1018.6,22.0,1,2767.2,6967.2,20.0
2026-02-03 22:40:33.912,821.05,35.01,464,1.727,3.60,0.00,93.7,89.2,0.0,94.30,57.66,3.60,26.2,207.5,0.171,1018.5,22.0,1,2776.9,6976.9,20.0
2026-02-03 22:40:33.962,822.05,34.96,463,1.736,3.62,0.00,94.0,89.2,0.0,94.29,57.66,3.62,26.2,208.6,0.172,1018.4,22.0,1,2786.6,6986.6,20.0
2026-02-03 22:40:34.012,823.05,34.90,462,1.746,3.64,0.00,94.4,89.2,0.0,94.29,57.66,3.64,26.2,209.7,0.173,1018.4,22.0,1,2796.3,6996.3,20.0
2026-02-03 22:40:34.062,824.05,34.85,462,1.755,3.66,0.00,94.7,89.2,0.0,94.28,57.66,3.66,26.2,210.8,0.174,1018.3,22.0,1,2806.0,7006.0,20.0
2026-02-03 22:40:34.112,825.05,34.80,461,1.763,3.67,0.00,95.0,89.2,0.0,94.28,57.66,3.67,26.2,211.8,0.175,1018.3,22.0,1,2815.6,7015.6,20.0
2026-02-03 22:40:34.161,826.05,34.75,460,1.772,3.69,0.00,95.3,89.2,0.0,94.27,57.65,3.69,26.2,212.8,0.176,1018.2,22.0,1,2825.3,7025.3,20.0
2026-02-03 22:40:34.212,827.05,34.70,460,1.780,3.71,0.00,95.6,89.3,0.0,94.27,57.65,3.71,26.2,213.8,0.177,1018.1,22.0,1,2834.9,7034.9,20.0
2026-02-03 22:40:34.262,828.05,34.66,459,1.789,3.73,0.00,95.9,89.3,0.0,94.26,57.65,3.73,26.2,214.8,0.177,1018.1,22.0,1,2844.6,7044.6,20.0
2026-02-03 22:40:34.312,829.05,34.61,459,1.797,3.74,0.00,96.2,89.3,0.0,94.26,57.65,3.74,26.2,215.8,0.178,1018.0,22.0,1,2854.2,7054.2,20.0
2026-02-03 22:40:34.362,830.05,34.56,458,1.805,3.76,0.00,96.5,89.3,0.0,94.25,57.65,3.76,26.2,216.7,0.179,1018.0,22.0,1,2863.8,7063.8,20.0
2026-02-03 22:40:34.411,831.05,34.52,457,1.812,3.78,0.00,96.8,89.3,0.0,94.25,57.65,3.78,26.2,217.6,0.180,1017.9,22.0,1,2873.4,7073.4,20.0
2026-02-03 22:40:34.462,832.05,34.48,457,1.820,3.79,0.00,97.1,89.3,0.0,94.24,57.64,3.79,26.2,218.5,0.181,1017.8,22.0,1,2882.9,7082.9,20.0
2026-02-03 22:40:34.512,833.05,34.43,456,1.827,3.81,0.00,97.3,89.3,0.0,94.24,57.64,3.81,26.2,219.4,0.181,1017.8,22.0,1,2892.5,7092.5,20.0
2026-02-03 22:40:34.562,834.05,34.39,456,1.834,3.82,0.00,97.6,89.3,0.0,94.23,57.64,3.82,26.2,220.3,0.182,1017.7,22.0,1,2902.1,7102.1,20.0
2026-02-03 22:40:34.612,835.05,34.35,455,1.841,3.84,0.00,97.8,89.3,0.0,94.23,57.64,3.84,26.2,221.1,0.183,1017.7,22.0,1,2911.6,7111.6,20.0
2026-02-03 22:40:34.661,836.05,34.31,455,1.848,3.85,0.00,98.1,89.3,0.0,94.22,57.64,3.85,26.2,222.0,0.183,1017.6,22.0,1,2921.1,7121.1,20.0
2026-02-03 22:40:34.711,837.05,34.27,454,1.855,3.86,0.00,98.3,89.3,0.0,94.22,57.64,3.86,26.2,222.8,0.184,1017.5,22.0,1,2930.6,7130.6,20.0
2026-02-03 22:40:34.762,838.05,34.23,454,1.862,3.88,0.00,98.5,89.3,0.0,94.21,57.63,3.88,26.2,223.5,0.185,1017.5,22.0,1,2940.2,7140.2,20.0
2026-02-03 22:40:34.812,839.05,34.20,453,1.868,3.89,0.00,98.8,89.3,0.0,94.21,57.63,3.89,26.2,224.3,0.185,1017.4,22.0,1,2949.7,7149.7,20.0
2026-02-03 22:40:34.862,840.05,34.16,453,1.875,3.91,0.00,99.0,89.4,0.0,94.20,57.63,3.91,26.2,225.1,0.186,1017.3,22.0,1,2959.1,7159.1,20.0
2026-02-03 22:40:34.911,841.05,34.12,452,1.881,3.92,0.00,99.2,89.4,0.0,94.20,57.63,3.92,26.2,225.8,0.187,1017.3,22.0,1,2968.6,7168.6,20.0
2026-02-03 22:40:34.961,842.05,34.09,452,1.887,3.93,0.00,99.4,89.4,0.0,94.19,57.63,3.93,26.2,226.5,0.187,1017.2,22.0,1,2978.1,7178.1,20.0
2026-02-03 22:40:35.012,843.05,34.05,451,1.893,3.94,0.00,99.6,89.4,0.0,94.19,57.63,3.94,26.2,227.3,0.188,1017.2,22.0,1,2987.5,7187.5,20.0
2026-02-03 22:40:35.062,844.05,34.02,451,1.899,3.96,0.00,99.8,89.4,0.0,94.18,57.62,3.96,26.2,227.9,0.188,1017.1,22.0,1,2997.0,7197.0,20.0
2026-02-03 22:40:35.112,845.05,33.99,450,1.904,3.97,0.00,100.0,89.4,0.0,94.18,57.62,3.97,26.2,228.6,0.189,1017.0,22.0,1,3006.4,7206.4,20.0
2026-02-03 22:40:35.161,846.05,34.04,451,2.722,5.67,0.00,141.4,90.2,0.0,94.17,57.54,5.67,26.2,326.3,0.270,1016.9,22.0,1,3015.9,7215.9,20.0
2026-02-03 22:40:35.212,847.05,34.09,452,2.661,5.54,0.00,138.6,90.2,0.0,94.16,57.54,5.54,26.2,319.0,0.264,1016.9,22.0,1,3025.4,7225.4,20.0
2026-02-03 22:40:35.262,848.05,34.13,452,2.650,5.52,0.00,138.2,90.2,0.0,94.15,57.54,5.52,26.2,317.7,0.263,1016.8,22.0,1,3034.8,7234.8,20.0
2026-02-03 22:40:35.312,849.05,34.18,453,2.639,5.50,0.00,137.9,90.2,0.0,94.15,57.54,5.50,26.2,316.4,0.262,1016.7,22.0,1,3044.3,7244.3,20.0
2026-02-03 22:40:35.362,850.05,34.22,453,2.629,5.48,0.00,137.5,90.1,0.0,94.14,57.54,5.48,26.2,315.1,0.261,1016.6,22.0,1,3053.8,7253.8,20.0
2026-02-03 22:40:35.412,851.05,34.26,454,2.618,5.45,0.00,137.2,90.1,0.0,94.13,57.54,5.45,26.2,313.9,0.260,1016.5,22.0,1,3063.4,7263.4,20.0
2026-02-03 22:40:35.462,852.05,34.31,454,2.608,5.43,0.00,136.8,90.1,0.0,94.13,57.54,5.43,26.2,312.7,0.259,1016.4,22.0,1,3072.9,7272.9,20.0
2026-02-03 22:40:35.512,853.05,34.35,455,2.599,5.41,0.00,136.5,90.1,0.0,94.12,57.54,5.41,26.2,311.5,0.258,1016.3,22.0,1,3082.4,7282.4,20.0
2026-02-03 22:40:35.562,854.05,34.38,455,2.543,5.30,0.00,133.8,90.1,0.0,94.11,57.55,5.30,26.2,304.9,0.252,1016.2,22.0,1,3092.0,7292.0,20.0
2026-02-03 22:40:35.612,855.05,34.41,456,2.535,5.28,0.00,133.5,90.1,0.0,94.10,57.55,5.28,26.2,303.9,0.251,1016.2,22.0,1,3101.5,7301.5,20.0
2026-02-03 22:40:35.661,856.05,34.44,456,2.527,5.27,0.00,133.3,90.0,0.0,94.10,57.55,5.27,26.2,303.0,0.251,1016.1,22.0,1,3111.1,7311.1,20.0
2026-02-03 22:40:35.712,857.05,34.47,457,2.520,5.25,0.00,133.0,90.0,0.0,94.09,57.54,5.25,26.2,302.1,0.250,1016.0,22.0,1,3120.7,7320.7,20.0
2026-02-03 22:40:35.762,858.05,34.50,457,2.513,5.23,0.00,132.8,90.0,0.0,94.08,57.54,5.23,26.2,301.2,0.249,1015.9,22.0,1,3130.3,7330.3,20.0
2026-02-03 22:40:35.812,859.05,34.53,458,2.506,5.22,0.00,132.5,90.0,0.0,94.08,57.54,5.22,26.2,300.4,0.249,1015.8,22.0,1,3139.9,7339.9,20.0
2026-02-03 22:40:35.862,860.05,34.56,458,2.499,5.21,0.00,132.3,90.0,0.0,94.07,57.54,5.21,26.2,299.6,0.248,1015.7,22.0,1,3149.5,7349.5,20.0
2026-02-03 22:40:35.911,861.05,34.59,458,2.492,5.19,0.00,132.1,90.0,0.0,94.06,57.54,5.19,26.2,298.8,0.247,1015.7,22.0,1,3159.1,7359.1,20.0
2026-02-03 22:40:35.962,862.05,34.62,459,2.486,5.18,0.00,131.8,90.0,0.0,94.06,57.54,5.18,26.2,298.0,0.247,1015.6,22.0,1,3168.7,7368.7,20.0
2026-02-03 22:40:36.012,863.05,34.64,459,2.480,5.17,0.00,131.6,90.0,0.0,94.05,57.54,5.17,26.2,297.3,0.246,1015.5,22.0,1,3178.3,7378.3,20.0
2026-02-03 22:40:36.062,864.05,34.67,459,2.474,5.15,0.00,131.4,90.0,0.0,94.04,57.54,5.15,26.2,296.5,0.245,1015.4,22.0,1,3187.9,7387.9,20.0
2026-02-03 22:40:36.112,865.05,34.69,460,2.423,5.05,0.00,128.9,89.9,0.0,94.04,57.55,5.05,26.2,290.5,0.240,1015.3,22.0,1,3197.6,7397.6,20.0
2026-02-03 22:40:36.161,866.05,34.71,460,2.418,5.04,0.00,128.7,89.9,0.0,94.03,57.55,5.04,26.2,289.9,0.240,1015.2,22.0,1,3207.2,7407.2,20.0
2026-02-03 22:40:36.212,867.05,34.73,460,2.414,5.03,0.00,128.6,89.9,0.0,94.02,57.54,5.03,26.2,289.4,0.239,1015.2,22.0,1,3216.9,7416.9,20.0
2026-02-03 22:40:36.262,868.05,34.68,459,1.785,3.72,0.00,95.8,89.3,0.0,94.02,57.61,3.72,26.2,214.2,0.177,1015.1,22.0,1,3226.5,7426.5,20.0
2026-02-03 22:40:36.312,869.05,34.44,456,0.000,0.00,0.00,0.0,84.4,0.0,94.02,57.79,0.00,26.2,0.0,0.000,1015.1,22.0,1,3236.1,7436.1,20.0
2026-02-03 22:40:36.361,870.05,34.20,453,0.000,0.00,0.00,0.0,84.4,0.0,94.02,57.79,0.00,26.2,0.0,0.000,1015.1,22.0,1,3245.6,7445.6,20.0
2026-02-03 22:40:36.411,871.05,33.97,450,0.000,0.00,0.00,0.0,84.4,0.0,94.02,57.79,0.00,26.2,0.0,0.000,1015.1,22.0,1,3255.0,7455.0,20.0
2026-02-03 22:40:36.462,872.05,33.74,447,0.000,0.00,0.00,0.0,84.4,0.0,94.02,57.79,0.00,26.2,0.0,0.000,1015.1,22.0,1,3264.4,7464.4,20.0
2026-02-03 22:40:36.512,873.05,33.50,444,0.000,0.00,0.00,0.0,84.4,0.0,94.02,57.79,0.00,26.2,0.0,0.000,1015.1,22.0,1,3273.7,7473.7,20.0
2026-02-03 22:40:36.562,874.05,33.27,441,0.000,0.00,0.00,0.0,84.4,0.0,94.02,57.79,0.00,26.2,0.0,0.000,1015.1,22.0,1,3282.9,7482.9,20.0
2026-02-03 22:40:36.612,875.05,33.04,438,0.000,0.00,0.00,0.0,84.4,0.0,94.02,57.79,0.00,26.2,0.0,0.000,1015.1,22.0,1,3292.1,7492.1,20.0
2026-02-03 22:40:36.662,876.05,32.81,435,0.000,0.00,0.00,0.0,84.4,0.0,94.02,57.79,0.00,26.1,0.0,0.000,1015.1,22.0,1,3301.2,7501.2,20.0
2026-02-03 22:40:36.712,877.05,32.58,432,0.000,0.00,0.00,0.0,84.4,0.0,94.02,57.79,0.00,26.1,0.0,0.000,1015.1,22.0,1,3310.3,7510.3,20.0
2026-02-03 22:40:36.761,878.05,32.35,428,0.000,0.00,0.00,0.0,84.4,0.0,94.02,57.79,0.00,26.1,0.0,0.000,1015.1,22.0,1,3319.2,7519.2,20.0
2026-02-03 22:40:36.811,879.05,32.12,425,0.000,0.00,0.00,0.0,84.4,0.0,94.02,57.79,0.00,26.1,0.0,0.000,1015.1,22.0,1,3328.2,7528.2,20.0
2026-02-03 22:40:36.862,880.05,31.89,422,0.000,0.00,0.00,0.0,84.4,0.0,94.02,57.79,0.00,26.1,0.0,0.000,1015.1,22.0,1,3337.0,7537.0,20.0
2026-02-03 22:40:36.912,881.05,31.66,419,0.000,0.00,0.00,0.0,84.4,0.0,94.02,57.79,0.00,26.1,0.0,0.000,1015.1,22.0,1,3345.8,7545.8,20.0
2026-02-03 22:40:36.962,882.05,31.43,416,0.000,0.00,0.00,0.0,84.4,0.0,94.02,57.79,0.00,26.1,0.0,0.000,1015.1,22.0,1,3354.5,7554.5,20.0
2026-02-03 22:40:37.011,883.05,31.21,413,0.000,0.00,0.00,0.0,84.4,0.0,94.02,57.79,0.00,26.1,0.0,0.000,1015.1,22.0,1,3363.2,7563.2,20.0
2026-02-03 22:40:37.061,884.05,31.24,414,2.382,4.96,0.00,114.1,89.9,0.0,94.01,57.55,4.96,26.1,285.6,0.236,1015.0,22.0,1,3371.9,7571.9,20.0
2026-02-03 22:40:37.112,885.05,31.26,414,2.377,4.95,0.00,114.0,89.9,0.0,94.00,57.55,4.95,26.1,285.0,0.236,1014.9,22.0,1,3380.6,7580.6,20.0
2026-02-03 22:40:37.162,886.05,31.29,414,2.373,4.94,0.00,113.9,89.9,0.0,94.00,57.54,4.94,26.1,284.5,0.235,1014.9,22.0,1,3389.3,7589.3,20.0
2026-02-03 22:40:37.212,887.05,31.06,411,0.000,0.00,0.00,0.0,84.4,0.0,94.00,57.79,0.00,26.1,0.0,0.000,1014.9,22.0,1,3397.9,7597.9,20.0
2026-02-03 22:40:37.262,888.05,30.84,408,0.000,0.00,0.00,0.0,84.4,0.0,94.00,57.79,0.00,26.1,0.0,0.000,1014.9,22.0,1,3406.5,7606.5,20.0
2026-02-03 22:40:37.312,889.05,30.61,406,0.000,0.00,0.00,0.0,84.4,0.0,94.00,57.79,0.00,26.1,0.0,0.000,1014.9,22.0,1,3415.0,7615.0,20.0
2026-02-03 22:40:37.361,890.05,30.39,403,0.000,0.00,0.00,0.0,84.4,0.0,94.00,57.79,0.00,26.1,0.0,0.000,1014.9,22.0,1,3423.4,7623.4,20.0
2026-02-03 22:40:37.412,891.05,30.17,400,0.000,0.00,0.00,0.0,84.4,0.0,94.00,57.79,0.00,26.1,0.0,0.000,1014.9,22.0,1,3431.8,7631.8,20.0
2026-02-03 22:40:37.462,892.05,29.94,397,0.000,0.00,0.00,0.0,84.4,0.0,94.00,57.79,0.00,26.1,0.0,0.000,1014.9,22.0,1,3440.1,7640.1,20.0
2026-02-03 22:40:37.511,893.05,29.72,394,0.000,0.00,0.00,0.0,84.4,0.0,94.00,57.79,0.00,26.1,0.0,0.000,1014.9,22.0,1,3448.4,7648.4,20.0
2026-02-03 22:40:37.562,894.05,29.50,391,0.000,0.00,0.00,0.0,84.4,0.0,94.00,57.79,0.00,26.1,0.0,0.000,1014.9,22.0,1,3456.6,7656.6,20.0
2026-02-03 22:40:37.612,895.05,29.28,388,0.000,0.00,0.00,0.0,84.4,0.0,94.00,57.79,0.00,26.1,0.0,0.000,1014.9,22.0,1,3464.7,7664.7,20.0
2026-02-03 22:40:37.662,896.05,29.06,385,0.000,0.00,0.00,0.0,84.4,0.0,94.00,57.79,0.00,26.1,0.0,0.000,1014.9,22.0,1,3472.8,7672.8,20.0
2026-02-03 22:40:37.711,897.05,28.84,382,0.000,0.00,0.00,0.0,84.4,0.0,94.00,57.79,0.00,26.1,0.0,0.000,1014.9,22.0,1,3480.8,7680.8,20.0
2026-02-03 22:40:37.761,898.05,28.63,379,0.000,0.00,0.00,0.0,84.4,0.0,94.00,57.79,0.00,26.1,0.0,0.000,1014.9,22.0,1,3488.7,7688.7,20.0
2026-02-03 22:40:37.812,899.05,28.41,376,0.000,0.00,0.00,0.0,84.4,0.0,94.00,57.79,0.00,26.1,0.0,0.000,1014.9,22.0,1,3496.6,7696.6,20.0
2026-02-03 22:40:37.862,900.05,28.19,373,0.000,0.00,0.00,0.0,84.4,0.0,94.00,57.79,0.00,26.1,0.0,0.000,1014.9,22.0,1,3504.4,7704.4,20.0
2026-02-03 22:40:37.912,901.05,27.97,371,0.000,0.00,0.00,0.0,84.4,0.0,94.00,57.79,0.00,26.1,0.0,0.000,1014.9,22.0,1,3512.2,7712.2,20.0
2026-02-03 22:40:37.962,902.05,27.76,368,0.000,0.00,0.00,0.0,84.4,0.0,94.00,57.79,0.00,26.1,0.0,0.000,1014.9,22.0,1,3519.9,7719.9,20.0
2026-02-03 22:40:38.011,903.05,27.54,365,0.000,0.00,0.00,0.0,84.4,0.0,94.00,57.79,0.00,26.1,0.0,0.000,1014.9,22.0,1,3527.6,7727.6,20.0
2026-02-03 22:40:38.061,904.05,27.33,362,0.000,0.00,0.00,0.0,84.4,0.0,94.00,57.79,0.00,26.1,0.0,0.000,1014.9,22.0,1,3535.2,7735.2,20.0
2026-02-03 22:40:38.112,905.05,27.12,359,0.000,0.00,0.00,0.0,84.4,0.0,94.00,57.79,0.00,26.1,0.0,0.000,1014.9,22.0,1,3542.7,7742.7,20.0
2026-02-03 22:40:38.162,906.05,26.90,356,0.000,0.00,0.00,0.0,84.4,0.0,94.00,57.79,0.00,26.1,0.0,0.000,1014.9,22.0,1,3550.2,7750.2,20.0
2026-02-03 22:40:38.212,907.05,26.69,353,0.000,0.00,0.00,0.0,84.4,0.0,94.00,57.79,0.00,26.1,0.0,0.000,1014.9,22.0,1,3557.6,7757.6,20.0
2026-02-03 22:40:38.262,908.05,26.48,351,0.000,0.00,0.00,0.0,84.4,0.0,94.00,57.79,0.00,26.1,0.0,0.000,1014.9,22.0,1,3564.9,7764.9,20.0
2026-02-03 22:40:38.312,909.05,26.26,348,0.000,0.00,0.00,0.0,84.4,0.0,94.00,57.79,0.00,26.1,0.0,0.000,1014.9,22.0,1,3572.2,7772.2,20.0
2026-02-03 22:40:38.361,910.05,26.05,345,0.000,0.00,0.00,0.0,84.4,0.0,94.00,57.79,0.00,26.1,0.0,0.000,1014.9,22.0,1,3579.5,7779.5,20.0
2026-02-03 22:40:38.412,911.05,25.84,342,0.000,0.00,0.00,0.0,84.4,0.0,94.00,57.79,0.00,26.1,0.0,0.000,1014.9,22.0,1,3586.7,7786.7,20.0
2026-02-03 22:40:38.462,912.05,25.63,339,0.000,0.00,0.00,0.0,84.4,0.0,94.00,57.79,0.00,26.1,0.0,0.000,1014.9,22.0,1,3593.8,7793.8,20.0
2026-02-03 22:40:38.512,913.05,25.42,337,0.000,0.00,0.00,0.0,84.4,0.0,94.00,57.79,0.00,26.1,0.0,0.000,1014.9,22.0,1,3600.8,7800.8,20.0
2026-02-03 22:40:38.561,914.05,25.84,342,5.887,12.26,0.00,220.6,93.7,0.0,93.98,57.18,12.26,26.1,701.2,0.584,1014.7,22.0,1,3608.0,7808.0,20.0
2026-02-03 22:40:38.612,915.05,26.24,347,5.764,12.01,0.00,219.6,93.6,0.0,93.97,57.19,12.01,26.1,686.7,0.572,1014.5,22.0,1,3615.3,7815.3,20.0
2026-02-03 22:40:38.662,916.05,26.63,353,5.645,11.76,0.00,221.5,92.3,0.0,93.95,57.20,11.76,26.1,672.6,0.560,1014.3,22.0,1,3622.7,7822.7,20.0
2026-02-03 22:40:38.712,917.05,27.00,358,5.530,11.52,0.00,220.5,92.2,0.0,93.94,57.21,11.52,26.1,659.0,0.549,1014.1,22.0,1,3630.2,7830.2,20.0
2026-02-03 22:40:38.761,918.05,27.36,362,5.419,11.29,0.00,219.3,92.1,0.0,93.92,57.21,11.29,26.1,645.9,0.538,1013.9,22.0,1,3637.8,7837.8,20.0
2026-02-03 22:40:38.812,919.05,27.71,367,5.312,11.07,0.00,218.1,92.0,0.0,93.91,57.22,11.07,26.1,633.2,0.527,1013.8,22.0,1,3645.5,7845.5,20.0
2026-02-03 22:40:38.862,920.05,28.04,371,5.208,10.85,0.00,216.9,91.9,0.0,93.89,57.23,10.85,26.1,621.0,0.517,1013.6,22.0,1,3653.3,7853.3,20.0
2026-02-03 22:40:38.912,921.05,28.37,376,5.108,10.64,0.00,215.5,91.8,0.0,93.88,57.24,10.64,26.2,609.2,0.507,1013.4,22.0,1,3661.2,7861.2,20.0
2026-02-03 22:40:38.962,922.05,28.68,380,5.012,10.44,0.00,214.1,91.7,0.0,93.86,57.25,10.44,26.2,597.7,0.497,1013.3,22.0,1,3669.1,7869.1,20.0
2026-02-03 22:40:39.012,923.05,28.99,384,4.919,10.25,0.00,212.7,91.6,0.0,93.85,57.25,10.25,26.2,586.7,0.488,1013.1,22.0,1,3677.2,7877.2,20.0
2026-02-03 22:40:39.062,924.05,29.28,388,4.829,10.06,0.00,211.2,91.5,0.0,93.84,57.26,10.06,26.2,576.0,0.479,1012.9,22.0,1,3685.3,7885.3,20.0
2026-02-03 22:40:39.112,925.05,29.56,392,4.742,9.88,0.00,209.7,91.4,0.0,93.82,57.27,9.88,26.2,565.7,0.470,1012.8,22.0,1,3693.5,7893.5,20.0
2026-02-03 22:40:39.162,926.05,29.83,395,4.658,9.70,0.00,208.2,91.3,0.0,93.81,57.28,9.70,26.2,555.8,0.462,1012.6,22.0,1,3701.8,7901.8,20.0
2026-02-03 22:40:39.212,927.05,30.09,399,4.511,9.40,0.00,203.8,91.1,0.0,93.80,57.29,9.40,26.2,538.4,0.448,1012.5,22.0,1,3710.2,7910.2,20.0
2026-02-03 22:40:39.262,928.05,30.33,402,4.372,9.11,0.00,199.6,91.0,0.0,93.79,57.30,9.11,26.2,521.9,0.434,1012.3,22.0,1,3718.6,7918.6,20.0
2026-02-03 22:40:39.311,929.05,30.56,405,4.302,8.96,0.00,198.1,90.9,0.0,93.77,57.31,8.96,26.2,513.6,0.427,1012.2,22.0,1,3727.1,7927.1,20.0
2026-02-03 22:40:39.362,930.05,30.78,408,4.173,8.69,0.00,193.9,90.8,0.0,93.76,57.32,8.69,26.2,498.3,0.414,1012.0,22.0,1,3735.6,7935.6,20.0
2026-02-03 22:40:39.412,931.05,30.99,410,4.049,8.44,0.00,189.8,90.7,0.0,93.75,57.33,8.44,26.2,483.6,0.402,1011.9,22.0,1,3744.3,7944.3,20.0
2026-02-03 22:40:39.462,932.05,31.19,413,3.992,8.32,0.00,188.5,90.6,0.0,93.74,57.33,8.32,26.2,476.8,0.396,1011.8,22.0,1,3752.9,7952.9,20.0
2026-02-03 22:40:39.512,933.05,31.37,416,3.877,8.08,0.00,184.4,90.5,0.0,93.73,57.34,8.08,26.2,463.1,0.385,1011.6,22.0,1,3761.6,7961.6,20.0
2026-02-03 22:40:39.561,934.05,31.54,418,3.767,7.85,0.00,180.5,90.4,0.0,93.72,57.35,7.85,26.2,450.1,0.374,1011.5,22.0,1,3770.4,7970.4,20.0
2026-02-03 22:40:39.612,935.05,31.56,418,2.325,4.84,0.00,112.6,89.8,0.0,93.71,57.50,4.84,26.2,278.5,0.231,1011.4,22.0,1,3779.2,7979.2,20.0
2026-02-03 22:40:39.662,936.05,31.58,418,2.322,4.84,0.00,112.6,89.8,0.0,93.71,57.50,4.84,26.2,278.1,0.230,1011.4,22.0,1,3787.9,7987.9,20.0
2026-02-03 22:40:39.712,937.05,31.60,419,2.318,4.83,0.00,112.5,89.8,0.0,93.70,57.50,4.83,26.2,277.7,0.230,1011.3,22.0,1,3796.7,7996.7,20.0
2026-02-03 22:40:39.762,938.05,31.38,416,0.000,0.00,0.00,0.0,84.4,0.0,93.70,57.74,0.00,26.2,0.0,0.000,1011.3,22.0,1,3805.4,8005.4,20.0
2026-02-03 22:40:39.812,939.05,31.15,413,0.000,0.00,0.00,0.0,84.4,0.0,93.70,57.74,0.00,26.2,0.0,0.000,1011.3,22.0,1,3814.1,8014.1,20.0
2026-02-03 22:40:39.862,940.05,30.92,410,0.000,0.00,0.00,0.0,84.4,0.0,93.70,57.74,0.00,26.2,0.0,0.000,1011.3,22.0,1,3822.7,8022.7,20.0
2026-02-03 22:40:39.912,941.05,30.70,407,0.000,0.00,0.00,0.0,84.4,0.0,93.70,57.74,0.00,26.2,0.0,0.000,1011.3,22.0,1,3831.2,8031.2,20.0
2026-02-03 22:40:39.962,942.05,30.48,404,0.000,0.00,0.00,0.0,84.4,0.0,93.70,57.74,0.00,26.2,0.0,0.000,1011.3,22.0,1,3839.7,8039.7,20.0
2026-02-03 22:40:40.012,943.05,30.25,401,0.000,0.00,0.00,0.0,84.4,0.0,93.70,57.74,0.00,26.2,0.0,0.000,1011.3,22.0,1,3848.1,8048.1,20.0
2026-02-03 22:40:40.062,944.05,30.03,398,0.000,0.00,0.00,0.0,84.4,0.0,93.70,57.74,0.00,26.2,0.0,0.000,1011.3,22.0,1,3856.4,8056.4,20.0
2026-02-03 22:40:40.112,945.05,29.81,395,0.000,0.00,0.00,0.0,84.4,0.0,93.70,57.74,0.00,26.2,0.0,0.000,1011.3,22.0,1,3864.7,8064.7,20.0
2026-02-03 22:40:40.162,946.05,29.59,392,0.000,0.00,0.00,0.0,84.4,0.0,93.70,57.74,0.00,26.2,0.0,0.000,1011.3,22.0,1,3872.9,8072.9,20.0
2026-02-03 22:40:40.212,947.05,29.37,389,0.000,0.00,0.00,0.0,84.4,0.0,93.70,57.74,0.00,26.2,0.0,0.000,1011.3,22.0,1,3881.1,8081.1,20.0
2026-02-03 22:40:40.262,948.05,29.15,386,0.000,0.00,0.00,0.0,84.4,0.0,93.70,57.74,0.00,26.2,0.0,0.000,1011.3,22.0,1,3889.2,8089.2,20.0
2026-02-03 22:40:40.312,949.05,28.93,383,0.000,0.00,0.00,0.0,84.4,0.0,93.70,57.74,0.00,26.2,0.0,0.000,1011.3,22.0,1,3897.2,8097.2,20.0
2026-02-03 22:40:40.362,950.05,28.71,380,0.000,0.00,0.00,0.0,84.4,0.0,93.70,57.74,0.00,26.2,0.0,0.000,1011.3,22.0,1,3905.2,8105.2,20.0
2026-02-03 22:40:40.411,951.05,28.49,377,0.000,0.00,0.00,0.0,84.4,0.0,93.70,57.74,0.00,26.2,0.0,0.000,1011.3,22.0,1,3913.1,8113.1,20.0
2026-02-03 22:40:40.462,952.05,28.28,375,0.000,0.00,0.00,0.0,84.4,0.0,93.70,57.74,0.00,26.2,0.0,0.000,1011.3,22.0,1,3920.9,8120.9,20.0
2026-02-03 22:40:40.512,953.05,28.06,372,0.000,0.00,0.00,0.0,84.4,0.0,93.70,57.74,0.00,26.2,0.0,0.000,1011.3,22.0,1,3928.7,8128.7,20.0
2026-02-03 22:40:40.562,954.05,27.84,369,0.000,0.00,0.00,0.0,84.4,0.0,93.70,57.74,0.00,26.2,0.0,0.000,1011.3,22.0,1,3936.5,8136.5,20.0
2026-02-03 22:40:40.612,955.05,27.92,370,2.806,5.84,0.00,119.3,90.3,0.0,93.69,57.45,5.84,26.2,335.8,0.278,1011.2,22.0,1,3944.2,8144.2,20.0
2026-02-03 22:40:40.661,956.05,28.00,371,2.792,5.82,0.00,119.1,90.3,0.0,93.68,57.45,5.82,26.2,334.2,0.277,1011.1,22.0,1,3952.0,8152.0,20.0
2026-02-03 22:40:40.712,957.05,27.79,368,0.000,0.00,0.00,0.0,84.4,0.0,93.68,57.74,0.00,26.2,0.0,0.000,1011.1,22.0,1,3959.7,8159.7,20.0
2026-02-03 22:40:40.762,958.05,27.87,369,2.814,5.86,0.00,119.5,90.3,0.0,93.68,57.44,5.86,26.2,336.8,0.279,1011.0,22.0,1,3967.5,8167.5,20.0
2026-02-03 22:40:40.812,959.05,27.95,370,2.801,5.84,0.00,119.3,90.3,0.0,93.67,57.44,5.84,26.2,335.2,0.278,1010.9,22.0,1,3975.2,8175.2,20.0
2026-02-03 22:40:40.862,960.05,28.03,371,2.788,5.81,0.00,119.1,90.3,0.0,93.66,57.44,5.81,26.2,333.6,0.277,1010.8,22.0,1,3983.0,8183.0,20.0
2026-02-03 22:40:40.912,961.05,27.82,368,0.000,0.00,0.00,0.0,84.4,0.0,93.66,57.74,0.00,26.2,0.0,0.000,1010.8,22.0,1,3990.7,8190.7,20.0
2026-02-03 22:40:40.962,962.05,27.90,370,2.810,5.85,0.00,119.4,90.3,0.0,93.65,57.44,5.85,26.2,336.3,0.279,1010.7,22.0,1,3998.5,8198.5,20.0
2026-02-03 22:40:41.012,963.05,27.98,371,2.797,5.83,0.00,119.2,90.3,0.0,93.65,57.44,5.83,26.2,334.7,0.277,1010.6,22.0,1,4006.3,8206.3,20.0
2026-02-03 22:40:41.062,964.05,28.06,372,2.784,5.80,0.00,119.0,90.3,0.0,93.64,57.44,5.80,26.2,333.1,0.276,1010.5,22.0,1,4014.1,8214.1,20.0
2026-02-03 22:40:41.112,965.05,27.84,369,0.000,0.00,0.00,0.0,84.4,0.0,93.64,57.73,0.00,26.2,0.0,0.000,1010.5,22.0,1,4021.8,8221.8,20.0
2026-02-03 22:40:41.162,966.05,27.92,370,2.806,5.85,0.00,119.3,90.3,0.0,93.63,57.44,5.85,26.2,335.7,0.278,1010.5,22.0,1,4029.6,8229.6,20.0
2026-02-03 22:40:41.212,967.05,28.00,371,2.793,5.82,0.00,119.1,90.3,0.0,93.62,57.44,5.82,26.2,334.2,0.277,1010.4,22.0,1,4037.3,8237.3,20.0
2026-02-03 22:40:41.262,968.05,27.79,368,0.000,0.00,0.00,0.0,84.4,0.0,93.62,57.73,0.00,26.2,0.0,0.000,1010.4,22.0,1,4045.0,8245.0,20.0
2026-02-03 22:40:41.312,969.05,27.87,369,2.814,5.86,0.00,119.5,90.3,0.0,93.62,57.43,5.86,26.2,336.8,0.279,1010.3,22.0,1,4052.8,8252.8,20.0
2026-02-03 22:40:41.362,970.05,28.20,374,5.160,10.75,0.00,216.2,91.8,0.0,93.60,57.19,10.75,26.2,614.7,0.512,1010.1,22.0,1,4060.6,8260.6,20.0
2026-02-03 22:40:41.412,971.05,28.52,378,5.062,10.54,0.00,214.9,91.7,0.0,93.59,57.20,10.54,26.2,603.1,0.502,1009.9,22.0,1,4068.5,8268.5,20.0
2026-02-03 22:40:41.461,972.05,28.83,382,4.967,10.35,0.00,213.4,91.6,0.0,93.57,57.20,10.35,26.2,591.9,0.493,1009.8,22.0,1,4076.6,8276.6,20.0
2026-02-03 22:40:41.512,973.05,29.13,386,4.875,10.16,0.00,212.0,91.5,0.0,93.56,57.21,10.16,26.2,581.0,0.484,1009.6,22.0,1,4084.6,8284.6,20.0
2026-02-03 22:40:41.562,974.05,29.42,390,4.786,9.97,0.00,210.5,91.4,0.0,93.55,57.22,9.97,26.2,570.6,0.475,1009.4,22.0,1,4092.8,8292.8,20.0
2026-02-03 22:40:41.612,975.05,29.69,393,4.701,9.79,0.00,209.0,91.3,0.0,93.53,57.22,9.79,26.2,560.4,0.466,1009.3,22.0,1,4101.1,8301.1,20.0
2026-02-03 22:40:41.662,976.05,29.96,397,4.618,9.62,0.00,207.5,91.2,0.0,93.52,57.23,9.62,26.2,550.6,0.458,1009.1,22.0,1,4109.4,8309.4,20.0
2026-02-03 22:40:41.712,977.05,30.22,400,4.539,9.46,0.00,205.9,91.2,0.0,93.51,57.24,9.46,26.2,541.2,0.450,1009.0,22.0,1,4117.8,8317.8,20.0
2026-02-03 22:40:41.761,978.05,30.47,404,4.462,9.30,0.00,204.3,91.1,0.0,93.50,57.24,9.30,26.2,532.1,0.443,1008.8,22.0,1,4126.2,8326.2,20.0
2026-02-03 22:40:41.812,979.05,30.71,407,4.387,9.14,0.00,202.8,91.0,0.0,93.48,57.25,9.14,26.2,523.3,0.435,1008.7,22.0,1,4134.8,8334.8,20.0
2026-02-03 22:40:41.862,980.05,30.95,410,4.316,8.99,0.00,201.2,90.9,0.0,93.47,57.25,8.99,26.2,514.8,0.428,1008.5,22.0,1,4143.4,8343.4,20.0
2026-02-03 22:40:41.912,981.05,31.17,413,4.246,8.85,0.00,199.6,90.9,0.0,93.46,57.26,8.85,26.2,506.5,0.421,1008.4,22.0,1,4152.0,8352.0,20.0
2026-02-03 22:40:41.962,982.05,31.39,416,4.179,8.71,0.00,198.1,90.8,0.0,93.45,57.26,8.71,26.2,498.6,0.415,1008.3,22.0,1,4160.8,8360.8,20.0
2026-02-03 22:40:42.012,983.05,31.60,419,4.115,8.57,0.00,196.5,90.7,0.0,93.44,57.27,8.57,26.2,490.9,0.408,1008.1,22.0,1,4169.5,8369.5,20.0
2026-02-03 22:40:42.062,984.05,31.80,421,4.053,8.44,0.00,195.0,90.7,0.0,93.43,57.27,8.44,26.2,483.6,0.402,1008.0,22.0,1,4178.4,8378.4,20.0
2026-02-03 22:40:42.112,985.05,31.99,424,3.935,8.20,0.00,190.8,90.5,0.0,93.42,57.28,8.20,26.2,469.7,0.390,1007.9,22.0,1,4187.2,8387.2,20.0
2026-02-03 22:40:42.162,986.05,32.17,426,3.880,8.08,0.00,189.3,90.5,0.0,93.41,57.29,8.08,26.2,463.1,0.385,1007.7,22.0,1,4196.2,8396.2,20.0
2026-02-03 22:40:42.212,987.05,32.34,428,3.771,7.86,0.00,185.3,90.4,0.0,93.39,57.30,7.86,26.2,450.1,0.374,1007.6,22.0,2,5.2,8405.2,20.0
2026-02-03 22:40:42.261,988.05,32.50,431,3.667,7.64,0.00,181.4,90.2,0.0,93.38,57.31,7.64,26.2,437.8,0.364,1007.5,22.0,2,14.2,8414.2,20.0
2026-02-03 22:40:42.312,989.05,32.66,433,3.621,7.54,0.00,180.1,90.2,0.0,93.37,57.31,7.54,26.2,432.4,0.359,1007.4,22.0,2,23.3,8423.3,20.0
2026-02-03 22:40:42.362,990.05,32.81,435,3.578,7.45,0.00,178.9,90.2,0.0,93.36,57.31,7.45,26.2,427.2,0.355,1007.3,22.0,2,32.4,8432.4,20.0
2026-02-03 22:40:42.412,991.05,32.94,436,3.483,7.26,0.00,175.1,90.1,0.0,93.36,57.32,7.26,26.2,415.9,0.345,1007.1,22.0,2,41.5,8441.5,20.0
2026-02-03 22:40:42.462,992.05,33.08,438,3.444,7.17,0.00,174.0,90.0,0.0,93.35,57.32,7.17,26.2,411.3,0.342,1007.0,22.0,2,50.7,8450.7,20.0
2026-02-03 22:40:42.511,993.05,33.20,440,3.355,6.99,0.00,170.3,89.9,0.0,93.34,57.33,6.99,26.2,400.7,0.333,1006.9,22.0,2,59.9,8459.9,20.0
2026-02-03 22:40:42.561,994.05,33.32,441,3.321,6.92,0.00,169.3,89.9,0.0,93.33,57.33,6.92,26.2,396.6,0.329,1006.8,22.0,2,69.2,8469.2,20.0
2026-02-03 22:40:42.612,995.05,33.44,443,3.288,6.85,0.00,168.3,89.8,0.0,93.32,57.34,6.85,26.2,392.7,0.326,1006.7,22.0,2,78.5,8478.5,20.0
2026-02-03 22:40:42.662,996.05,33.54,444,3.205,6.68,0.00,164.8,89.8,0.0,93.31,57.34,6.68,26.2,382.9,0.318,1006.6,22.0,2,87.8,8487.8,20.0
2026-02-03 22:40:42.712,997.05,33.65,446,3.176,6.62,0.00,163.9,89.7,0.0,93.30,57.34,6.62,26.2,379.5,0.315,1006.5,22.0,2,97.2,8497.2,20.0
2026-02-03 22:40:42.762,998.05,33.75,447,3.148,6.56,0.00,163.0,89.7,0.0,93.29,57.35,6.56,26.2,376.1,0.312,1006.4,22.0,2,106.5,8506.5,20.0
2026-02-03 22:40:42.812,999.05,33.84,448,3.072,6.40,0.00,159.7,89.6,0.0,93.28,57.35,6.40,26.2,367.1,0.305,1006.3,22.0,2,115.9,8515.9,20.0
2026-02-03 22:40:42.862,1000.05,33.93,449,3.048,6.35,0.00,158.9,89.6,0.0,93.28,57.35,6.35,26.2,364.2,0.302,1006.2,22.0,2,125.4,8525.4,20.0
2026-02-03 22:40:42.912,1001.05,34.01,451,3.024,6.30,0.00,158.1,89.6,0.0,93.27,57.35,6.30,26.2,361.3,0.300,1006.1,22.0,2,134.8,8534.8,20.0
2026-02-03 22:40:42.962,1002.05,34.09,452,2.953,6.15,0.00,154.9,89.5,0.0,93.26,57.36,6.15,26.2,352.9,0.293,1006.0,22.0,2,144.3,8544.3,20.0
2026-02-03 22:40:43.012,1003.05,34.17,453,2.933,6.11,0.00,154.2,89.5,0.0,93.25,57.36,6.11,26.2,350.5,0.291,1005.9,22.0,2,153.8,8553.8,20.0
2026-02-03 22:40:43.062,1004.05,34.24,454,2.913,6.07,0.00,153.5,89.5,0.0,93.24,57.36,6.07,26.2,348.1,0.289,1005.8,22.0,2,163.3,8563.3,20.0
2026-02-03 22:40:43.111,1005.05,34.31,455,2.894,6.03,0.00,152.9,89.4,0.0,93.23,57.36,6.03,26.2,345.8,0.287,1005.7,22.0,2,172.8,8572.8,20.0
2026-02-03 22:40:43.161,1006.05,34.38,456,2.875,5.99,0.00,150.6,90.4,0.0,93.23,57.36,5.99,26.3,343.6,0.285,1005.6,22.0,2,182.4,8582.4,20.0
2026-02-03 22:40:43.212,1007.05,34.44,456,2.811,5.86,0.00,147.6,90.3,0.0,93.22,57.37,5.86,26.3,335.9,0.279,1005.5,22.0,2,191.9,8591.9,20.0
2026-02-03 22:40:43.262,1008.05,34.50,457,2.795,5.82,0.00,147.1,90.3,0.0,93.21,57.37,5.82,26.3,334.0,0.277,1005.4,22.0,2,201.5,8601.5,20.0
2026-02-03 22:40:43.312,1009.05,34.56,458,2.779,5.79,0.00,146.5,90.3,0.0,93.20,57.37,5.79,26.3,332.2,0.276,1005.3,22.0,2,211.1,8611.1,20.0
2026-02-03 22:40:43.361,1010.05,34.62,459,2.764,5.76,0.00,146.0,90.3,0.0,93.20,57.37,5.76,26.3,330.4,0.274,1005.2,22.0,2,220.7,8620.7,20.0
2026-02-03 22:40:43.412,1011.05,34.67,459,2.750,5.73,0.00,145.5,90.3,0.0,93.19,57.37,5.73,26.3,328.6,0.273,1005.1,22.0,2,230.4,8630.4,20.0
2026-02-03 22:40:43.462,1012.05,34.72,460,2.691,5.61,0.00,142.7,90.2,0.0,93.18,57.37,5.61,26.3,321.6,0.267,1005.0,22.0,2,240.0,8640.0,20.0
2026-02-03 22:40:43.512,1013.05,34.77,461,2.678,5.58,0.00,142.3,90.2,0.0,93.17,57.37,5.58,26.3,320.1,0.266,1005.0,22.0,2,249.7,8649.7,20.0
2026-02-03 22:40:43.562,1014.05,34.81,461,2.666,5.55,0.00,141.8,90.2,0.0,93.17,57.37,5.55,26.3,318.7,0.265,1004.9,22.0,2,259.3,8659.3,20.0
2026-02-03 22:40:43.611,1015.05,34.86,462,2.655,5.53,0.00,141.4,90.2,0.0,93.16,57.37,5.53,26.3,317.3,0.263,1004.8,22.0,2,269.0,8669.0,20.0
2026-02-03 22:40:43.662,1016.05,34.81,461,1.762,3.67,0.00,95.0,89.2,0.0,93.15,57.47,3.67,26.3,211.0,0.175,1004.7,22.0,2,278.7,8678.7,20.0
2026-02-03 22:40:43.712,1017.05,34.76,460,1.771,3.69,0.00,95.3,89.2,0.0,93.15,57.46,3.69,26.3,212.0,0.176,1004.7,22.0,2,288.3,8688.3,20.0
2026-02-03 22:40:43.762,1018.05,34.71,460,1.780,3.71,0.00,95.6,89.3,0.0,93.14,57.46,3.71,26.3,213.0,0.177,1004.6,22.0,2,298.0,8698.0,20.0
2026-02-03 22:40:43.811,1019.05,34.66,459,1.788,3.72,0.00,95.9,89.3,0.0,93.14,57.46,3.72,26.3,214.0,0.177,1004.5,22.0,2,307.6,8707.6,20.0
2026-02-03 22:40:43.862,1020.05,34.61,459,1.796,3.74,0.00,96.2,89.3,0.0,93.13,57.46,3.74,26.3,215.0,0.178,1004.5,22.0,2,317.2,8717.2,20.0
2026-02-03 22:40:43.912,1021.05,34.57,458,1.804,3.76,0.00,96.5,89.3,0.0,93.13,57.46,3.76,26.3,215.9,0.179,1004.4,22.0,2,326.8,8726.8,20.0
2026-02-03 22:40:43.962,1022.05,34.52,457,1.811,3.77,0.00,96.8,89.3,0.0,93.12,57.46,3.77,26.2,216.8,0.180,1004.4,22.0,2,336.4,8736.4,20.0
2026-02-03 22:40:44.011,1023.05,34.29,454,0.000,0.00,0.00,0.0,84.4,0.0,93.12,57.64,0.00,26.2,0.0,0.000,1004.4,22.0,2,345.9,8745.9,20.0
2026-02-03 22:40:44.062,1024.05,34.05,451,0.000,0.00,0.00,0.0,84.4,0.0,93.12,57.64,0.00,26.2,0.0,0.000,1004.4,22.0,2,355.4,8755.4,20.0
2026-02-03 22:40:44.112,1025.05,33.82,448,0.000,0.00,0.00,0.0,84.4,0.0,93.12,57.64,0.00,26.2,0.0,0.000,1004.4,22.0,2,364.8,8764.8,20.0
2026-02-03 22:40:44.162,1026.05,33.79,448,1.939,4.04,0.00,101.2,89.4,0.0,93.12,57.44,4.04,26.2,232.0,0.192,1004.3,22.0,2,374.2,8774.2,20.0
2026-02-03 22:40:44.212,1027.05,33.76,447,1.944,4.05,0.00,101.3,89.4,0.0,93.11,57.44,4.05,26.2,232.6,0.193,1004.2,22.0,2,383.6,8783.6,20.0
2026-02-03 22:40:44.261,1028.05,33.73,447,1.949,4.06,0.00,101.5,89.4,0.0,93.11,57.44,4.06,26.2,233.2,0.193,1004.2,22.0,2,392.9,8792.9,20.0
2026-02-03 22:40:44.312,1029.05,33.71,447,1.953,4.07,0.00,101.6,89.4,0.0,93.10,57.44,4.07,26.2,233.7,0.194,1004.1,22.0,2,402.3,8802.3,20.0
2026-02-03 22:40:44.362,1030.05,33.68,446,1.958,4.08,0.00,101.8,89.4,0.0,93.10,57.44,4.08,26.2,234.3,0.194,1004.0,22.0,2,411.6,8811.6,20.0
2026-02-03 22:40:44.412,1031.05,33.66,446,1.962,4.09,0.00,101.9,89.4,0.0,93.09,57.44,4.09,26.2,234.8,0.195,1004.0,22.0,2,421.0,8821.0,20.0
2026-02-03 22:40:44.462,1032.05,33.63,446,1.966,4.10,0.00,102.1,89.5,0.0,93.09,57.43,4.10,26.2,235.3,0.195,1003.9,22.0,2,430.3,8830.3,20.0
2026-02-03 22:40:44.511,1033.05,33.61,445,1.971,4.11,0.00,102.2,89.5,0.0,93.08,57.43,4.11,26.2,235.8,0.196,1003.8,22.0,2,439.7,8839.7,20.0
2026-02-03 22:40:44.561,1034.05,33.58,445,1.975,4.11,0.00,102.4,89.5,0.0,93.08,57.43,4.11,26.2,236.3,0.196,1003.8,22.0,2,449.0,8849.0,20.0
2026-02-03 22:40:44.612,1035.05,33.56,445,1.979,4.12,0.00,102.5,89.5,0.0,93.07,57.43,4.12,26.2,236.8,0.196,1003.7,22.0,2,458.3,8858.3,20.0
2026-02-03 22:40:44.662,1036.05,33.54,444,1.983,4.13,0.00,102.6,89.5,0.0,93.07,57.43,4.13,26.2,237.2,0.197,1003.6,22.0,2,467.6,8867.6,20.0
2026-02-03 22:40:44.712,1037.05,33.51,444,1.987,4.14,0.00,102.7,89.5,0.0,93.06,57.43,4.14,26.2,237.7,0.197,1003.6,22.0,2,476.9,8876.9,20.0
2026-02-03 22:40:44.761,1038.05,33.49,444,1.991,4.15,0.00,102.9,89.5,0.0,93.05,57.43,4.15,26.2,238.2,0.197,1003.5,22.0,2,486.2,8886.2,20.0
2026-02-03 22:40:44.812,1039.05,33.47,443,1.994,4.16,0.00,103.0,89.5,0.0,93.05,57.42,4.16,26.2,238.6,0.198,1003.4,22.0,2,495.5,8895.5,20.0
2026-02-03 22:40:44.862,1040.05,33.45,443,1.998,4.16,0.00,103.1,89.5,0.0,93.04,57.42,4.16,26.2,239.0,0.198,1003.4,22.0,2,504.8,8904.8,20.0
2026-02-03 22:40:44.912,1041.05,33.52,444,2.902,6.05,0.00,149.8,89.4,0.0,93.04,57.33,6.05,26.2,346.6,0.288,1003.3,22.0,2,514.1,8914.1,20.0
2026-02-03 22:40:44.961,1042.05,33.60,445,2.884,6.01,0.00,149.2,89.4,0.0,93.03,57.33,6.01,26.2,344.4,0.286,1003.2,22.0,2,523.5,8923.5,20.0
2026-02-03 22:40:45.012,1043.05,33.67,446,2.866,5.97,0.00,147.0,90.4,0.0,93.02,57.33,5.97,26.2,342.3,0.284,1003.1,22.0,2,532.8,8932.8,20.0
2026-02-03 22:40:45.062,1044.05,33.73,447,2.849,5.93,0.00,146.4,90.4,0.0,93.01,57.33,5.93,26.2,340.2,0.283,1003.0,22.0,2,542.2,8942.2,20.0
2026-02-03 22:40:45.111,1045.05,33.80,448,2.783,5.80,0.00,143.5,90.3,0.0,93.00,57.33,5.80,26.2,332.4,0.276,1002.9,22.0,2,551.6,8951.6,20.0
2026-02-03 22:40:45.162,1046.05,33.85,449,2.768,5.77,0.00,143.0,90.3,0.0,93.00,57.33,5.77,26.2,330.7,0.275,1002.8,22.0,2,561.0,8961.0,20.0
2026-02-03 22:40:45.212,1047.05,33.91,449,2.754,5.74,0.00,142.5,90.3,0.0,92.99,57.34,5.74,26.2,329.0,0.273,1002.7,22.0,2,570.4,8970.4,20.0
2026-02-03 22:40:45.262,1048.05,33.97,450,2.740,5.71,0.00,142.0,90.3,0.0,92.98,57.34,5.71,26.2,327.3,0.272,1002.6,22.0,2,579.9,8979.9,20.0
2026-02-03 22:40:45.312,1049.05,34.02,451,2.726,5.68,0.00,141.6,90.3,0.0,92.97,57.34,5.68,26.2,325.7,0.270,1002.5,22.0,2,589.3,8989.3,20.0
2026-02-03 22:40:45.361,1050.05,34.07,451,2.666,5.55,0.00,138.8,90.2,0.0,92.97,57.34,5.55,26.2,318.4,0.264,1002.4,22.0,2,598.8,8998.8,20.0
2026-02-03 22:40:45.411,1051.05,34.12,452,2.654,5.53,0.00,138.4,90.2,0.0,92.96,57.34,5.53,26.2,317.1,0.263,1002.4,22.0,2,608.2,9008.2,20.0
2026-02-03 22:40:45.462,1052.05,34.16,453,2.643,5.51,0.00,138.0,90.2,0.0,92.95,57.34,5.51,26.2,315.8,0.262,1002.3,22.0,2,617.7,9017.7,20.0
2026-02-03 22:40:45.512,1053.05,34.13,452,1.880,3.92,0.00,99.2,89.4,0.0,92.95,57.42,3.92,26.2,224.9,0.187,1002.2,22.0,2,627.2,9027.2,20.0
2026-02-03 22:40:45.562,1054.05,34.09,452,1.887,3.93,0.00,99.4,89.4,0.0,92.94,57.42,3.93,26.2,225.7,0.187,1002.1,22.0,2,636.7,9036.7,20.0
2026-02-03 22:40:45.611,1055.05,34.06,451,1.893,3.94,0.00,99.6,89.4,0.0,92.94,57.42,3.94,26.2,226.4,0.188,1002.1,22.0,2,646.1,9046.1,20.0
2026-02-03 22:40:45.662,1056.05,33.82,448,0.000,0.00,0.00,0.0,84.4,0.0,92.94,57.61,0.00,26.2,0.0,0.000,1002.1,22.0,2,655.5,9055.5,20.0
2026-02-03 22:40:45.712,1057.05,33.59,445,0.000,0.00,0.00,0.0,84.4,0.0,92.94,57.61,0.00,26.2,0.0,0.000,1002.1,22.0,2,664.9,9064.9,20.0
2026-02-03 22:40:45.762,1058.05,33.36,442,0.000,0.00,0.00,0.0,84.4,0.0,92.94,57.61,0.00,26.2,0.0,0.000,1002.1,22.0,2,674.1,9074.1,20.0
2026-02-03 22:40:45.811,1059.05,33.12,439,0.000,0.00,0.00,0.0,84.4,0.0,92.94,57.61,0.00,26.2,0.0,0.000,1002.1,22.0,2,683.3,9083.3,20.0
2026-02-03 22:40:45.862,1060.05,32.89,436,0.000,0.00,0.00,0.0,84.4,0.0,92.94,57.61,0.00,26.2,0.0,0.000,1002.1,22.0,2,692.5,9092.5,20.0
2026-02-03 22:40:45.912,1061.05,32.66,433,0.000,0.00,0.00,0.0,84.4,0.0,92.94,57.61,0.00,26.2,0.0,0.000,1002.1,22.0,2,701.5,9101.5,20.0
2026-02-03 22:40:45.962,1062.05,32.43,430,0.000,0.00,0.00,0.0,84.4,0.0,92.94,57.61,0.00,26.2,0.0,0.000,1002.1,22.0,2,710.6,9110.6,20.0
2026-02-03 22:40:46.012,1063.05,32.20,427,0.000,0.00,0.00,0.0,84.4,0.0,92.94,57.61,0.00,26.2,0.0,0.000,1002.1,22.0,2,719.5,9119.5,20.0
2026-02-03 22:40:46.061,1064.05,31.97,424,0.000,0.00,0.00,0.0,84.4,0.0,92.94,57.61,0.00,26.2,0.0,0.000,1002.1,22.0,2,728.4,9128.4,20.0
2026-02-03 22:40:46.112,1065.05,31.75,421,0.000,0.00,0.00,0.0,84.4,0.0,92.94,57.61,0.00,26.2,0.0,0.000,1002.1,22.0,2,737.2,9137.2,20.0
2026-02-03 22:40:46.162,1066.05,31.52,418,0.000,0.00,0.00,0.0,84.4,0.0,92.94,57.61,0.00,26.2,0.0,0.000,1002.1,22.0,2,745.9,9145.9,20.0
2026-02-03 22:40:46.212,1067.05,31.29,415,0.000,0.00,0.00,0.0,84.4,0.0,92.94,57.61,0.00,26.2,0.0,0.000,1002.1,22.0,2,754.6,9154.6,20.0
2026-02-03 22:40:46.262,1068.05,31.07,412,0.000,0.00,0.00,0.0,84.4,0.0,92.94,57.61,0.00,26.2,0.0,0.000,1002.1,22.0,2,763.3,9163.3,20.0
2026-02-03 22:40:46.311,1069.05,30.84,409,0.000,0.00,0.00,0.0,84.4,0.0,92.94,57.61,0.00,26.2,0.0,0.000,1002.1,22.0,2,771.8,9171.8,20.0
2026-02-03 22:40:46.362,1070.05,30.88,409,2.444,5.09,0.00,115.6,90.0,0.0,92.93,57.36,5.09,26.2,292.1,0.242,1002.0,22.0,2,780.4,9180.4,20.0
2026-02-03 22:40:46.412,1071.05,30.91,409,2.438,5.08,0.00,115.5,90.0,0.0,92.92,57.36,5.08,26.2,291.4,0.242,1001.9,22.0,2,789.0,9189.0,20.0
2026-02-03 22:40:46.462,1072.05,30.94,410,2.433,5.07,0.00,115.3,89.9,0.0,92.92,57.36,5.07,26.2,290.7,0.241,1001.8,22.0,2,797.6,9197.6,20.0
2026-02-03 22:40:46.512,1073.05,30.98,410,2.427,5.06,0.00,115.2,89.9,0.0,92.91,57.36,5.06,26.2,290.0,0.241,1001.8,22.0,2,806.2,9206.2,20.0
2026-02-03 22:40:46.562,1074.05,31.01,411,2.421,5.04,0.00,115.1,89.9,0.0,92.90,57.36,5.04,26.2,289.3,0.240,1001.7,22.0,2,814.8,9214.8,20.0
2026-02-03 22:40:46.611,1075.05,31.04,411,2.416,5.03,0.00,114.9,89.9,0.0,92.90,57.35,5.03,26.2,288.7,0.240,1001.6,22.0,2,823.4,9223.4,20.0
2026-02-03 22:40:46.662,1076.05,30.81,408,0.000,0.00,0.00,0.0,84.4,0.0,92.90,57.61,0.00,26.2,0.0,0.000,1001.6,22.0,2,832.0,9232.0,20.0
2026-02-03 22:40:46.712,1077.05,30.59,405,0.000,0.00,0.00,0.0,84.4,0.0,92.90,57.61,0.00,26.2,0.0,0.000,1001.6,22.0,2,840.5,9240.5,20.0
2026-02-03 22:40:46.762,1078.05,30.37,402,0.000,0.00,0.00,0.0,84.4,0.0,92.90,57.61,0.00,26.2,0.0,0.000,1001.6,22.0,2,848.9,9248.9,20.0
2026-02-03 22:40:46.812,1079.05,30.14,399,0.000,0.00,0.00,0.0,84.4,0.0,92.90,57.61,0.00,26.2,0.0,0.000,1001.6,22.0,2,857.3,9257.3,20.0
2026-02-03 22:40:46.861,1080.05,29.92,396,0.000,0.00,0.00,0.0,84.4,0.0,92.90,57.61,0.00,26.2,0.0,0.000,1001.6,22.0,2,865.6,9265.6,20.0
2026-02-03 22:40:46.912,1081.05,29.97,397,2.535,5.28,0.00,116.2,90.1,0.0,92.89,57.34,5.28,26.2,302.9,0.252,1001.5,22.0,2,873.9,9273.9,20.0
2026-02-03 22:40:46.962,1082.05,30.01,398,2.528,5.27,0.00,116.1,90.0,0.0,92.88,57.34,5.27,26.2,301.9,0.251,1001.4,22.0,2,882.3,9282.3,20.0
2026-02-03 22:40:47.012,1083.05,29.79,395,0.000,0.00,0.00,0.0,84.4,0.0,92.88,57.60,0.00,26.2,0.0,0.000,1001.4,22.0,2,890.6,9290.6,20.0
2026-02-03 22:40:47.062,1084.05,29.84,395,2.557,5.33,0.00,116.7,90.1,0.0,92.87,57.34,5.33,26.2,305.4,0.254,1001.3,22.0,2,898.8,9298.8,20.0
2026-02-03 22:40:47.112,1085.05,29.89,396,2.548,5.31,0.00,116.5,90.1,0.0,92.87,57.34,5.31,26.2,304.4,0.253,1001.3,22.0,2,907.1,9307.1,20.0
2026-02-03 22:40:47.161,1086.05,29.94,397,2.540,5.29,0.00,116.3,90.1,0.0,92.86,57.34,5.29,26.2,303.4,0.252,1001.2,22.0,2,915.5,9315.5,20.0
2026-02-03 22:40:47.212,1087.05,29.99,397,2.532,5.28,0.00,116.2,90.1,0.0,92.85,57.34,5.28,26.2,302.5,0.251,1001.1,22.0,2,923.8,9323.8,20.0
2026-02-03 22:40:47.262,1088.05,30.03,398,2.525,5.26,0.00,116.0,90.0,0.0,92.85,57.34,5.26,26.2,301.6,0.250,1001.0,22.0,2,932.1,9332.1,20.0
2026-02-03 22:40:47.311,1089.05,29.81,395,0.000,0.00,0.00,0.0,84.4,0.0,92.85,57.60,0.00,26.2,0.0,0.000,1001.0,22.0,2,940.4,9340.4,20.0
2026-02-03 22:40:47.361,1090.05,29.86,396,2.554,5.32,0.00,116.6,90.1,0.0,92.84,57.33,5.32,26.2,305.0,0.253,1000.9,22.0,2,948.7,9348.7,20.0
2026-02-03 22:40:47.412,1091.05,29.91,396,2.546,5.30,0.00,116.5,90.1,0.0,92.83,57.33,5.30,26.2,304.0,0.253,1000.8,22.0,2,957.0,9357.0,20.0
2026-02-03 22:40:47.462,1092.05,29.96,397,2.538,5.29,0.00,116.3,90.1,0.0,92.83,57.33,5.29,26.2,303.1,0.252,1000.8,22.0,2,965.3,9365.3,20.0
2026-02-03 22:40:47.512,1093.05,30.00,397,2.530,5.27,0.00,116.1,90.0,0.0,92.82,57.33,5.27,26.2,302.2,0.251,1000.7,22.0,2,973.7,9373.7,20.0
2026-02-03 22:40:47.562,1094.05,29.78,394,0.000,0.00,0.00,0.0,84.4,0.0,92.82,57.59,0.00,26.2,0.0,0.000,1000.7,22.0,2,981.9,9381.9,20.0
2026-02-03 22:40:47.611,1095.05,29.83,395,2.559,5.33,0.00,116.7,90.1,0.0,92.81,57.33,5.33,26.2,305.6,0.254,1000.6,22.0,2,990.2,9390.2,20.0
2026-02-03 22:40:47.662,1096.05,29.88,396,2.551,5.31,0.00,116.6,90.1,0.0,92.80,57.33,5.31,26.2,304.6,0.253,1000.5,22.0,2,998.5,9398.5,20.0
2026-02-03 22:40:47.712,1097.05,29.93,396,2.542,5.30,0.00,116.4,90.1,0.0,92.80,57.33,5.30,26.2,303.6,0.252,1000.4,22.0,2,1006.8,9406.8,20.0
2026-02-03 22:40:47.762,1098.05,30.19,400,4.549,9.48,0.00,206.1,91.2,0.0,92.79,57.11,9.48,26.2,541.3,0.451,1000.3,22.0,2,1015.2,9415.2,20.0
2026-02-03 22:40:47.812,1099.05,30.44,403,4.472,9.32,0.00,204.5,91.1,0.0,92.77,57.12,9.32,26.2,532.1,0.444,1000.1,22.0,2,1023.7,9423.7,20.0
2026-02-03 22:40:47.862,1100.05,30.68,406,4.397,9.16,0.00,203.0,91.0,0.0,92.76,57.13,9.16,26.2,523.3,0.436,1000.0,22.0,2,1032.2,9432.2,20.0
2026-02-03 22:40:47.912,1101.05,30.92,410,4.325,9.01,0.00,201.4,90.9,0.0,92.75,57.13,9.01,26.2,514.8,0.429,999.8,22.0,2,1040.8,9440.8,20.0
2026-02-03 22:40:47.962,1102.05,31.14,413,4.255,8.87,0.00,199.8,90.9,0.0,92.74,57.14,8.87,26.2,506.5,0.422,999.7,22.0,2,1049.4,9449.4,20.0
2026-02-03 22:40:48.012,1103.05,31.36,415,4.188,8.73,0.00,198.3,90.8,0.0,92.73,57.14,8.73,26.2,498.6,0.416,999.6,22.0,2,1058.2,9458.2,20.0
2026-02-03 22:40:48.062,1104.05,31.57,418,4.123,8.59,0.00,196.7,90.7,0.0,92.71,57.15,8.59,26.2,490.9,0.409,999.4,22.0,2,1066.9,9466.9,20.0
2026-02-03 22:40:48.111,1105.05,31.77,421,4.061,8.46,0.00,195.2,90.7,0.0,92.70,57.15,8.46,26.2,483.5,0.403,999.3,22.0,2,1075.7,9475.7,20.0
2026-02-03 22:40:48.162,1106.05,31.96,423,3.943,8.21,0.00,191.0,90.5,0.0,92.69,57.16,8.21,26.2,469.6,0.391,999.2,22.0,2,1084.6,9484.6,20.0
2026-02-03 22:40:48.212,1107.05,32.15,426,3.887,8.10,0.00,189.5,90.5,0.0,92.68,57.17,8.10,26.2,463.0,0.386,999.0,22.0,2,1093.6,9493.6,20.0
2026-02-03 22:40:48.262,1108.05,32.32,428,3.778,7.87,0.00,185.5,90.4,0.0,92.67,57.18,7.87,26.2,450.0,0.375,998.9,22.0,2,1102.5,9502.5,20.0
2026-02-03 22:40:48.312,1109.05,32.49,430,3.728,7.77,0.00,184.2,90.3,0.0,92.66,57.18,7.77,26.2,444.1,0.370,998.8,22.0,2,1111.6,9511.6,20.0
2026-02-03 22:40:48.361,1110.05,32.64,432,3.626,7.56,0.00,180.2,90.2,0.0,92.65,57.19,7.56,26.3,432.1,0.360,998.7,22.0,2,1120.6,9520.6,20.0
2026-02-03 22:40:48.412,1111.05,32.79,434,3.582,7.46,0.00,179.0,90.2,0.0,92.64,57.19,7.46,26.3,426.8,0.355,998.5,22.0,2,1129.7,9529.7,20.0
2026-02-03 22:40:48.462,1112.05,32.93,436,3.487,7.26,0.00,175.2,90.1,0.0,92.63,57.20,7.26,26.3,415.5,0.346,998.4,22.0,2,1138.9,9538.9,20.0
2026-02-03 22:40:48.512,1113.05,33.06,438,3.448,7.18,0.00,174.1,90.0,0.0,92.62,57.20,7.18,26.3,410.9,0.342,998.3,22.0,2,1148.1,9548.1,20.0
2026-02-03 22:40:48.562,1114.05,33.19,440,3.359,7.00,0.00,170.4,89.9,0.0,92.61,57.21,7.00,26.3,400.3,0.333,998.2,22.0,2,1157.3,9557.3,20.0
2026-02-03 22:40:48.611,1115.05,33.31,441,3.325,6.93,0.00,169.4,89.9,0.0,92.60,57.21,6.93,26.3,396.3,0.330,998.1,22.0,2,1166.5,9566.5,20.0
2026-02-03 22:40:48.661,1116.05,33.42,443,3.291,6.86,0.00,168.4,89.9,0.0,92.59,57.21,6.86,26.3,392.3,0.327,998.0,22.0,2,1175.8,9575.8,20.0
2026-02-03 22:40:48.712,1117.05,33.53,444,3.209,6.69,0.00,164.9,89.8,0.0,92.59,57.22,6.69,26.3,382.6,0.318,997.9,22.0,2,1185.1,9585.1,20.0
2026-02-03 22:40:48.762,1118.05,33.64,446,3.180,6.63,0.00,164.0,89.7,0.0,92.58,57.22,6.63,26.3,379.1,0.315,997.8,22.0,2,1194.5,9594.5,20.0
2026-02-03 22:40:48.812,1119.05,33.74,447,3.152,6.57,0.00,163.1,89.7,0.0,92.57,57.22,6.57,26.3,375.7,0.313,997.7,22.0,2,1203.8,9603.8,20.0
2026-02-03 22:40:48.862,1120.05,33.83,448,3.076,6.41,0.00,159.8,89.6,0.0,92.56,57.23,6.41,26.3,366.7,0.305,997.6,22.0,2,1213.2,9613.2,20.0
2026-02-03 22:40:48.911,1121.05,33.92,449,3.051,6.36,0.00,159.0,89.6,0.0,92.55,57.23,6.36,26.3,363.8,0.303,997.5,22.0,2,1222.7,9622.7,20.0
2026-02-03 22:40:48.962,1122.05,34.00,450,3.027,6.31,0.00,158.2,89.6,0.0,92.54,57.23,6.31,26.3,360.9,0.300,997.4,22.0,2,1232.1,9632.1,20.0
2026-02-03 22:40:49.012,1123.05,34.08,452,2.956,6.16,0.00,155.0,89.5,0.0,92.53,57.24,6.16,26.3,352.5,0.293,997.3,22.0,2,1241.6,9641.6,20.0
2026-02-03 22:40:49.062,1124.05,34.16,453,2.936,6.12,0.00,154.3,89.5,0.0,92.53,57.24,6.12,26.3,350.1,0.291,997.2,22.0,2,1251.1,9651.1,20.0
2026-02-03 22:40:49.112,1125.05,34.23,454,2.916,6.07,0.00,153.6,89.5,0.0,92.52,57.24,6.07,26.3,347.7,0.289,997.1,22.0,2,1260.6,9660.6,20.0
2026-02-03 22:40:49.162,1126.05,34.19,453,1.869,3.89,0.00,98.8,89.3,0.0,92.51,57.35,3.89,26.3,223.2,0.185,997.0,22.0,2,1270.1,9670.1,20.0
2026-02-03 22:40:49.211,1127.05,33.96,450,0.000,0.00,0.00,0.0,84.4,0.0,92.51,57.54,0.00,26.3,0.0,0.000,997.0,22.0,2,1279.5,9679.5,20.0
2026-02-03 22:40:49.262,1128.05,33.73,447,0.000,0.00,0.00,0.0,84.4,0.0,92.51,57.54,0.00,26.3,0.0,0.000,997.0,22.0,2,1288.9,9688.9,20.0
2026-02-03 22:40:49.312,1129.05,33.49,444,0.000,0.00,0.00,0.0,84.4,0.0,92.51,57.54,0.00,26.3,0.0,0.000,997.0,22.0,2,1298.2,9698.2,20.0
2026-02-03 22:40:49.362,1130.05,33.26,441,0.000,0.00,0.00,0.0,84.4,0.0,92.51,57.54,0.00,26.3,0.0,0.000,997.0,22.0,2,1307.4,9707.4,20.0
2026-02-03 22:40:49.412,1131.05,33.03,438,0.000,0.00,0.00,0.0,84.4,0.0,92.51,57.54,0.00,26.3,0.0,0.000,997.0,22.0,2,1316.6,9716.6,20.0
2026-02-03 22:40:49.461,1132.05,32.80,434,0.000,0.00,0.00,0.0,84.4,0.0,92.51,57.54,0.00,26.3,0.0,0.000,997.0,22.0,2,1325.7,9725.7,20.0
2026-02-03 22:40:49.511,1133.05,32.57,431,0.000,0.00,0.00,0.0,84.4,0.0,92.51,57.54,0.00,26.3,0.0,0.000,997.0,22.0,2,1334.7,9734.7,20.0
2026-02-03 22:40:49.562,1134.05,32.34,428,0.000,0.00,0.00,0.0,84.4,0.0,92.51,57.54,0.00,26.3,0.0,0.000,997.0,22.0,2,1343.7,9743.7,20.0
2026-02-03 22:40:49.612,1135.05,32.11,425,0.000,0.00,0.00,0.0,84.4,0.0,92.51,57.54,0.00,26.3,0.0,0.000,997.0,22.0,2,1352.6,9752.6,20.0
2026-02-03 22:40:49.662,1136.05,31.88,422,0.000,0.00,0.00,0.0,84.4,0.0,92.51,57.54,0.00,26.3,0.0,0.000,997.0,22.0,2,1361.5,9761.5,20.0
2026-02-03 22:40:49.712,1137.05,31.65,419,0.000,0.00,0.00,0.0,84.4,0.0,92.51,57.54,0.00,26.3,0.0,0.000,997.0,22.0,2,1370.3,9770.3,20.0
2026-02-03 22:40:49.762,1138.05,31.42,416,0.000,0.00,0.00,0.0,84.4,0.0,92.51,57.54,0.00,26.2,0.0,0.000,997.0,22.0,2,1379.0,9779.0,20.0
2026-02-03 22:40:49.812,1139.05,31.20,413,0.000,0.00,0.00,0.0,84.4,0.0,92.51,57.54,0.00,26.2,0.0,0.000,997.0,22.0,2,1387.7,9787.7,20.0
2026-02-03 22:40:49.862,1140.05,30.97,410,0.000,0.00,0.00,0.0,84.4,0.0,92.51,57.54,0.00,26.2,0.0,0.000,997.0,22.0,2,1396.3,9796.3,20.0
2026-02-03 22:40:49.912,1141.05,30.75,407,0.000,0.00,0.00,0.0,84.4,0.0,92.51,57.54,0.00,26.2,0.0,0.000,997.0,22.0,2,1404.8,9804.8,20.0
2026-02-03 22:40:49.961,1142.05,30.52,404,0.000,0.00,0.00,0.0,84.4,0.0,92.51,57.54,0.00,26.2,0.0,0.000,997.0,22.0,2,1413.3,9813.3,20.0
2026-02-03 22:40:50.011,1143.05,30.30,401,0.000,0.00,0.00,0.0,84.4,0.0,92.51,57.54,0.00,26.2,0.0,0.000,997.0,22.0,2,1421.7,9821.7,20.0
2026-02-03 22:40:50.062,1144.05,30.08,398,0.000,0.00,0.00,0.0,84.4,0.0,92.51,57.54,0.00,26.2,0.0,0.000,997.0,22.0,2,1430.1,9830.1,20.0
2026-02-03 22:40:50.112,1145.05,29.86,395,0.000,0.00,0.00,0.0,84.4,0.0,92.51,57.54,0.00,26.2,0.0,0.000,997.0,22.0,2,1438.4,9838.4,20.0
2026-02-03 22:40:50.162,1146.05,29.64,393,0.000,0.00,0.00,0.0,84.4,0.0,92.51,57.54,0.00,26.2,0.0,0.000,997.0,22.0,2,1446.6,9846.6,20.0
2026-02-03 22:40:50.212,1147.05,29.42,390,0.000,0.00,0.00,0.0,84.4,0.0,92.51,57.54,0.00,26.2,0.0,0.000,997.0,22.0,2,1454.8,9854.8,20.0
2026-02-03 22:40:50.261,1148.05,29.20,387,0.000,0.00,0.00,0.0,84.4,0.0,92.51,57.54,0.00,26.2,0.0,0.000,997.0,22.0,2,1462.9,9862.9,20.0
2026-02-03 22:40:50.311,1149.05,28.98,384,0.000,0.00,0.00,0.0,84.4,0.0,92.51,57.54,0.00,26.2,0.0,0.000,997.0,22.0,2,1470.9,9870.9,20.0
2026-02-03 22:40:50.362,1150.05,28.76,381,0.000,0.00,0.00,0.0,84.4,0.0,92.51,57.54,0.00,26.2,0.0,0.000,997.0,22.0,2,1478.9,9878.9,20.0
2026-02-03 22:40:50.412,1151.05,28.54,378,0.000,0.00,0.00,0.0,84.4,0.0,92.51,57.54,0.00,26.2,0.0,0.000,997.0,22.0,2,1486.9,9886.9,20.0
2026-02-03 22:40:50.462,1152.05,28.32,375,0.000,0.00,0.00,0.0,84.4,0.0,92.51,57.54,0.00,26.2,0.0,0.000,997.0,22.0,2,1494.7,9894.7,20.0
2026-02-03 22:40:50.512,1153.05,28.11,372,0.000,0.00,0.00,0.0,84.4,0.0,92.51,57.54,0.00,26.2,0.0,0.000,997.0,22.0,2,1502.5,9902.5,20.0
2026-02-03 22:40:50.561,1154.05,27.89,369,0.000,0.00,0.00,0.0,84.4,0.0,92.51,57.54,0.00,26.2,0.0,0.000,997.0,22.0,2,1510.3,9910.3,20.0
2026-02-03 22:40:50.612,1155.05,27.67,367,0.000,0.00,0.00,0.0,84.4,0.0,92.51,57.54,0.00,26.2,0.0,0.000,997.0,22.0,2,1518.0,9918.0,20.0
2026-02-03 22:40:50.662,1156.05,27.46,364,0.000,0.00,0.00,0.0,84.4,0.0,92.51,57.54,0.00,26.2,0.0,0.000,997.0,22.0,2,1525.6,9925.6,20.0
2026-02-03 22:40:50.712,1157.05,27.25,361,0.000,0.00,0.00,0.0,84.4,0.0,92.51,57.54,0.00,26.2,0.0,0.000,997.0,22.0,2,1533.2,9933.2,20.0
2026-02-03 22:40:50.762,1158.05,27.03,358,0.000,0.00,0.00,0.0,84.4,0.0,92.51,57.54,0.00,26.2,0.0,0.000,997.0,22.0,2,1540.7,9940.7,20.0
2026-02-03 22:40:50.812,1159.05,26.82,355,0.000,0.00,0.00,0.0,84.4,0.0,92.51,57.54,0.00,26.2,0.0,0.000,997.0,22.0,2,1548.1,9948.1,20.0
2026-02-03 22:40:50.861,1160.05,26.61,352,0.000,0.00,0.00,0.0,84.4,0.0,92.51,57.54,0.00,26.2,0.0,0.000,997.0,22.0,2,1555.5,9955.5,20.0
2026-02-03 22:40:50.912,1161.05,26.98,357,5.536,11.53,0.00,220.5,92.2,0.0,92.50,56.96,11.53,26.2,656.9,0.549,996.8,22.0,2,1563.0,9963.0,20.0
2026-02-03 22:40:50.962,1162.05,27.33,362,5.347,11.14,0.00,216.4,92.0,0.0,92.48,56.98,11.14,26.2,634.7,0.530,996.6,22.0,2,1570.6,9970.6,20.0
2026-02-03 22:40:51.012,1163.05,27.67,366,5.168,10.77,0.00,212.4,91.8,0.0,92.47,57.00,10.77,26.2,613.6,0.513,996.5,22.0,2,1578.3,9978.3,20.0
2026-02-03 22:40:51.062,1164.05,27.98,371,4.997,10.41,0.00,208.2,91.6,0.0,92.46,57.01,10.41,26.2,593.5,0.496,996.3,22.0,2,1586.1,9986.1,20.0
2026-02-03 22:40:51.111,1165.05,28.28,375,4.834,10.07,0.00,204.1,91.5,0.0,92.44,57.03,10.07,26.2,574.3,0.480,996.2,22.0,2,1593.9,9993.9,20.0
2026-02-03 22:40:51.162,1166.05,28.56,378,4.679,9.75,0.00,200.0,91.3,0.0,92.43,57.04,9.75,26.2,556.1,0.464,996.0,22.0,2,1601.8,10001.8,20.0
2026-02-03 22:40:51.212,1167.05,28.82,382,4.532,9.44,0.00,196.0,91.2,0.0,92.42,57.05,9.44,26.3,538.6,0.450,995.8,22.0,2,1609.9,10009.9,20.0
2026-02-03 22:40:51.262,1168.05,29.06,385,4.391,9.15,0.00,191.9,91.0,0.0,92.40,57.07,9.15,26.3,522.0,0.436,995.7,22.0,2,1617.9,10017.9,20.0
2026-02-03 22:40:51.312,1169.05,29.30,388,4.256,8.87,0.00,187.9,90.9,0.0,92.39,57.08,8.87,26.3,506.1,0.422,995.6,22.0,2,1626.1,10026.1,20.0
2026-02-03 22:40:51.362,1170.05,29.52,391,4.195,8.74,0.00,186.8,90.8,0.0,92.38,57.08,8.74,26.3,498.9,0.416,995.4,22.0,2,1634.3,10034.3,20.0
2026-02-03 22:40:51.412,1171.05,29.73,394,4.069,8.48,0.00,182.9,90.7,0.0,92.37,57.09,8.48,26.3,484.0,0.404,995.3,22.0,2,1642.5,10042.5,20.0
2026-02-03 22:40:51.462,1172.05,29.93,396,3.949,8.23,0.00,179.0,90.5,0.0,92.36,57.10,8.23,26.3,469.8,0.392,995.2,22.0,2,1650.8,10050.8,20.0
2026-02-03 22:40:51.511,1173.05,30.12,399,3.899,8.12,0.00,178.0,90.5,0.0,92.35,57.11,8.12,26.3,463.8,0.387,995.0,22.0,2,1659.2,10059.2,20.0
2026-02-03 22:40:51.562,1174.05,30.30,401,3.786,7.89,0.00,174.1,90.4,0.0,92.34,57.12,7.89,26.3,450.5,0.376,994.9,22.0,2,1667.6,10067.6,20.0
2026-02-03 22:40:51.612,1175.05,30.35,402,2.536,5.28,0.00,117.7,90.1,0.0,92.33,57.25,5.28,26.3,302.5,0.252,994.8,22.0,2,1676.0,10076.0,20.0
2026-02-03 22:40:51.662,1176.05,30.39,403,2.528,5.27,0.00,117.6,90.0,0.0,92.32,57.25,5.27,26.3,301.6,0.251,994.7,22.0,2,1684.5,10084.5,20.0
2026-02-03 22:40:51.712,1177.05,30.43,403,2.521,5.25,0.00,117.4,90.0,0.0,92.32,57.25,5.25,26.3,300.6,0.250,994.7,22.0,2,1692.9,10092.9,20.0
2026-02-03 22:40:51.761,1178.05,30.48,404,2.513,5.24,0.00,117.2,90.0,0.0,92.31,57.25,5.24,26.3,299.7,0.249,994.6,22.0,2,1701.4,10101.4,20.0
2026-02-03 22:40:51.811,1179.05,30.25,401,0.000,0.00,0.00,0.0,84.4,0.0,92.31,57.51,0.00,26.3,0.0,0.000,994.6,22.0,2,1709.8,10109.8,20.0
2026-02-03 22:40:51.862,1180.05,30.03,398,0.000,0.00,0.00,0.0,84.4,0.0,92.31,57.51,0.00,26.3,0.0,0.000,994.6,22.0,2,1718.2,10118.2,20.0
2026-02-03 22:40:51.912,1181.05,29.81,395,0.000,0.00,0.00,0.0,84.4,0.0,92.31,57.51,0.00,26.3,0.0,0.000,994.6,22.0,2,1726.4,10126.4,20.0
2026-02-03 22:40:51.962,1182.05,29.59,392,0.000,0.00,0.00,0.0,84.4,0.0,92.31,57.51,0.00,26.3,0.0,0.000,994.6,22.0,2,1734.7,10134.7,20.0
2026-02-03 22:40:52.012,1183.05,29.37,389,0.000,0.00,0.00,0.0,84.4,0.0,92.31,57.51,0.00,26.3,0.0,0.000,994.6,22.0,2,1742.8,10142.8,20.0
2026-02-03 22:40:52.061,1184.05,29.15,386,0.000,0.00,0.00,0.0,84.4,0.0,92.31,57.51,0.00,26.3,0.0,0.000,994.6,22.0,2,1750.9,10150.9,20.0
2026-02-03 22:40:52.112,1185.05,28.93,383,0.000,0.00,0.00,0.0,84.4,0.0,92.31,57.51,0.00,26.3,0.0,0.000,994.6,22.0,2,1758.9,10158.9,20.0
2026-02-03 22:40:52.162,1186.05,28.71,380,0.000,0.00,0.00,0.0,84.4,0.0,92.31,57.51,0.00,26.3,0.0,0.000,994.6,22.0,2,1766.9,10166.9,20.0
2026-02-03 22:40:52.212,1187.05,28.49,377,0.000,0.00,0.00,0.0,84.4,0.0,92.31,57.51,0.00,26.3,0.0,0.000,994.6,22.0,2,1774.8,10174.8,20.0
2026-02-03 22:40:52.261,1188.05,28.28,375,0.000,0.00,0.00,0.0,84.4,0.0,92.31,57.51,0.00,26.3,0.0,0.000,994.6,22.0,2,1782.7,10182.7,20.0
2026-02-03 22:40:52.312,1189.05,28.06,372,0.000,0.00,0.00,0.0,84.4,0.0,92.31,57.51,0.00,26.3,0.0,0.000,994.6,22.0,2,1790.5,10190.5,20.0
2026-02-03 22:40:52.362,1190.05,27.84,369,0.000,0.00,0.00,0.0,84.4,0.0,92.31,57.51,0.00,26.3,0.0,0.000,994.6,22.0,2,1798.2,10198.2,20.0
2026-02-03 22:40:52.412,1191.05,27.63,366,0.000,0.00,0.00,0.0,84.4,0.0,92.31,57.51,0.00,26.3,0.0,0.000,994.6,22.0,2,1805.9,10205.9,20.0
2026-02-03 22:40:52.462,1192.05,27.41,363,0.000,0.00,0.00,0.0,84.4,0.0,92.31,57.51,0.00,26.3,0.0,0.000,994.6,22.0,2,1813.5,10213.5,20.0
2026-02-03 22:40:52.512,1193.05,27.20,360,0.000,0.00,0.00,0.0,84.4,0.0,92.31,57.51,0.00,26.3,0.0,0.000,994.6,22.0,2,1821.1,10221.1,20.0
2026-02-03 22:40:52.562,1194.05,26.99,357,0.000,0.00,0.00,0.0,84.4,0.0,92.31,57.51,0.00,26.2,0.0,0.000,994.6,22.0,2,1828.6,10228.6,20.0
2026-02-03 22:40:52.612,1195.05,27.08,359,2.944,6.13,0.00,122.5,89.5,0.0,92.30,57.20,6.13,26.2,350.8,0.292,994.5,22.0,2,1836.1,10236.1,20.0
2026-02-03 22:40:52.661,1196.05,26.87,356,0.000,0.00,0.00,0.0,84.4,0.0,92.30,57.51,0.00,26.2,0.0,0.000,994.5,22.0,2,1843.5,10243.5,20.0
2026-02-03 22:40:52.712,1197.05,26.97,357,2.962,6.17,0.00,122.7,89.5,0.0,92.29,57.20,6.17,26.2,353.0,0.294,994.4,22.0,2,1851.0,10251.0,20.0
2026-02-03 22:40:52.762,1198.05,27.07,359,2.946,6.14,0.00,122.5,89.5,0.0,92.29,57.20,6.14,26.2,351.0,0.292,994.3,22.0,2,1858.6,10258.6,20.0
2026-02-03 22:40:52.812,1199.05,26.86,356,0.000,0.00,0.00,0.0,84.4,0.0,92.29,57.50,0.00,26.2,0.0,0.000,994.3,22.0,2,1866.0,10266.0,20.0
2026-02-03 22:40:52.862,1200.05,26.96,357,2.964,6.18,0.00,122.7,89.5,0.0,92.28,57.19,6.18,26.2,353.2,0.294,994.2,22.0,2,1873.5,10273.5,20.0
2026-02-03 22:40:52.912,1201.05,27.06,358,2.948,6.14,0.00,122.6,89.5,0.0,92.27,57.19,6.14,26.2,351.3,0.292,994.1,22.0,2,1881.0,10281.0,20.0
2026-02-03 22:40:52.962,1202.05,26.85,356,0.000,0.00,0.00,0.0,84.4,0.0,92.27,57.50,0.00,26.2,0.0,0.000,994.1,22.0,2,1888.5,10288.5,20.0
2026-02-03 22:40:53.012,1203.05,26.95,357,2.966,6.18,0.00,122.8,89.5,0.0,92.26,57.19,6.18,26.2,353.4,0.294,994.0,22.0,2,1896.0,10296.0,20.0
2026-02-03 22:40:53.062,1204.05,27.05,358,2.950,6.15,0.00,122.6,89.5,0.0,92.25,57.19,6.15,26.2,351.5,0.293,993.9,22.0,2,1903.5,10303.5,20.0
2026-02-03 22:40:53.111,1205.05,27.27,361,4.092,8.53,0.00,168.4,90.7,0.0,92.24,57.07,8.53,26.3,486.6,0.406,993.8,22.0,2,1911.1,10311.1,20.0
2026-02-03 22:40:53.162,1206.05,27.48,364,4.043,8.42,0.00,167.9,90.6,0.0,92.23,57.07,8.42,26.3,480.7,0.401,993.6,22.0,2,1918.7,10318.7,20.0
2026-02-03 22:40:53.212,1207.05,27.68,367,3.919,8.16,0.00,164.2,90.5,0.0,92.22,57.08,8.16,26.3,466.1,0.389,993.5,22.0,2,1926.4,10326.4,20.0
2026-02-03 22:40:53.262,1208.05,27.87,369,3.800,7.92,0.00,160.6,90.4,0.0,92.21,57.10,7.92,26.3,452.0,0.377,993.4,22.0,2,1934.1,10334.1,20.0
2026-02-03 22:40:53.312,1209.05,28.05,372,3.760,7.83,0.00,160.1,90.3,0.0,92.20,57.10,7.83,26.3,447.2,0.373,993.2,22.0,2,1941.9,10341.9,20.0
2026-02-03 22:40:53.361,1210.05,28.14,373,2.845,5.93,0.00,121.8,90.4,0.0,92.19,57.19,5.93,26.3,339.0,0.282,993.1,22.0,2,1949.7,10349.7,20.0
2026-02-03 22:40:53.412,1211.05,28.22,374,2.831,5.90,0.00,121.6,90.4,0.0,92.18,57.19,5.90,26.3,337.3,0.281,993.0,22.0,2,1957.6,10357.6,20.0
2026-02-03 22:40:53.462,1212.05,28.30,375,2.817,5.87,0.00,121.4,90.4,0.0,92.18,57.19,5.87,26.3,335.6,0.279,993.0,22.0,2,1965.4,10365.4,20.0
2026-02-03 22:40:53.512,1213.05,28.38,376,2.803,5.84,0.00,121.2,90.3,0.0,92.17,57.19,5.84,26.3,334.0,0.278,992.9,22.0,2,1973.3,10373.3,20.0
2026-02-03 22:40:53.562,1214.05,28.46,377,2.790,5.81,0.00,121.0,90.3,0.0,92.16,57.19,5.81,26.3,332.4,0.277,992.8,22.0,2,1981.2,10381.2,20.0
2026-02-03 22:40:53.612,1215.05,28.54,378,2.777,5.79,0.00,120.8,90.3,0.0,92.15,57.19,5.79,26.3,330.9,0.276,992.7,22.0,2,1989.1,10389.1,20.0
2026-02-03 22:40:53.662,1216.05,28.61,379,2.764,5.76,0.00,120.6,90.3,0.0,92.14,57.19,5.76,26.3,329.4,0.274,992.6,22.0,2,1997.1,10397.1,20.0
2026-02-03 22:40:53.712,1217.05,28.69,380,2.752,5.73,0.00,120.4,90.3,0.0,92.14,57.19,5.73,26.3,327.9,0.273,992.5,22.0,2,2005.1,10405.1,20.0
2026-02-03 22:40:53.761,1218.05,28.76,381,2.740,5.71,0.00,120.1,90.3,0.0,92.13,57.19,5.71,26.3,326.4,0.272,992.4,22.0,2,2013.1,10413.1,20.0
2026-02-03 22:40:53.812,1219.05,28.83,382,2.728,5.68,0.00,119.9,90.3,0.0,92.12,57.19,5.68,26.3,325.0,0.271,992.3,22.0,2,2021.1,10421.1,20.0
2026-02-03 22:40:53.862,1220.05,28.90,383,2.716,5.66,0.00,119.7,90.2,0.0,92.11,57.19,5.66,26.3,323.6,0.269,992.2,22.0,2,2029.1,10429.1,20.0
2026-02-03 22:40:53.912,1221.05,28.97,384,2.705,5.63,0.00,119.5,90.2,0.0,92.11,57.19,5.63,26.3,322.2,0.268,992.1,22.0,2,2037.1,10437.1,20.0
2026-02-03 22:40:53.962,1222.05,29.03,385,2.693,5.61,0.00,119.3,90.2,0.0,92.10,57.19,5.61,26.3,320.9,0.267,992.0,22.0,2,2045.2,10445.2,20.0
2026-02-03 22:40:54.012,1223.05,29.10,385,2.682,5.59,0.00,119.1,90.2,0.0,92.09,57.19,5.59,26.3,319.6,0.266,992.0,22.0,2,2053.3,10453.3,20.0
2026-02-03 22:40:54.062,1224.05,29.16,386,2.671,5.57,0.00,118.9,90.2,0.0,92.09,57.19,5.57,26.3,318.3,0.265,991.9,22.0,2,2061.4,10461.4,20.0
2026-02-03 22:40:54.112,1225.05,29.23,387,2.661,5.54,0.00,118.7,90.2,0.0,92.08,57.19,5.54,26.3,317.0,0.264,991.8,22.0,2,2069.5,10469.5,20.0
2026-02-03 22:40:54.162,1226.05,29.29,388,2.651,5.52,0.00,118.5,90.2,0.0,92.07,57.19,5.52,26.3,315.8,0.263,991.7,22.0,2,2077.6,10477.6,20.0
2026-02-03 22:40:54.211,1227.05,29.35,389,2.640,5.50,0.00,118.3,90.2,0.0,92.06,57.19,5.50,26.3,314.6,0.262,991.6,22.0,2,2085.8,10485.8,20.0
2026-02-03 22:40:54.261,1228.05,29.41,390,2.630,5.48,0.00,118.2,90.2,0.0,92.06,57.19,5.48,26.3,313.4,0.261,991.5,22.0,2,2094.0,10494.0,20.0
2026-02-03 22:40:54.312,1229.05,29.46,390,2.621,5.46,0.00,118.0,90.1,0.0,92.05,57.19,5.46,26.3,312.3,0.260,991.4,22.0,2,2102.1,10502.1,20.0
2026-02-03 22:40:54.362,1230.05,29.52,391,2.611,5.44,0.00,117.8,90.1,0.0,92.04,57.19,5.44,26.3,311.1,0.259,991.3,22.0,2,2110.3,10510.3,20.0
2026-02-03 22:40:54.412,1231.05,29.58,392,2.602,5.42,0.00,117.6,90.1,0.0,92.03,57.19,5.42,26.3,310.0,0.258,991.3,22.0,2,2118.6,10518.6,20.0
2026-02-03 22:40:54.462,1232.05,29.63,392,2.593,5.40,0.00,117.4,90.1,0.0,92.03,57.19,5.40,26.3,308.9,0.257,991.2,22.0,2,2126.8,10526.8,20.0
2026-02-03 22:40:54.511,1233.05,29.68,393,2.584,5.38,0.00,117.2,90.1,0.0,92.02,57.19,5.38,26.3,307.8,0.256,991.1,22.0,2,2135.0,10535.0,20.0
2026-02-03 22:40:54.562,1234.05,29.73,394,2.575,5.36,0.00,117.1,90.1,0.0,92.01,57.19,5.36,26.3,306.8,0.255,991.0,22.0,2,2143.3,10543.3,20.0
2026-02-03 22:40:54.612,1235.05,29.79,395,2.566,5.35,0.00,116.9,90.1,0.0,92.01,57.19,5.35,26.3,305.8,0.255,990.9,22.0,2,2151.6,10551.6,20.0
2026-02-03 22:40:54.662,1236.05,29.84,395,2.558,5.33,0.00,116.7,90.1,0.0,92.00,57.19,5.33,26.3,304.8,0.254,990.8,22.0,2,2159.9,10559.9,20.0
2026-02-03 22:40:54.711,1237.05,29.88,396,2.550,5.31,0.00,116.5,90.1,0.0,91.99,57.19,5.31,26.3,303.8,0.253,990.7,22.0,2,2168.2,10568.2,20.0
2026-02-03 22:40:54.761,1238.05,29.93,396,2.542,5.29,0.00,116.4,90.1,0.0,91.98,57.19,5.29,26.3,302.8,0.252,990.7,22.0,2,2176.5,10576.5,20.0
2026-02-03 22:40:54.812,1239.05,29.98,397,2.534,5.28,0.00,116.2,90.1,0.0,91.98,57.19,5.28,26.3,301.9,0.251,990.6,22.0,2,2184.8,10584.8,20.0
2026-02-03 22:40:54.862,1240.05,30.02,398,2.526,5.26,0.00,116.0,90.0,0.0,91.97,57.19,5.26,26.3,300.9,0.251,990.5,22.0,2,2193.1,10593.1,20.0
2026-02-03 22:40:54.912,1241.05,30.08,398,2.583,5.38,0.00,118.8,90.1,0.0,91.96,57.18,5.38,26.3,307.7,0.256,990.4,22.0,2,2201.5,10601.5,20.0
2026-02-03 22:40:54.961,1242.05,30.33,402,4.505,9.38,0.00,205.2,91.1,0.0,91.95,56.98,9.38,26.3,534.7,0.447,990.3,22.0,2,2209.9,10609.9,20.0
2026-02-03 22:40:55.012,1243.05,30.58,405,4.429,9.23,0.00,203.7,91.1,0.0,91.94,56.98,9.23,26.3,525.8,0.439,990.1,22.0,2,2218.4,10618.4,20.0
2026-02-03 22:40:55.062,1244.05,30.82,408,4.356,9.07,0.00,202.1,91.0,0.0,91.93,56.99,9.07,26.3,517.1,0.432,990.0,22.0,2,2227.0,10627.0,20.0
2026-02-03 22:40:55.112,1245.05,31.05,411,4.285,8.93,0.00,200.5,90.9,0.0,91.92,57.00,8.93,26.3,508.8,0.425,989.8,22.0,2,2235.6,10635.6,20.0
2026-02-03 22:40:55.162,1246.05,31.27,414,4.217,8.78,0.00,198.9,90.8,0.0,91.90,57.00,8.78,26.3,500.7,0.418,989.7,22.0,2,2244.3,10644.3,20.0
2026-02-03 22:40:55.212,1247.05,31.48,417,4.151,8.65,0.00,197.4,90.8,0.0,91.89,57.01,8.65,26.3,493.0,0.412,989.6,22.0,2,2253.0,10653.0,20.0
2026-02-03 22:40:55.262,1248.05,31.69,420,4.087,8.52,0.00,195.8,90.7,0.0,91.88,57.01,8.52,26.3,485.5,0.405,989.4,22.0,2,2261.8,10661.8,20.0
2026-02-03 22:40:55.312,1249.05,31.88,422,3.968,8.27,0.00,191.6,90.6,0.0,91.87,57.02,8.27,26.3,471.4,0.394,989.3,22.0,2,2270.7,10670.7,20.0
2026-02-03 22:40:55.362,1250.05,32.07,425,3.912,8.15,0.00,190.2,90.5,0.0,91.86,57.02,8.15,26.3,464.7,0.388,989.2,22.0,2,2279.6,10679.6,20.0
2026-02-03 22:40:55.411,1251.05,32.24,427,3.801,7.92,0.00,186.1,90.4,0.0,91.85,57.03,7.92,26.3,451.7,0.377,989.0,22.0,2,2288.5,10688.5,20.0
2026-02-03 22:40:55.462,1252.05,32.41,429,3.751,7.81,0.00,184.8,90.3,0.0,91.84,57.04,7.81,26.3,445.7,0.372,988.9,22.0,2,2297.5,10697.5,20.0
2026-02-03 22:40:55.512,1253.05,32.57,431,3.648,7.60,0.00,180.8,90.2,0.0,91.83,57.05,7.60,26.3,433.5,0.362,988.8,22.0,2,2306.6,10706.6,20.0
2026-02-03 22:40:55.562,1254.05,32.72,433,3.603,7.51,0.00,179.6,90.2,0.0,91.82,57.05,7.51,26.3,428.2,0.357,988.7,22.0,2,2315.7,10715.7,20.0
2026-02-03 22:40:55.611,1255.05,32.86,435,3.507,7.31,0.00,175.8,90.1,0.0,91.81,57.06,7.31,26.3,416.9,0.348,988.6,22.0,2,2324.8,10724.8,20.0
2026-02-03 22:40:55.662,1256.05,33.00,437,3.467,7.22,0.00,174.6,90.0,0.0,91.80,57.06,7.22,26.3,412.2,0.344,988.4,22.0,2,2334.0,10734.0,20.0
2026-02-03 22:40:55.712,1257.05,33.13,439,3.429,7.14,0.00,173.5,90.0,0.0,91.79,57.06,7.14,26.3,407.7,0.340,988.3,22.0,2,2343.2,10743.2,20.0
2026-02-03 22:40:55.762,1258.05,33.25,441,3.341,6.96,0.00,169.9,89.9,0.0,91.78,57.07,6.96,26.3,397.2,0.331,988.2,22.0,2,2352.4,10752.4,20.0
2026-02-03 22:40:55.812,1259.05,33.37,442,3.307,6.89,0.00,168.9,89.9,0.0,91.77,57.07,6.89,26.3,393.2,0.328,988.1,22.0,2,2361.7,10761.7,20.0
2026-02-03 22:40:55.862,1260.05,33.48,444,3.224,6.72,0.00,165.4,89.8,0.0,91.76,57.08,6.72,26.3,383.4,0.320,988.0,22.0,2,2371.0,10771.0,20.0
2026-02-03 22:40:55.912,1261.05,33.58,445,3.194,6.65,0.00,164.4,89.8,0.0,91.75,57.08,6.65,26.3,379.9,0.317,987.9,22.0,2,2380.3,10780.3,20.0
2026-02-03 22:40:55.962,1262.05,33.69,446,3.166,6.60,0.00,163.5,89.7,0.0,91.75,57.08,6.60,26.3,376.5,0.314,987.8,22.0,2,2389.7,10789.7,20.0
2026-02-03 22:40:56.012,1263.05,33.78,448,3.089,6.44,0.00,160.2,89.6,0.0,91.74,57.09,6.44,26.3,367.4,0.306,987.7,22.0,2,2399.1,10799.1,20.0
2026-02-03 22:40:56.061,1264.05,33.87,449,3.064,6.38,0.00,159.4,89.6,0.0,91.73,57.09,6.38,26.3,364.4,0.304,987.6,22.0,2,2408.5,10808.5,20.0
2026-02-03 22:40:56.112,1265.05,33.96,450,3.040,6.33,0.00,158.6,89.6,0.0,91.72,57.09,6.33,26.3,361.5,0.302,987.5,22.0,2,2417.9,10817.9,20.0
2026-02-03 22:40:56.162,1266.05,34.04,451,3.016,6.28,0.00,157.8,89.6,0.0,91.71,57.09,6.28,26.3,358.7,0.299,987.4,22.0,2,2427.4,10827.4,20.0
2026-02-03 22:40:56.212,1267.05,34.12,452,2.946,6.14,0.00,154.6,89.5,0.0,91.70,57.10,6.14,26.3,350.4,0.292,987.3,22.0,2,2436.8,10836.8,20.0
2026-02-03 22:40:56.262,1268.05,34.20,453,2.925,6.09,0.00,154.0,89.5,0.0,91.70,57.10,6.09,26.3,348.0,0.290,987.2,22.0,2,2446.3,10846.3,20.0
2026-02-03 22:40:56.311,1269.05,34.27,454,2.906,6.05,0.00,153.3,89.4,0.0,91.69,57.10,6.05,26.3,345.7,0.288,987.1,22.0,2,2455.8,10855.8,20.0
2026-02-03 22:40:56.362,1270.05,34.34,455,2.887,6.01,0.00,152.6,89.4,0.0,91.68,57.10,6.01,26.3,343.4,0.286,987.0,22.0,2,2465.4,10865.4,20.0
2026-02-03 22:40:56.412,1271.05,34.40,456,2.822,5.88,0.00,148.0,90.4,0.0,91.67,57.11,5.88,26.3,335.7,0.280,986.9,22.0,2,2474.9,10874.9,20.0
2026-02-03 22:40:56.462,1272.05,34.46,457,2.806,5.84,0.00,147.4,90.3,0.0,91.66,57.11,5.84,26.3,333.8,0.278,986.8,22.0,2,2484.5,10884.5,20.0
2026-02-03 22:40:56.511,1273.05,34.52,457,2.790,5.81,0.00,146.9,90.3,0.0,91.66,57.11,5.81,26.3,331.9,0.277,986.7,22.0,2,2494.1,10894.1,20.0
2026-02-03 22:40:56.562,1274.05,34.58,458,2.774,5.78,0.00,146.4,90.3,0.0,91.65,57.11,5.78,26.3,330.1,0.275,986.6,22.0,2,2503.7,10903.7,20.0
2026-02-03 22:40:56.612,1275.05,34.64,459,2.759,5.75,0.00,145.8,90.3,0.0,91.64,57.11,5.75,26.3,328.3,0.274,986.5,22.0,2,2513.3,10913.3,20.0
2026-02-03 22:40:56.661,1276.05,34.69,460,2.745,5.72,0.00,145.3,90.3,0.0,91.63,57.11,5.72,26.3,326.6,0.272,986.5,22.0,2,2523.0,10923.0,20.0
2026-02-03 22:40:56.711,1277.05,34.74,460,2.686,5.60,0.00,142.5,90.2,0.0,91.63,57.11,5.60,26.3,319.6,0.266,986.4,22.0,2,2532.6,10932.6,20.0
2026-02-03 22:40:56.762,1278.05,34.78,461,2.674,5.57,0.00,142.1,90.2,0.0,91.62,57.11,5.57,26.3,318.2,0.265,986.3,22.0,2,2542.3,10942.3,20.0
2026-02-03 22:40:56.812,1279.05,34.83,461,2.662,5.55,0.00,141.7,90.2,0.0,91.61,57.11,5.55,26.3,316.8,0.264,986.2,22.0,2,2552.0,10952.0,20.0
2026-02-03 22:40:56.862,1280.05,34.87,462,2.651,5.52,0.00,141.3,90.2,0.0,91.60,57.11,5.52,26.3,315.4,0.263,986.1,22.0,2,2561.6,10961.6,20.0
2026-02-03 22:40:56.912,1281.05,34.91,463,2.640,5.50,0.00,140.9,90.2,0.0,91.60,57.11,5.50,26.3,314.1,0.262,986.0,22.0,2,2571.3,10971.3,20.0
2026-02-03 22:40:56.962,1282.05,34.96,463,2.629,5.48,0.00,140.5,90.2,0.0,91.59,57.11,5.48,26.3,312.8,0.261,985.9,22.0,2,2581.1,10981.1,20.0
2026-02-03 22:40:57.012,1283.05,34.99,464,2.619,5.46,0.00,140.1,90.1,0.0,91.58,57.11,5.46,26.3,311.6,0.260,985.8,22.0,2,2590.8,10990.8,20.0
2026-02-03 22:40:57.062,1284.05,35.03,464,2.609,5.43,0.00,139.8,90.1,0.0,91.58,57.11,5.43,26.3,310.4,0.259,985.8,22.0,2,2600.5,11000.5,20.0
2026-02-03 22:40:57.111,1285.05,35.07,465,2.556,5.32,0.00,137.2,90.1,0.0,91.57,57.12,5.32,26.3,304.1,0.254,985.7,22.0,2,2610.2,11010.2,20.0
2026-02-03 22:40:57.162,1286.05,35.10,465,2.547,5.31,0.00,136.9,90.1,0.0,91.56,57.12,5.31,26.3,303.1,0.253,985.6,22.0,2,2620.0,11020.0,20.0
2026-02-03 22:40:57.212,1287.05,35.13,465,2.540,5.29,0.00,136.6,90.1,0.0,91.55,57.12,5.29,26.3,302.2,0.252,985.5,22.0,2,2629.8,11029.8,20.0
2026-02-03 22:40:57.262,1288.05,35.16,466,2.532,5.27,0.00,136.3,90.1,0.0,91.55,57.12,5.27,26.3,301.3,0.251,985.4,22.0,2,2639.5,11039.5,20.0
2026-02-03 22:40:57.311,1289.05,35.19,466,2.524,5.26,0.00,136.0,90.0,0.0,91.54,57.12,5.26,26.3,300.4,0.250,985.3,22.0,2,2649.3,11049.3,20.0
2026-02-03 22:40:57.362,1290.05,35.21,467,2.517,5.24,0.00,135.7,90.0,0.0,91.53,57.12,5.24,26.3,299.5,0.250,985.3,22.0,2,2659.1,11059.1,20.0
2026-02-03 22:40:57.412,1291.05,35.24,467,2.510,5.23,0.00,135.5,90.0,0.0,91.53,57.11,5.23,26.3,298.7,0.249,985.2,22.0,2,2668.9,11068.9,20.0
2026-02-03 22:40:57.462,1292.05,35.27,467,2.503,5.22,0.00,135.2,90.0,0.0,91.52,57.11,5.22,26.3,297.9,0.248,985.1,22.0,2,2678.7,11078.7,20.0
2026-02-03 22:40:57.511,1293.05,35.29,468,2.497,5.20,0.00,135.0,90.0,0.0,91.51,57.11,5.20,26.3,297.1,0.248,985.0,22.0,2,2688.5,11088.5,20.0
2026-02-03 22:40:57.561,1294.05,35.32,468,2.490,5.19,0.00,134.7,90.0,0.0,91.51,57.11,5.19,26.3,296.3,0.247,984.9,22.0,2,2698.3,11098.3,20.0
2026-02-03 22:40:57.612,1295.05,35.34,468,2.484,5.18,0.00,134.5,90.0,0.0,91.50,57.11,5.18,26.3,295.6,0.246,984.8,22.0,2,2708.1,11108.1,20.0
2026-02-03 22:40:57.662,1296.05,35.36,468,2.436,5.08,0.00,132.1,90.0,0.0,91.49,57.12,5.08,26.3,289.9,0.242,984.8,22.0,2,2717.9,11117.9,20.0
2026-02-03 22:40:57.712,1297.05,35.30,468,1.677,3.49,0.00,91.8,89.1,0.0,91.49,57.20,3.49,26.3,199.8,0.166,984.7,22.0,2,2727.7,11127.7,20.0
2026-02-03 22:40:57.762,1298.05,35.24,467,1.687,3.52,0.00,92.2,89.2,0.0,91.48,57.19,3.52,26.3,201.1,0.167,984.6,22.0,2,2737.5,11137.5,20.0
2026-02-03 22:40:57.812,1299.05,35.18,466,1.698,3.54,0.00,92.6,89.2,0.0,91.48,57.19,3.54,26.3,202.3,0.168,984.6,22.0,2,2747.3,11147.3,20.0
2026-02-03 22:40:57.862,1300.05,35.12,465,1.708,3.56,0.00,92.9,89.2,0.0,91.47,57.19,3.56,26.3,203.5,0.169,984.5,22.0,2,2757.0,11157.0,20.0
2026-02-03 22:40:57.912,1301.05,35.07,465,1.717,3.58,0.00,93.3,89.2,0.0,91.47,57.19,3.58,26.3,204.6,0.170,984.5,22.0,2,2766.8,11166.8,20.0
2026-02-03 22:40:57.961,1302.05,35.01,464,1.727,3.60,0.00,93.7,89.2,0.0,91.46,57.19,3.60,26.3,205.7,0.171,984.4,22.0,2,2776.5,11176.5,20.0
2026-02-03 22:40:58.012,1303.05,34.96,463,1.736,3.62,0.00,94.0,89.2,0.0,91.46,57.18,3.62,26.3,206.9,0.172,984.4,22.0,2,2786.2,11186.2,20.0
2026-02-03 22:40:58.062,1304.05,34.90,462,1.746,3.64,0.00,94.4,89.2,0.0,91.45,57.18,3.64,26.3,207.9,0.173,984.3,22.0,2,2795.9,11195.9,20.0
2026-02-03 22:40:58.112,1305.05,34.85,462,1.755,3.66,0.00,94.7,89.2,0.0,91.45,57.18,3.66,26.3,209.0,0.174,984.2,22.0,2,2805.6,11205.6,20.0
2026-02-03 22:40:58.161,1306.05,34.80,461,1.763,3.67,0.00,95.0,89.2,0.0,91.44,57.18,3.67,26.3,210.1,0.175,984.2,22.0,2,2815.3,11215.3,20.0
2026-02-03 22:40:58.212,1307.05,34.75,460,1.772,3.69,0.00,95.3,89.2,0.0,91.44,57.18,3.69,26.3,211.1,0.176,984.1,22.0,2,2824.9,11224.9,20.0
2026-02-03 22:40:58.262,1308.05,34.70,460,1.780,3.71,0.00,95.6,89.3,0.0,91.43,57.18,3.71,26.3,212.1,0.177,984.1,22.0,2,2834.5,11234.5,20.0
2026-02-03 22:40:58.312,1309.05,34.66,459,1.789,3.73,0.00,95.9,89.3,0.0,91.43,57.17,3.73,26.3,213.0,0.177,984.0,22.0,2,2844.2,11244.2,20.0
2026-02-03 22:40:58.361,1310.05,34.61,459,1.797,3.74,0.00,96.2,89.3,0.0,91.42,57.17,3.74,26.3,214.0,0.178,984.0,22.0,2,2853.8,11253.8,20.0
2026-02-03 22:40:58.412,1311.05,34.56,458,1.805,3.76,0.00,96.5,89.3,0.0,91.42,57.17,3.76,26.3,214.9,0.179,983.9,22.0,2,2863.4,11263.4,20.0
2026-02-03 22:40:58.462,1312.05,34.52,457,1.812,3.78,0.00,96.8,89.3,0.0,91.41,57.17,3.78,26.3,215.8,0.180,983.8,22.0,2,2873.0,11273.0,20.0
2026-02-03 22:40:58.512,1313.05,34.48,457,1.820,3.79,0.00,97.1,89.3,0.0,91.41,57.17,3.79,26.3,216.7,0.181,983.8,22.0,2,2882.6,11282.6,20.0
2026-02-03 22:40:58.562,1314.05,34.43,456,1.827,3.81,0.00,97.3,89.3,0.0,91.40,57.17,3.81,26.3,217.6,0.181,983.7,22.0,2,2892.1,11292.1,20.0
2026-02-03 22:40:58.611,1315.05,34.39,456,1.834,3.82,0.00,97.6,89.3,0.0,91.40,57.16,3.82,26.3,218.5,0.182,983.7,22.0,2,2901.7,11301.7,20.0
2026-02-03 22:40:58.662,1316.05,34.35,455,1.841,3.84,0.00,97.8,89.3,0.0,91.39,57.16,3.84,26.3,219.3,0.183,983.6,22.0,2,2911.2,11311.2,20.0
2026-02-03 22:40:58.712,1317.05,34.31,455,1.848,3.85,0.00,98.1,89.3,0.0,91.39,57.16,3.85,26.3,220.1,0.183,983.5,22.0,2,2920.7,11320.7,20.0
2026-02-03 22:40:58.762,1318.05,34.27,454,1.855,3.86,0.00,98.3,89.3,0.0,91.38,57.16,3.86,26.3,220.9,0.184,983.5,22.0,2,2930.3,11330.3,20.0
2026-02-03 22:40:58.812,1319.05,34.23,454,1.862,3.88,0.00,98.5,89.3,0.0,91.38,57.16,3.88,26.3,221.7,0.185,983.4,22.0,2,2939.8,11339.8,20.0
2026-02-03 22:40:58.861,1320.05,34.20,453,1.868,3.89,0.00,98.8,89.4,0.0,91.37,57.16,3.89,26.3,222.5,0.185,983.3,22.0,2,2949.3,11349.3,20.0
2026-02-03 22:40:58.912,1321.05,34.16,453,1.875,3.91,0.00,99.0,89.4,0.0,91.37,57.15,3.91,26.3,223.2,0.186,983.3,22.0,2,2958.8,11358.8,20.0
2026-02-03 22:40:58.962,1322.05,34.12,452,1.881,3.92,0.00,99.2,89.4,0.0,91.36,57.15,3.92,26.3,224.0,0.187,983.2,22.0,2,2968.2,11368.2,20.0
2026-02-03 22:40:59.012,1323.05,34.09,452,1.887,3.93,0.00,99.4,89.4,0.0,91.36,57.15,3.93,26.3,224.7,0.187,983.2,22.0,2,2977.7,11377.7,20.0
2026-02-03 22:40:59.062,1324.05,34.05,451,1.893,3.94,0.00,99.6,89.4,0.0,91.35,57.15,3.94,26.3,225.4,0.188,983.1,22.0,2,2987.2,11387.2,20.0
2026-02-03 22:40:59.111,1325.05,34.02,451,1.899,3.96,0.00,99.8,89.4,0.0,91.35,57.15,3.96,26.3,226.1,0.188,983.0,22.0,2,2996.6,11396.6,20.0
2026-02-03 22:40:59.161,1326.05,33.99,450,1.904,3.97,0.00,100.0,89.4,0.0,91.34,57.15,3.97,26.3,226.7,0.189,983.0,22.0,2,3006.1,11406.1,20.0
2026-02-03 22:40:59.212,1327.05,34.04,451,2.722,5.67,0.00,141.4,90.3,0.0,91.34,57.06,5.67,26.3,323.6,0.270,982.9,22.0,2,3015.5,11415.5,20.0
2026-02-03 22:40:59.262,1328.05,34.09,452,2.661,5.54,0.00,138.6,90.2,0.0,91.33,57.07,5.54,26.3,316.4,0.264,982.8,22.0,2,3025.0,11425.0,20.0
2026-02-03 22:40:59.312,1329.05,34.13,452,2.650,5.52,0.00,138.2,90.2,0.0,91.32,57.07,5.52,26.3,315.1,0.263,982.7,22.0,2,3034.5,11434.5,20.0
2026-02-03 22:40:59.361,1330.05,34.18,453,2.639,5.50,0.00,137.9,90.2,0.0,91.31,57.07,5.50,26.3,313.8,0.262,982.6,22.0,2,3044.0,11444.0,20.0
2026-02-03 22:40:59.412,1331.05,34.22,453,2.629,5.48,0.00,137.5,90.2,0.0,91.31,57.07,5.48,26.3,312.5,0.261,982.5,22.0,2,3053.5,11453.5,20.0
2026-02-03 22:40:59.462,1332.05,34.26,454,2.618,5.45,0.00,137.2,90.1,0.0,91.30,57.07,5.45,26.3,311.3,0.260,982.4,22.0,2,3063.0,11463.0,20.0
2026-02-03 22:40:59.512,1333.05,34.31,454,2.608,5.43,0.00,136.8,90.1,0.0,91.29,57.07,5.43,26.3,310.1,0.259,982.4,22.0,2,3072.5,11472.5,20.0
2026-02-03 22:40:59.562,1334.05,34.35,455,2.599,5.41,0.00,136.5,90.1,0.0,91.28,57.07,5.41,26.3,308.9,0.258,982.3,22.0,2,3082.1,11482.1,20.0
2026-02-03 22:40:59.612,1335.05,34.38,455,2.543,5.30,0.00,133.8,90.1,0.0,91.28,57.07,5.30,26.3,302.3,0.252,982.2,22.0,2,3091.6,11491.6,20.0
2026-02-03 22:40:59.662,1336.05,34.41,456,2.535,5.28,0.00,133.5,90.1,0.0,91.27,57.07,5.28,26.3,301.4,0.251,982.1,22.0,2,3101.2,11501.2,20.0
2026-02-03 22:40:59.712,1337.05,34.44,456,2.527,5.27,0.00,133.3,90.0,0.0,91.26,57.07,5.27,26.3,300.5,0.251,982.0,22.0,2,3110.7,11510.7,20.0
2026-02-03 22:40:59.762,1338.05,34.47,457,2.520,5.25,0.00,133.0,90.0,0.0,91.26,57.07,5.25,26.3,299.6,0.250,981.9,22.0,2,3120.3,11520.3,20.0
2026-02-03 22:40:59.811,1339.05,34.50,457,2.513,5.23,0.00,132.8,90.0,0.0,91.25,57.07,5.23,26.3,298.7,0.249,981.9,22.0,2,3129.9,11529.9,20.0
2026-02-03 22:40:59.862,1340.05,34.53,458,2.506,5.22,0.00,132.5,90.0,0.0,91.24,57.07,5.22,26.3,297.9,0.249,981.8,22.0,2,3139.5,11539.5,20.0
2026-02-03 22:40:59.912,1341.05,34.56,458,2.499,5.21,0.00,132.3,90.0,0.0,91.24,57.07,5.21,26.3,297.1,0.248,981.7,22.0,2,3149.1,11549.1,20.0
2026-02-03 22:40:59.962,1342.05,34.59,458,2.492,5.19,0.00,132.1,90.0,0.0,91.23,57.07,5.19,26.3,296.3,0.247,981.6,22.0,2,3158.7,11558.7,20.0
2026-02-03 22:41:00.012,1343.05,34.62,459,2.486,5.18,0.00,131.8,90.0,0.0,91.22,57.07,5.18,26.3,295.5,0.247,981.5,22.0,2,3168.3,11568.3,20.0
2026-02-03 22:41:00.061,1344.05,34.64,459,2.480,5.17,0.00,131.6,90.0,0.0,91.22,57.07,5.17,26.3,294.8,0.246,981.4,22.0,2,3177.9,11577.9,20.0
2026-02-03 22:41:00.112,1345.05,34.67,459,2.474,5.15,0.00,131.4,90.0,0.0,91.21,57.07,5.15,26.3,294.1,0.245,981.4,22.0,2,3187.6,11587.6,20.0
2026-02-03 22:41:00.162,1346.05,34.69,460,2.423,5.05,0.00,128.9,89.9,0.0,91.20,57.07,5.05,26.3,288.1,0.240,981.3,22.0,2,3197.2,11597.2,20.0
2026-02-03 22:41:00.212,1347.05,34.71,460,2.418,5.04,0.00,128.7,89.9,0.0,91.20,57.07,5.04,26.3,287.5,0.240,981.2,22.0,2,3206.8,11606.8,20.0
2026-02-03 22:41:00.261,1348.05,34.73,460,2.414,5.03,0.00,128.6,89.9,0.0,91.19,57.07,5.03,26.3,287.0,0.239,981.1,22.0,2,3216.5,11616.5,20.0
2026-02-03 22:41:00.311,1349.05,34.68,459,1.785,3.72,0.00,95.8,89.3,0.0,91.18,57.13,3.72,26.3,212.4,0.177,981.1,22.0,2,3226.1,11626.1,20.0
2026-02-03 22:41:00.362,1350.05,34.44,456,0.000,0.00,0.00,0.0,84.4,0.0,91.18,57.32,0.00,26.3,0.0,0.000,981.1,22.0,2,3235.7,11635.7,20.0
2026-02-03 22:41:00.412,1351.05,34.20,453,0.000,0.00,0.00,0.0,84.4,0.0,91.18,57.32,0.00,26.3,0.0,0.000,981.1,22.0,2,3245.2,11645.2,20.0
2026-02-03 22:41:00.462,1352.05,33.97,450,0.000,0.00,0.00,0.0,84.4,0.0,91.18,57.32,0.00,26.3,0.0,0.000,981.1,22.0,2,3254.6,11654.6,20.0
2026-02-03 22:41:00.511,1353.05,33.74,447,0.000,0.00,0.00,0.0,84.4,0.0,91.18,57.32,0.00,26.3,0.0,0.000,981.1,22.0,2,3264.0,11664.0,20.0
2026-02-03 22:41:00.562,1354.05,33.50,444,0.000,0.00,0.00,0.0,84.4,0.0,91.18,57.32,0.00,26.3,0.0,0.000,981.1,22.0,2,3273.3,11673.3,20.0
2026-02-03 22:41:00.612,1355.05,33.27,441,0.000,0.00,0.00,0.0,84.4,0.0,91.18,57.32,0.00,26.3,0.0,0.000,981.1,22.0,2,3282.5,11682.5,20.0
2026-02-03 22:41:00.662,1356.05,33.04,438,0.000,0.00,0.00,0.0,84.4,0.0,91.18,57.32,0.00,26.3,0.0,0.000,981.1,22.0,2,3291.7,11691.7,20.0
2026-02-03 22:41:00.711,1357.05,32.81,435,0.000,0.00,0.00,0.0,84.4,0.0,91.18,57.32,0.00,26.3,0.0,0.000,981.1,22.0,2,3300.8,11700.8,20.0
2026-02-03 22:41:00.762,1358.05,32.58,432,0.000,0.00,0.00,0.0,84.4,0.0,91.18,57.32,0.00,26.3,0.0,0.000,981.1,22.0,2,3309.9,11709.9,20.0
2026-02-03 22:41:00.812,1359.05,32.35,428,0.000,0.00,0.00,0.0,84.4,0.0,91.18,57.32,0.00,26.3,0.0,0.000,981.1,22.0,2,3318.9,11718.9,20.0
2026-02-03 22:41:00.862,1360.05,32.12,425,0.000,0.00,0.00,0.0,84.4,0.0,91.18,57.32,0.00,26.3,0.0,0.000,981.1,22.0,2,3327.8,11727.8,20.0
2026-02-03 22:41:00.912,1361.05,31.89,422,0.000,0.00,0.00,0.0,84.4,0.0,91.18,57.32,0.00,26.3,0.0,0.000,981.1,22.0,2,3336.6,11736.6,20.0
2026-02-03 22:41:00.962,1362.05,31.66,419,0.000,0.00,0.00,0.0,84.4,0.0,91.18,57.32,0.00,26.3,0.0,0.000,981.1,22.0,2,3345.4,11745.4,20.0
2026-02-03 22:41:01.012,1363.05,31.43,416,0.000,0.00,0.00,0.0,84.4,0.0,91.18,57.32,0.00,26.3,0.0,0.000,981.1,22.0,2,3354.2,11754.2,20.0
2026-02-03 22:41:01.062,1364.05,31.21,413,0.000,0.00,0.00,0.0,84.4,0.0,91.18,57.32,0.00,26.3,0.0,0.000,981.1,22.0,2,3362.8,11762.8,20.0
2026-02-03 22:41:01.111,1365.05,31.24,414,2.382,4.96,0.00,114.1,89.9,0.0,91.18,57.07,4.96,26.3,283.2,0.236,981.0,22.0,2,3371.5,11771.5,20.0
2026-02-03 22:41:01.162,1366.05,31.26,414,2.377,4.95,0.00,114.0,89.9,0.0,91.17,57.07,4.95,26.3,282.7,0.236,980.9,22.0,2,3380.2,11780.2,20.0
2026-02-03 22:41:01.212,1367.05,31.29,414,2.373,4.94,0.00,113.9,89.9,0.0,91.16,57.07,4.94,26.3,282.1,0.235,980.8,22.0,2,3388.9,11788.9,20.0
2026-02-03 22:41:01.262,1368.05,31.06,411,0.000,0.00,0.00,0.0,84.4,0.0,91.16,57.32,0.00,26.3,0.0,0.000,980.8,22.0,2,3397.5,11797.5,20.0
2026-02-03 22:41:01.312,1369.05,30.84,408,0.000,0.00,0.00,0.0,84.4,0.0,91.16,57.32,0.00,26.3,0.0,0.000,980.8,22.0,2,3406.1,11806.1,20.0
2026-02-03 22:41:01.362,1370.05,30.61,406,0.000,0.00,0.00,0.0,84.4,0.0,91.16,57.32,0.00,26.3,0.0,0.000,980.8,22.0,2,3414.6,11814.6,20.0
2026-02-03 22:41:01.412,1371.05,30.39,403,0.000,0.00,0.00,0.0,84.4,0.0,91.16,57.32,0.00,26.3,0.0,0.000,980.8,22.0,2,3423.0,11823.0,20.0
2026-02-03 22:41:01.462,1372.05,30.17,400,0.000,0.00,0.00,0.0,84.4,0.0,91.16,57.32,0.00,26.3,0.0,0.000,980.8,22.0,2,3431.4,11831.4,20.0
2026-02-03 22:41:01.512,1373.05,29.94,397,0.000,0.00,0.00,0.0,84.4,0.0,91.16,57.32,0.00,26.3,0.0,0.000,980.8,22.0,2,3439.7,11839.7,20.0
2026-02-03 22:41:01.561,1374.05,29.72,394,0.000,0.00,0.00,0.0,84.4,0.0,91.16,57.32,0.00,26.3,0.0,0.000,980.8,22.0,2,3448.0,11848.0,20.0
2026-02-03 22:41:01.612,1375.05,29.50,391,0.000,0.00,0.00,0.0,84.4,0.0,91.16,57.32,0.00,26.3,0.0,0.000,980.8,22.0,2,3456.2,11856.2,20.0
2026-02-03 22:41:01.662,1376.05,29.28,388,0.000,0.00,0.00,0.0,84.4,0.0,91.16,57.32,0.00,26.3,0.0,0.000,980.8,22.0,2,3464.3,11864.3,20.0
2026-02-03 22:41:01.712,1377.05,29.06,385,0.000,0.00,0.00,0.0,84.4,0.0,91.16,57.32,0.00,26.3,0.0,0.000,980.8,22.0,2,3472.4,11872.4,20.0
2026-02-03 22:41:01.761,1378.05,28.84,382,0.000,0.00,0.00,0.0,84.4,0.0,91.16,57.32,0.00,26.3,0.0,0.000,980.8,22.0,2,3480.4,11880.4,20.0
2026-02-03 22:41:01.811,1379.05,28.63,379,0.000,0.00,0.00,0.0,84.4,0.0,91.16,57.32,0.00,26.3,0.0,0.000,980.8,22.0,2,3488.3,11888.3,20.0
2026-02-03 22:41:01.862,1380.05,28.41,376,0.000,0.00,0.00,0.0,84.4,0.0,91.16,57.32,0.00,26.3,0.0,0.000,980.8,22.0,2,3496.2,11896.2,20.0
2026-02-03 22:41:01.912,1381.05,28.19,373,0.000,0.00,0.00,0.0,84.4,0.0,91.16,57.32,0.00,26.3,0.0,0.000,980.8,22.0,2,3504.1,11904.1,20.0
2026-02-03 22:41:01.962,1382.05,27.97,371,0.000,0.00,0.00,0.0,84.4,0.0,91.16,57.32,0.00,26.3,0.0,0.000,980.8,22.0,2,3511.8,11911.8,20.0
2026-02-03 22:41:02.012,1383.05,27.76,368,0.000,0.00,0.00,0.0,84.4,0.0,91.16,57.32,0.00,26.3,0.0,0.000,980.8,22.0,2,3519.6,11919.6,20.0
2026-02-03 22:41:02.061,1384.05,27.54,365,0.000,0.00,0.00,0.0,84.4,0.0,91.16,57.32,0.00,26.3,0.0,0.000,980.8,22.0,2,3527.2,11927.2,20.0
2026-02-03 22:41:02.112,1385.05,27.33,362,0.000,0.00,0.00,0.0,84.4,0.0,91.16,57.32,0.00,26.3,0.0,0.000,980.8,22.0,2,3534.8,11934.8,20.0
2026-02-03 22:41:02.162,1386.05,27.12,359,0.000,0.00,0.00,0.0,84.4,0.0,91.16,57.32,0.00,26.3,0.0,0.000,980.8,22.0,2,3542.3,11942.3,20.0
2026-02-03 22:41:02.212,1387.05,26.90,356,0.000,0.00,0.00,0.0,84.4,0.0,91.16,57.32,0.00,26.3,0.0,0.000,980.8,22.0,2,3549.8,11949.8,20.0
2026-02-03 22:41:02.262,1388.05,26.69,353,0.000,0.00,0.00,0.0,84.4,0.0,91.16,57.32,0.00,26.3,0.0,0.000,980.8,22.0,2,3557.2,11957.2,20.0
2026-02-03 22:41:02.311,1389.05,26.48,351,0.000,0.00,0.00,0.0,84.4,0.0,91.16,57.32,0.00,26.3,0.0,0.000,980.8,22.0,2,3564.6,11964.6,20.0
2026-02-03 22:41:02.362,1390.05,26.26,348,0.000,0.00,0.00,0.0,84.4,0.0,91.16,57.32,0.00,26.3,0.0,0.000,980.8,22.0,2,3571.9,11971.9,20.0
2026-02-03 22:41:02.412,1391.05,26.05,345,0.000,0.00,0.00,0.0,84.4,0.0,91.16,57.32,0.00,26.3,0.0,0.000,980.8,22.0,2,3579.1,11979.1,20.0
2026-02-03 22:41:02.462,1392.05,25.84,342,0.000,0.00,0.00,0.0,84.4,0.0,91.16,57.32,0.00,26.2,0.0,0.000,980.8,22.0,2,3586.3,11986.3,20.0
2026-02-03 22:41:02.511,1393.05,25.63,339,0.000,0.00,0.00,0.0,84.4,0.0,91.16,57.32,0.00,26.2,0.0,0.000,980.8,22.0,2,3593.4,11993.4,20.0
2026-02-03 22:41:02.562,1394.05,25.42,337,0.000,0.00,0.00,0.0,84.4,0.0,91.16,57.32,0.00,26.2,0.0,0.000,980.8,22.0,2,3600.5,12000.5,20.0
2026-02-03 22:41:02.612,1395.05,25.84,342,5.887,12.26,0.00,220.6,93.7,0.0,91.15,56.70,12.26,26.3,695.4,0.584,980.6,22.0,2,3607.6,12007.6,20.0
2026-02-03 22:41:02.662,1396.05,26.24,347,5.764,12.01,0.00,219.6,93.6,0.0,91.13,56.71,12.01,26.3,681.0,0.572,980.4,22.0,2,3614.9,12014.9,20.0
2026-02-03 22:41:02.711,1397.05,26.63,353,5.645,11.76,0.00,221.5,92.3,0.0,91.12,56.72,11.76,26.3,667.0,0.560,980.3,22.0,2,3622.3,12022.3,20.0
2026-02-03 22:41:02.761,1398.05,27.00,358,5.530,11.52,0.00,220.5,92.2,0.0,91.10,56.73,11.52,26.3,653.6,0.549,980.1,22.0,2,3629.8,12029.8,20.0
2026-02-03 22:41:02.812,1399.05,27.36,362,5.419,11.29,0.00,219.3,92.1,0.0,91.09,56.74,11.29,26.3,640.5,0.538,979.9,22.0,2,3637.4,12037.4,20.0
2026-02-03 22:41:02.862,1400.05,27.71,367,5.312,11.07,0.00,218.1,92.0,0.0,91.07,56.75,11.07,26.3,628.0,0.527,979.7,22.0,2,3645.1,12045.1,20.0
2026-02-03 22:41:02.912,1401.05,28.04,371,5.208,10.85,0.00,216.9,91.9,0.0,91.06,56.76,10.85,26.3,615.8,0.517,979.6,22.0,2,3652.9,12052.9,20.0
2026-02-03 22:41:02.961,1402.05,28.37,376,5.108,10.64,0.00,215.5,91.8,0.0,91.04,56.76,10.64,26.3,604.1,0.507,979.4,22.0,2,3660.8,12060.8,20.0
2026-02-03 22:41:03.011,1403.05,28.68,380,5.012,10.44,0.00,214.1,91.7,0.0,91.03,56.77,10.44,26.3,592.8,0.497,979.2,22.0,2,3668.8,12068.8,20.0
2026-02-03 22:41:03.062,1404.05,28.99,384,4.919,10.25,0.00,212.7,91.6,0.0,91.02,56.78,10.25,26.3,581.8,0.488,979.1,22.0,2,3676.8,12076.8,20.0
2026-02-03 22:41:03.112,1405.05,29.28,388,4.829,10.06,0.00,211.2,91.5,0.0,91.00,56.79,10.06,26.3,571.2,0.479,978.9,22.0,2,3684.9,12084.9,20.0
2026-02-03 22:41:03.162,1406.05,29.56,392,4.742,9.88,0.00,209.7,91.4,0.0,90.99,56.79,9.88,26.3,561.0,0.470,978.7,22.0,2,3693.2,12093.2,20.0
2026-02-03 22:41:03.212,1407.05,29.83,395,4.658,9.70,0.00,208.2,91.3,0.0,90.98,56.80,9.70,26.3,551.1,0.462,978.6,22.0,2,3701.4,12101.4,20.0
2026-02-03 22:41:03.261,1408.05,30.09,399,4.511,9.40,0.00,203.8,91.1,0.0,90.96,56.81,9.40,26.3,533.9,0.448,978.4,22.0,2,3709.8,12109.8,20.0
2026-02-03 22:41:03.312,1409.05,30.33,402,4.372,9.11,0.00,199.6,91.0,0.0,90.95,56.82,9.11,26.3,517.6,0.434,978.3,22.0,2,3718.2,12118.2,20.0
2026-02-03 22:41:03.362,1410.05,30.56,405,4.302,8.96,0.00,198.1,90.9,0.0,90.94,56.83,8.96,26.3,509.4,0.427,978.2,22.0,2,3726.7,12126.7,20.0
2026-02-03 22:41:03.412,1411.05,30.78,408,4.173,8.69,0.00,193.9,90.8,0.0,90.93,56.84,8.69,26.3,494.1,0.414,978.0,22.0,2,3735.3,12135.3,20.0
2026-02-03 22:41:03.462,1412.05,30.99,410,4.049,8.44,0.00,189.8,90.7,0.0,90.92,56.85,8.44,26.3,479.6,0.402,977.9,22.0,2,3743.9,12143.9,20.0
2026-02-03 22:41:03.511,1413.05,31.19,413,3.992,8.32,0.00,188.5,90.6,0.0,90.91,56.86,8.32,26.3,472.8,0.396,977.8,22.0,2,3752.5,12152.5,20.0
2026-02-03 22:41:03.562,1414.05,31.37,416,3.877,8.08,0.00,184.4,90.5,0.0,90.90,56.87,8.08,26.3,459.3,0.385,977.6,22.0,2,3761.2,12161.2,20.0
2026-02-03 22:41:03.612,1415.05,31.54,418,3.767,7.85,0.00,180.5,90.4,0.0,90.89,56.88,7.85,26.3,446.3,0.374,977.5,22.0,2,3770.0,12170.0,20.0
2026-02-03 22:41:03.662,1416.05,31.56,418,2.325,4.84,0.00,112.6,89.8,0.0,90.88,57.03,4.84,26.3,276.2,0.231,977.4,22.0,2,3778.8,12178.8,20.0
2026-02-03 22:41:03.712,1417.05,31.58,418,2.322,4.84,0.00,112.6,89.8,0.0,90.87,57.02,4.84,26.3,275.8,0.230,977.4,22.0,2,3787.6,12187.6,20.0
2026-02-03 22:41:03.761,1418.05,31.60,419,2.318,4.83,0.00,112.5,89.8,0.0,90.87,57.02,4.83,26.3,275.4,0.230,977.3,22.0,2,3796.3,12196.3,20.0
2026-02-03 22:41:03.812,1419.05,31.38,416,0.000,0.00,0.00,0.0,84.4,0.0,90.87,57.27,0.00,26.3,0.0,0.000,977.3,22.0,2,3805.0,12205.0,20.0
2026-02-03 22:41:03.862,1420.05,31.15,413,0.000,0.00,0.00,0.0,84.4,0.0,90.87,57.27,0.00,26.3,0.0,0.000,977.3,22.0,2,3813.7,12213.7,20.0
2026-02-03 22:41:03.912,1421.05,30.92,410,0.000,0.00,0.00,0.0,84.4,0.0,90.87,57.27,0.00,26.3,0.0,0.000,977.3,22.0,2,3822.3,12222.3,20.0
2026-02-03 22:41:03.962,1422.05,30.70,407,0.000,0.00,0.00,0.0,84.4,0.0,90.87,57.27,0.00,26.3,0.0,0.000,977.3,22.0,2,3830.8,12230.8,20.0
2026-02-03 22:41:04.012,1423.05,30.48,404,0.000,0.00,0.00,0.0,84.4,0.0,90.87,57.27,0.00,26.3,0.0,0.000,977.3,22.0,2,3839.3,12239.3,20.0
2026-02-03 22:41:04.062,1424.05,30.25,401,0.000,0.00,0.00,0.0,84.4,0.0,90.87,57.27,0.00,26.3,0.0,0.000,977.3,22.0,2,3847.7,12247.7,20.0
2026-02-03 22:41:04.112,1425.05,30.03,398,0.000,0.00,0.00,0.0,84.4,0.0,90.87,57.27,0.00,26.3,0.0,0.000,977.3,22.0,2,3856.0,12256.0,20.0
2026-02-03 22:41:04.162,1426.05,29.81,395,0.000,0.00,0.00,0.0,84.4,0.0,90.87,57.27,0.00,26.3,0.0,0.000,977.3,22.0,2,3864.3,12264.3,20.0
2026-02-03 22:41:04.211,1427.05,29.59,392,0.000,0.00,0.00,0.0,84.4,0.0,90.87,57.27,0.00,26.3,0.0,0.000,977.3,22.0,2,3872.5,12272.5,20.0
2026-02-03 22:41:04.261,1428.05,29.37,389,0.000,0.00,0.00,0.0,84.4,0.0,90.87,57.27,0.00,26.3,0.0,0.000,977.3,22.0,2,3880.7,12280.7,20.0
2026-02-03 22:41:04.312,1429.05,29.15,386,0.000,0.00,0.00,0.0,84.4,0.0,90.87,57.27,0.00,26.3,0.0,0.000,977.3,22.0,2,3888.8,12288.8,20.0
2026-02-03 22:41:04.362,1430.05,28.93,383,0.000,0.00,0.00,0.0,84.4,0.0,90.87,57.27,0.00,26.3,0.0,0.000,977.3,22.0,2,3896.8,12296.8,20.0
2026-02-03 22:41:04.412,1431.05,28.71,380,0.000,0.00,0.00,0.0,84.4,0.0,90.87,57.27,0.00,26.3,0.0,0.000,977.3,22.0,2,3904.8,12304.8,20.0
2026-02-03 22:41:04.462,1432.05,28.49,377,0.000,0.00,0.00,0.0,84.4,0.0,90.87,57.27,0.00,26.3,0.0,0.000,977.3,22.0,2,3912.7,12312.7,20.0
2026-02-03 22:41:04.511,1433.05,28.28,375,0.000,0.00,0.00,0.0,84.4,0.0,90.87,57.27,0.00,26.3,0.0,0.000,977.3,22.0,2,3920.6,12320.6,20.0
2026-02-03 22:41:04.561,1434.05,28.06,372,0.000,0.00,0.00,0.0,84.4,0.0,90.87,57.27,0.00,26.3,0.0,0.000,977.3,22.0,2,3928.4,12328.4,20.0
2026-02-03 22:41:04.612,1435.05,27.84,369,0.000,0.00,0.00,0.0,84.4,0.0,90.87,57.27,0.00,26.3,0.0,0.000,977.3,22.0,2,3936.1,12336.1,20.0
2026-02-03 22:41:04.662,1436.05,27.92,370,2.806,5.84,0.00,119.3,90.3,0.0,90.86,56.97,5.84,26.3,333.0,0.278,977.2,22.0,2,3943.8,12343.8,20.0
2026-02-03 22:41:04.711,1437.05,28.00,371,2.792,5.82,0.00,119.1,90.3,0.0,90.85,56.97,5.82,26.3,331.4,0.277,977.1,22.0,2,3951.6,12351.6,20.0
2026-02-03 22:41:04.762,1438.05,27.79,368,0.000,0.00,0.00,0.0,84.4,0.0,90.85,57.26,0.00,26.3,0.0,0.000,977.1,22.0,2,3959.3,12359.3,20.0
2026-02-03 22:41:04.812,1439.05,27.87,369,2.814,5.86,0.00,119.5,90.4,0.0,90.84,56.97,5.86,26.3,334.0,0.279,977.0,22.0,2,3967.1,12367.1,20.0
2026-02-03 22:41:04.862,1440.05,27.95,370,2.801,5.84,0.00,119.3,90.3,0.0,90.84,56.97,5.84,26.3,332.4,0.278,976.9,22.0,2,3974.9,12374.9,20.0
2026-02-03 22:41:04.911,1441.05,28.03,371,2.788,5.81,0.00,119.1,90.3,0.0,90.83,56.97,5.81,26.3,330.9,0.277,976.8,22.0,2,3982.6,12382.6,20.0
2026-02-03 22:41:04.961,1442.05,27.82,368,0.000,0.00,0.00,0.0,84.4,0.0,90.83,57.26,0.00,26.3,0.0,0.000,976.8,22.0,2,3990.4,12390.4,20.0
2026-02-03 22:41:05.012,1443.05,27.90,370,2.810,5.85,0.00,119.4,90.3,0.0,90.82,56.97,5.85,26.3,333.5,0.279,976.7,22.0,2,3998.1,12398.1,20.0
2026-02-03 22:41:05.062,1444.05,27.98,371,2.797,5.83,0.00,119.2,90.3,0.0,90.81,56.97,5.83,26.3,331.9,0.277,976.6,22.0,2,4005.9,12405.9,20.0
2026-02-03 22:41:05.112,1445.05,28.06,372,2.784,5.80,0.00,119.0,90.3,0.0,90.80,56.97,5.80,26.3,330.3,0.276,976.5,22.0,2,4013.7,12413.7,20.0
2026-02-03 22:41:05.162,1446.05,27.84,369,0.000,0.00,0.00,0.0,84.4,0.0,90.80,57.26,0.00,26.3,0.0,0.000,976.5,22.0,2,4021.4,12421.4,20.0
2026-02-03 22:41:05.212,1447.05,27.92,370,2.806,5.85,0.00,119.3,90.3,0.0,90.80,56.96,5.85,26.3,333.0,0.278,976.4,22.0,2,4029.2,12429.2,20.0
2026-02-03 22:41:05.262,1448.05,28.00,371,2.793,5.82,0.00,119.1,90.3,0.0,90.79,56.96,5.82,26.3,331.4,0.277,976.4,22.0,2,4037.0,12437.0,20.0
2026-02-03 22:41:05.312,1449.05,27.79,368,0.000,0.00,0.00,0.0,84.4,0.0,90.79,57.25,0.00,26.3,0.0,0.000,976.4,22.0,2,4044.7,12444.7,20.0
2026-02-03 22:41:05.362,1450.05,27.87,369,2.814,5.86,0.00,119.5,90.4,0.0,90.78,56.96,5.86,26.3,334.0,0.279,976.3,22.0,2,4052.4,12452.4,20.0
2026-02-03 22:41:05.412,1451.05,28.20,374,5.160,10.75,0.00,216.2,91.8,0.0,90.77,56.71,10.75,26.3,609.6,0.512,976.1,22.0,2,4060.2,12460.2,20.0
2026-02-03 22:41:05.462,1452.05,28.52,378,5.062,10.54,0.00,214.9,91.7,0.0,90.75,56.72,10.54,26.3,598.1,0.502,975.9,22.0,2,4068.2,12468.2,20.0
2026-02-03 22:41:05.512,1453.05,28.83,382,4.967,10.35,0.00,213.4,91.6,0.0,90.74,56.73,10.35,26.3,587.0,0.493,975.8,22.0,2,4076.2,12476.2,20.0
2026-02-03 22:41:05.562,1454.05,29.13,386,4.875,10.16,0.00,212.0,91.5,0.0,90.73,56.73,10.16,26.3,576.2,0.484,975.6,22.0,2,4084.3,12484.3,20.0
2026-02-03 22:41:05.611,1455.05,29.42,390,4.786,9.97,0.00,210.5,91.4,0.0,90.71,56.74,9.97,26.3,565.8,0.475,975.4,22.0,2,4092.4,12492.4,20.0
2026-02-03 22:41:05.662,1456.05,29.69,393,4.701,9.79,0.00,209.0,91.3,0.0,90.70,56.75,9.79,26.3,555.8,0.466,975.3,22.0,2,4100.7,12500.7,20.0
2026-02-03 22:41:05.712,1457.05,29.96,397,4.618,9.62,0.00,207.5,91.3,0.0,90.69,56.75,9.62,26.3,546.1,0.458,975.1,22.0,2,4109.0,12509.0,20.0
2026-02-03 22:41:05.762,1458.05,30.22,400,4.539,9.46,0.00,205.9,91.2,0.0,90.67,56.76,9.46,26.3,536.7,0.450,975.0,22.0,2,4117.4,12517.4,20.0
2026-02-03 22:41:05.812,1459.05,30.47,404,4.462,9.30,0.00,204.3,91.1,0.0,90.66,56.77,9.30,26.3,527.7,0.443,974.8,22.0,2,4125.9,12525.9,20.0
2026-02-03 22:41:05.861,1460.05,30.71,407,4.387,9.14,0.00,202.8,91.0,0.0,90.65,56.77,9.14,26.3,518.9,0.435,974.7,22.0,2,4134.4,12534.4,20.0
2026-02-03 22:41:05.912,1461.05,30.95,410,4.316,8.99,0.00,201.2,90.9,0.0,90.64,56.78,8.99,26.3,510.5,0.428,974.6,22.0,2,4143.0,12543.0,20.0
2026-02-03 22:41:05.962,1462.05,31.17,413,4.246,8.85,0.00,199.6,90.9,0.0,90.63,56.78,8.85,26.3,502.3,0.421,974.4,22.0,2,4151.7,12551.7,20.0
2026-02-03 22:41:06.012,1463.05,31.39,416,4.179,8.71,0.00,198.1,90.8,0.0,90.62,56.79,8.71,26.3,494.5,0.415,974.3,22.0,2,4160.4,12560.4,20.0
2026-02-03 22:41:06.062,1464.05,31.60,419,4.115,8.57,0.00,196.5,90.7,0.0,90.60,56.79,8.57,26.3,486.9,0.408,974.1,22.0,2,4169.2,12569.2,20.0
2026-02-03 22:41:06.112,1465.05,31.80,421,4.053,8.44,0.00,195.0,90.7,0.0,90.59,56.80,8.44,26.4,479.5,0.402,974.0,22.0,2,4178.0,12578.0,20.0
2026-02-03 22:41:06.162,1466.05,31.99,424,3.935,8.20,0.00,190.8,90.5,0.0,90.58,56.81,8.20,26.4,465.7,0.390,973.9,22.0,2,4186.9,12586.9,20.0
2026-02-03 22:41:06.212,1467.05,32.17,426,3.880,8.08,0.00,189.3,90.5,0.0,90.57,56.81,8.08,26.4,459.2,0.385,973.8,22.0,2,4195.8,12595.8,20.0
2026-02-03 22:41:06.261,1468.05,32.34,428,3.771,7.86,0.00,185.3,90.4,0.0,90.56,56.82,7.86,26.4,446.4,0.374,973.6,22.0,3,4.8,12604.8,20.0
2026-02-03 22:41:06.312,1469.05,32.50,431,3.667,7.64,0.00,181.4,90.3,0.0,90.55,56.83,7.64,26.4,434.1,0.364,973.5,22.0,3,13.8,12613.8,20.0
2026-02-03 22:41:06.362,1470.05,32.66,433,3.621,7.54,0.00,180.1,90.2,0.0,90.54,56.83,7.54,26.4,428.8,0.359,973.4,22.0,3,22.9,12622.9,20.0
2026-02-03 22:41:06.412,1471.05,32.81,435,3.578,7.45,0.00,178.9,90.2,0.0,90.53,56.84,7.45,26.4,423.6,0.355,973.3,22.0,3,32.0,12632.0,20.0
2026-02-03 22:41:06.462,1472.05,32.94,436,3.483,7.26,0.00,175.1,90.1,0.0,90.52,56.84,7.26,26.4,412.4,0.345,973.2,22.0,3,41.2,12641.2,20.0
2026-02-03 22:41:06.511,1473.05,33.08,438,3.444,7.17,0.00,174.0,90.0,0.0,90.51,56.85,7.17,26.4,407.9,0.342,973.0,22.0,3,50.3,12650.3,20.0
2026-02-03 22:41:06.562,1474.05,33.20,440,3.355,6.99,0.00,170.3,89.9,0.0,90.50,56.86,6.99,26.4,397.4,0.333,972.9,22.0,3,59.6,12659.6,20.0
2026-02-03 22:41:06.612,1475.05,33.32,441,3.321,6.92,0.00,169.3,89.9,0.0,90.49,56.86,6.92,26.4,393.3,0.329,972.8,22.0,3,68.8,12668.8,20.0
2026-02-03 22:41:06.662,1476.05,33.44,443,3.288,6.85,0.00,168.3,89.9,0.0,90.48,56.86,6.85,26.4,389.4,0.326,972.7,22.0,3,78.1,12678.1,20.0
2026-02-03 22:41:06.712,1477.05,33.54,444,3.205,6.68,0.00,164.8,89.8,0.0,90.48,56.87,6.68,26.4,379.8,0.318,972.6,22.0,3,87.4,12687.4,20.0
2026-02-03 22:41:06.761,1478.05,33.65,446,3.176,6.62,0.00,163.9,89.7,0.0,90.47,56.87,6.62,26.4,376.3,0.315,972.5,22.0,3,96.8,12696.8,20.0
2026-02-03 22:41:06.812,1479.05,33.75,447,3.148,6.56,0.00,163.0,89.7,0.0,90.46,56.87,6.56,26.4,373.0,0.312,972.4,22.0,3,106.2,12706.2,20.0
2026-02-03 22:41:06.862,1480.05,33.84,448,3.072,6.40,0.00,159.7,89.6,0.0,90.45,56.88,6.40,26.4,364.0,0.305,972.3,22.0,3,115.6,12715.6,20.0
2026-02-03 22:41:06.912,1481.05,33.93,449,3.048,6.35,0.00,158.9,89.6,0.0,90.44,56.88,6.35,26.4,361.1,0.302,972.2,22.0,3,125.0,12725.0,20.0
2026-02-03 22:41:06.962,1482.05,34.01,451,3.024,6.30,0.00,158.1,89.6,0.0,90.43,56.88,6.30,26.4,358.3,0.300,972.1,22.0,3,134.4,12734.4,20.0
2026-02-03 22:41:07.012,1483.05,34.09,452,2.953,6.15,0.00,154.9,89.5,0.0,90.42,56.88,6.15,26.4,350.0,0.293,972.0,22.0,3,143.9,12743.9,20.0
2026-02-03 22:41:07.062,1484.05,34.17,453,2.933,6.11,0.00,154.2,89.5,0.0,90.42,56.88,6.11,26.4,347.6,0.291,971.9,22.0,3,153.4,12753.4,20.0
2026-02-03 22:41:07.111,1485.05,34.24,454,2.913,6.07,0.00,153.5,89.5,0.0,90.41,56.89,6.07,26.4,345.2,0.289,971.8,22.0,3,162.9,12762.9,20.0
2026-02-03 22:41:07.162,1486.05,34.31,455,2.894,6.03,0.00,152.9,89.4,0.0,90.40,56.89,6.03,26.4,342.9,0.287,971.7,22.0,3,172.4,12772.4,20.0
2026-02-03 22:41:07.212,1487.05,34.38,456,2.875,5.99,0.00,150.6,90.4,0.0,90.39,56.89,5.99,26.4,340.7,0.285,971.6,22.0,3,182.0,12782.0,20.0
2026-02-03 22:41:07.262,1488.05,34.44,456,2.811,5.86,0.00,147.6,90.3,0.0,90.39,56.89,5.86,26.4,333.1,0.279,971.5,22.0,3,191.5,12791.5,20.0
2026-02-03 22:41:07.311,1489.05,34.50,457,2.795,5.82,0.00,147.1,90.3,0.0,90.38,56.89,5.82,26.4,331.2,0.277,971.4,22.0,3,201.1,12801.1,20.0
2026-02-03 22:41:07.362,1490.05,34.56,458,2.779,5.79,0.00,146.5,90.3,0.0,90.37,56.89,5.79,26.4,329.4,0.276,971.3,22.0,3,210.7,12810.7,20.0
2026-02-03 22:41:07.412,1491.05,34.62,459,2.764,5.76,0.00,146.0,90.3,0.0,90.36,56.89,5.76,26.4,327.6,0.274,971.3,22.0,3,220.3,12820.3,20.0
2026-02-03 22:41:07.462,1492.05,34.67,459,2.750,5.73,0.00,145.5,90.3,0.0,90.35,56.89,5.73,26.4,325.9,0.273,971.2,22.0,3,230.0,12830.0,20.0
2026-02-03 22:41:07.512,1493.05,34.72,460,2.691,5.61,0.00,142.7,90.2,0.0,90.35,56.90,5.61,26.4,318.9,0.267,971.1,22.0,3,239.6,12839.6,20.0
2026-02-03 22:41:07.562,1494.05,34.77,461,2.678,5.58,0.00,142.3,90.2,0.0,90.34,56.90,5.58,26.4,317.5,0.266,971.0,22.0,3,249.3,12849.3,20.0
2026-02-03 22:41:07.611,1495.05,34.81,461,2.666,5.55,0.00,141.8,90.2,0.0,90.33,56.90,5.55,26.4,316.1,0.265,970.9,22.0,3,259.0,12859.0,20.0
2026-02-03 22:41:07.662,1496.05,34.86,462,2.655,5.53,0.00,141.4,90.2,0.0,90.33,56.90,5.53,26.4,314.7,0.263,970.8,22.0,3,268.6,12868.6,20.0
2026-02-03 22:41:07.712,1497.05,34.81,461,1.762,3.67,0.00,95.0,89.2,0.0,90.32,56.99,3.67,26.4,209.3,0.175,970.8,22.0,3,278.3,12878.3,20.0
2026-02-03 22:41:07.762,1498.05,34.76,460,1.771,3.69,0.00,95.3,89.3,0.0,90.32,56.99,3.69,26.4,210.3,0.176,970.7,22.0,3,288.0,12888.0,20.0
2026-02-03 22:41:07.812,1499.05,34.71,460,1.780,3.71,0.00,95.6,89.3,0.0,90.31,56.99,3.71,26.4,211.3,0.177,970.6,22.0,3,297.6,12897.6,20.0
2026-02-03 22:41:07.861,1500.05,34.66,459,1.788,3.72,0.00,95.9,89.3,0.0,90.31,56.99,3.72,26.4,212.2,0.177,970.6,22.0,3,307.2,12907.2,20.0
2026-02-03 22:41:07.912,1501.05,34.61,459,1.796,3.74,0.00,96.2,89.3,0.0,90.30,56.98,3.74,26.4,213.2,0.178,970.5,22.0,3,316.8,12916.8,20.0
2026-02-03 22:41:07.962,1502.05,34.57,458,1.804,3.76,0.00,96.5,89.3,0.0,90.30,56.98,3.76,26.4,214.1,0.179,970.5,22.0,3,326.4,12926.4,20.0
2026-02-03 22:41:08.012,1503.05,34.52,457,1.811,3.77,0.00,96.8,89.3,0.0,90.29,56.98,3.77,26.4,215.0,0.180,970.4,22.0,3,336.0,12936.0,20.0
2026-02-03 22:41:08.061,1504.05,34.29,454,0.000,0.00,0.00,0.0,84.4,0.0,90.29,57.17,0.00,26.4,0.0,0.000,970.4,22.0,3,345.6,12945.6,20.0
2026-02-03 22:41:08.112,1505.05,34.05,451,0.000,0.00,0.00,0.0,84.4,0.0,90.29,57.17,0.00,26.4,0.0,0.000,970.4,22.0,3,355.0,12955.0,20.0
2026-02-03 22:41:08.162,1506.05,33.82,448,0.000,0.00,0.00,0.0,84.4,0.0,90.29,57.17,0.00,26.4,0.0,0.000,970.4,22.0,3,364.4,12964.4,20.0
2026-02-03 22:41:08.212,1507.05,33.79,448,1.939,4.04,0.00,101.2,89.4,0.0,90.29,56.97,4.04,26.4,230.1,0.192,970.3,22.0,3,373.8,12973.8,20.0
2026-02-03 22:41:08.261,1508.05,33.76,447,1.944,4.05,0.00,101.3,89.4,0.0,90.28,56.96,4.05,26.4,230.7,0.193,970.3,22.0,3,383.2,12983.2,20.0
2026-02-03 22:41:08.312,1509.05,33.73,447,1.949,4.06,0.00,101.5,89.4,0.0,90.27,56.96,4.06,26.4,231.2,0.193,970.2,22.0,3,392.5,12992.5,20.0
2026-02-03 22:41:08.362,1510.05,33.71,447,1.953,4.07,0.00,101.6,89.4,0.0,90.27,56.96,4.07,26.4,231.8,0.194,970.1,22.0,3,401.9,13001.9,20.0
2026-02-03 22:41:08.412,1511.05,33.68,446,1.958,4.08,0.00,101.8,89.4,0.0,90.26,56.96,4.08,26.4,232.3,0.194,970.1,22.0,3,411.3,13011.3,20.0
2026-02-03 22:41:08.462,1512.05,33.66,446,1.962,4.09,0.00,101.9,89.5,0.0,90.26,56.96,4.09,26.4,232.8,0.195,970.0,22.0,3,420.6,13020.6,20.0
2026-02-03 22:41:08.511,1513.05,33.63,446,1.966,4.10,0.00,102.1,89.5,0.0,90.25,56.96,4.10,26.4,233.3,0.195,970.0,22.0,3,430.0,13030.0,20.0
2026-02-03 22:41:08.562,1514.05,33.61,445,1.971,4.11,0.00,102.2,89.5,0.0,90.25,56.96,4.11,26.4,233.8,0.196,969.9,22.0,3,439.3,13039.3,20.0
2026-02-03 22:41:08.612,1515.05,33.58,445,1.975,4.11,0.00,102.4,89.5,0.0,90.24,56.95,4.11,26.4,234.3,0.196,969.8,22.0,3,448.6,13048.6,20.0
2026-02-03 22:41:08.662,1516.05,33.56,445,1.979,4.12,0.00,102.5,89.5,0.0,90.24,56.95,4.12,26.4,234.8,0.196,969.8,22.0,3,457.9,13057.9,20.0
2026-02-03 22:41:08.712,1517.05,33.54,444,1.983,4.13,0.00,102.6,89.5,0.0,90.23,56.95,4.13,26.4,235.3,0.197,969.7,22.0,3,467.3,13067.3,20.0
2026-02-03 22:41:08.761,1518.05,33.51,444,1.987,4.14,0.00,102.7,89.5,0.0,90.23,56.95,4.14,26.4,235.7,0.197,969.6,22.0,3,476.6,13076.6,20.0
2026-02-03 22:41:08.812,1519.05,33.49,444,1.991,4.15,0.00,102.9,89.5,0.0,90.22,56.95,4.15,26.4,236.2,0.197,969.6,22.0,3,485.9,13085.9,20.0
2026-02-03 22:41:08.862,1520.05,33.47,443,1.994,4.16,0.00,103.0,89.5,0.0,90.21,56.95,4.16,26.4,236.6,0.198,969.5,22.0,3,495.2,13095.2,20.0
2026-02-03 22:41:08.912,1521.05,33.45,443,1.998,4.16,0.00,103.1,89.5,0.0,90.21,56.95,4.16,26.4,237.0,0.198,969.4,22.0,3,504.5,13104.5,20.0
2026-02-03 22:41:08.961,1522.05,33.52,444,2.902,6.05,0.00,149.8,89.4,0.0,90.20,56.85,6.05,26.4,343.8,0.288,969.3,22.0,3,513.8,13113.8,20.0
2026-02-03 22:41:09.012,1523.05,33.60,445,2.884,6.01,0.00,149.2,89.4,0.0,90.19,56.85,6.01,26.4,341.6,0.286,969.2,22.0,3,523.1,13123.1,20.0
2026-02-03 22:41:09.062,1524.05,33.67,446,2.866,5.97,0.00,147.0,90.4,0.0,90.19,56.85,5.97,26.4,339.5,0.284,969.1,22.0,3,532.5,13132.5,20.0
2026-02-03 22:41:09.112,1525.05,33.73,447,2.849,5.93,0.00,146.4,90.4,0.0,90.18,56.85,5.93,26.4,337.4,0.283,969.0,22.0,3,541.8,13141.8,20.0
2026-02-03 22:41:09.162,1526.05,33.80,448,2.783,5.80,0.00,143.5,90.3,0.0,90.17,56.86,5.80,26.4,329.7,0.276,969.0,22.0,3,551.2,13151.2,20.0
2026-02-03 22:41:09.212,1527.05,33.85,449,2.768,5.77,0.00,143.0,90.3,0.0,90.16,56.86,5.77,26.4,327.9,0.275,968.9,22.0,3,560.6,13160.6,20.0
2026-02-03 22:41:09.262,1528.05,33.91,449,2.754,5.74,0.00,142.5,90.3,0.0,90.15,56.86,5.74,26.4,326.2,0.273,968.8,22.0,3,570.0,13170.0,20.0
2026-02-03 22:41:09.312,1529.05,33.97,450,2.740,5.71,0.00,142.0,90.3,0.0,90.15,56.86,5.71,26.4,324.6,0.272,968.7,22.0,3,579.5,13179.5,20.0
2026-02-03 22:41:09.361,1530.05,34.02,451,2.726,5.68,0.00,141.6,90.3,0.0,90.14,56.86,5.68,26.4,323.0,0.270,968.6,22.0,3,588.9,13188.9,20.0
2026-02-03 22:41:09.411,1531.05,34.07,451,2.666,5.55,0.00,138.8,90.2,0.0,90.13,56.86,5.55,26.4,315.8,0.264,968.5,22.0,3,598.4,13198.4,20.0
2026-02-03 22:41:09.462,1532.05,34.12,452,2.654,5.53,0.00,138.4,90.2,0.0,90.12,56.86,5.53,26.4,314.5,0.263,968.4,22.0,3,607.9,13207.9,20.0
2026-02-03 22:41:09.512,1533.05,34.16,453,2.643,5.51,0.00,138.0,90.2,0.0,90.12,56.86,5.51,26.4,313.2,0.262,968.3,22.0,3,617.4,13217.4,20.0
2026-02-03 22:41:09.562,1534.05,34.13,452,1.880,3.92,0.00,99.2,89.4,0.0,90.11,56.94,3.92,26.4,223.1,0.187,968.3,22.0,3,626.8,13226.8,20.0
2026-02-03 22:41:09.611,1535.05,34.09,452,1.887,3.93,0.00,99.4,89.4,0.0,90.11,56.94,3.93,26.4,223.8,0.187,968.2,22.0,3,636.3,13236.3,20.0
2026-02-03 22:41:09.662,1536.05,34.06,451,1.893,3.94,0.00,99.6,89.4,0.0,90.10,56.94,3.94,26.4,224.5,0.188,968.1,22.0,3,645.8,13245.8,20.0
2026-02-03 22:41:09.712,1537.05,33.82,448,0.000,0.00,0.00,0.0,84.4,0.0,90.10,57.14,0.00,26.4,0.0,0.000,968.1,22.0,3,655.2,13255.2,20.0
2026-02-03 22:41:09.762,1538.05,33.59,445,0.000,0.00,0.00,0.0,84.4,0.0,90.10,57.14,0.00,26.4,0.0,0.000,968.1,22.0,3,664.5,13264.5,20.0
2026-02-03 22:41:09.812,1539.05,33.36,442,0.000,0.00,0.00,0.0,84.4,0.0,90.10,57.14,0.00,26.4,0.0,0.000,968.1,22.0,3,673.8,13273.8,20.0
2026-02-03 22:41:09.862,1540.05,33.12,439,0.000,0.00,0.00,0.0,84.4,0.0,90.10,57.14,0.00,26.4,0.0,0.000,968.1,22.0,3,683.0,13283.0,20.0
2026-02-03 22:41:09.912,1541.05,32.89,436,0.000,0.00,0.00,0.0,84.4,0.0,90.10,57.14,0.00,26.4,0.0,0.000,968.1,22.0,3,692.1,13292.1,20.0
2026-02-03 22:41:09.962,1542.05,32.66,433,0.000,0.00,0.00,0.0,84.4,0.0,90.10,57.14,0.00,26.4,0.0,0.000,968.1,22.0,3,701.2,13301.2,20.0
2026-02-03 22:41:10.011,1543.05,32.43,430,0.000,0.00,0.00,0.0,84.4,0.0,90.10,57.14,0.00,26.4,0.0,0.000,968.1,22.0,3,710.2,13310.2,20.0
2026-02-03 22:41:10.061,1544.05,32.20,427,0.000,0.00,0.00,0.0,84.4,0.0,90.10,57.14,0.00,26.4,0.0,0.000,968.1,22.0,3,719.1,13319.1,20.0
2026-02-03 22:41:10.112,1545.05,31.97,424,0.000,0.00,0.00,0.0,84.4,0.0,90.10,57.14,0.00,26.3,0.0,0.000,968.1,22.0,3,728.0,13328.0,20.0
2026-02-03 22:41:10.162,1546.05,31.75,421,0.000,0.00,0.00,0.0,84.4,0.0,90.10,57.14,0.00,26.3,0.0,0.000,968.1,22.0,3,736.8,13336.8,20.0
2026-02-03 22:41:10.212,1547.05,31.52,418,0.000,0.00,0.00,0.0,84.4,0.0,90.10,57.14,0.00,26.3,0.0,0.000,968.1,22.0,3,745.6,13345.6,20.0
2026-02-03 22:41:10.261,1548.05,31.29,415,0.000,0.00,0.00,0.0,84.4,0.0,90.10,57.14,0.00,26.3,0.0,0.000,968.1,22.0,3,754.3,13354.3,20.0
2026-02-03 22:41:10.311,1549.05,31.07,412,0.000,0.00,0.00,0.0,84.4,0.0,90.10,57.14,0.00,26.3,0.0,0.000,968.1,22.0,3,762.9,13362.9,20.0
2026-02-03 22:41:10.362,1550.05,30.84,409,0.000,0.00,0.00,0.0,84.4,0.0,90.10,57.14,0.00,26.3,0.0,0.000,968.1,22.0,3,771.5,13371.5,20.0
2026-02-03 22:41:10.412,1551.05,30.88,409,2.444,5.09,0.00,115.6,90.0,0.0,90.10,56.88,5.09,26.3,289.6,0.242,968.1,22.0,3,780.0,13380.0,20.0
2026-02-03 22:41:10.462,1552.05,30.91,409,2.438,5.08,0.00,115.5,90.0,0.0,90.09,56.88,5.08,26.3,288.9,0.242,968.0,22.0,3,788.6,13388.6,20.0
2026-02-03 22:41:10.512,1553.05,30.94,410,2.433,5.07,0.00,115.3,89.9,0.0,90.08,56.88,5.07,26.3,288.3,0.241,967.9,22.0,3,797.2,13397.2,20.0
2026-02-03 22:41:10.561,1554.05,30.98,410,2.427,5.06,0.00,115.2,89.9,0.0,90.08,56.88,5.06,26.3,287.6,0.241,967.8,22.0,3,805.8,13405.8,20.0
2026-02-03 22:41:10.611,1555.05,31.01,411,2.421,5.04,0.00,115.1,89.9,0.0,90.07,56.88,5.04,26.3,286.9,0.240,967.7,22.0,3,814.4,13414.4,20.0
2026-02-03 22:41:10.662,1556.05,31.04,411,2.416,5.03,0.00,114.9,89.9,0.0,90.06,56.88,5.03,26.3,286.3,0.240,967.7,22.0,3,823.1,13423.1,20.0
2026-02-03 22:41:10.712,1557.05,30.81,408,0.000,0.00,0.00,0.0,84.4,0.0,90.06,57.13,0.00,26.3,0.0,0.000,967.7,22.0,3,831.6,13431.6,20.0
2026-02-03 22:41:10.762,1558.05,30.59,405,0.000,0.00,0.00,0.0,84.4,0.0,90.06,57.13,0.00,26.3,0.0,0.000,967.7,22.0,3,840.1,13440.1,20.0
2026-02-03 22:41:10.811,1559.05,30.37,402,0.000,0.00,0.00,0.0,84.4,0.0,90.06,57.13,0.00,26.3,0.0,0.000,967.7,22.0,3,848.5,13448.5,20.0
2026-02-03 22:41:10.862,1560.05,30.14,399,0.000,0.00,0.00,0.0,84.4,0.0,90.06,57.13,0.00,26.3,0.0,0.000,967.7,22.0,3,856.9,13456.9,20.0
2026-02-03 22:41:10.912,1561.05,29.92,396,0.000,0.00,0.00,0.0,84.4,0.0,90.06,57.13,0.00,26.3,0.0,0.000,967.7,22.0,3,865.2,13465.2,20.0
2026-02-03 22:41:10.962,1562.05,29.97,397,2.535,5.28,0.00,116.2,90.1,0.0,90.05,56.87,5.28,26.3,300.4,0.252,967.6,22.0,3,873.6,13473.6,20.0
2026-02-03 22:41:11.012,1563.05,30.01,398,2.528,5.27,0.00,116.1,90.1,0.0,90.05,56.86,5.27,26.3,299.4,0.251,967.5,22.0,3,881.9,13481.9,20.0
2026-02-03 22:41:11.061,1564.05,29.79,395,0.000,0.00,0.00,0.0,84.4,0.0,90.05,57.13,0.00,26.3,0.0,0.000,967.5,22.0,3,890.2,13490.2,20.0
2026-02-03 22:41:11.112,1565.05,29.84,395,2.557,5.33,0.00,116.7,90.1,0.0,90.04,56.86,5.33,26.3,302.9,0.254,967.4,22.0,3,898.5,13498.5,20.0
2026-02-03 22:41:11.162,1566.05,29.89,396,2.548,5.31,0.00,116.5,90.1,0.0,90.03,56.86,5.31,26.3,301.9,0.253,967.3,22.0,3,906.8,13506.8,20.0
2026-02-03 22:41:11.212,1567.05,29.94,397,2.540,5.29,0.00,116.3,90.1,0.0,90.03,56.86,5.29,26.3,300.9,0.252,967.2,22.0,3,915.1,13515.1,20.0
2026-02-03 22:41:11.261,1568.05,29.99,397,2.532,5.28,0.00,116.2,90.1,0.0,90.02,56.86,5.28,26.3,300.0,0.251,967.2,22.0,3,923.4,13523.4,20.0
2026-02-03 22:41:11.311,1569.05,30.03,398,2.525,5.26,0.00,116.0,90.0,0.0,90.01,56.86,5.26,26.3,299.1,0.250,967.1,22.0,3,931.8,13531.8,20.0
2026-02-03 22:41:11.362,1570.05,29.81,395,0.000,0.00,0.00,0.0,84.4,0.0,90.01,57.12,0.00,26.3,0.0,0.000,967.1,22.0,3,940.0,13540.0,20.0
2026-02-03 22:41:11.412,1571.05,29.86,396,2.554,5.32,0.00,116.6,90.1,0.0,90.01,56.85,5.32,26.3,302.5,0.253,967.0,22.0,3,948.3,13548.3,20.0
2026-02-03 22:41:11.462,1572.05,29.91,396,2.546,5.30,0.00,116.5,90.1,0.0,90.00,56.85,5.30,26.3,301.5,0.253,966.9,22.0,3,956.6,13556.6,20.0
2026-02-03 22:41:11.512,1573.05,29.96,397,2.538,5.29,0.00,116.3,90.1,0.0,89.99,56.85,5.29,26.3,300.6,0.252,966.8,22.0,3,965.0,13565.0,20.0
2026-02-03 22:41:11.561,1574.05,30.00,397,2.530,5.27,0.00,116.1,90.1,0.0,89.98,56.85,5.27,26.3,299.6,0.251,966.7,22.0,3,973.3,13573.3,20.0
2026-02-03 22:41:11.612,1575.05,29.78,394,0.000,0.00,0.00,0.0,84.4,0.0,89.98,57.12,0.00,26.3,0.0,0.000,966.7,22.0,3,981.6,13581.6,20.0
2026-02-03 22:41:11.662,1576.05,29.83,395,2.559,5.33,0.00,116.7,90.1,0.0,89.98,56.85,5.33,26.3,303.1,0.254,966.7,22.0,3,989.8,13589.8,20.0
2026-02-03 22:41:11.712,1577.05,29.88,396,2.551,5.31,0.00,116.6,90.1,0.0,89.97,56.85,5.31,26.3,302.1,0.253,966.6,22.0,3,998.1,13598.1,20.0
2026-02-03 22:41:11.762,1578.05,29.93,396,2.542,5.30,0.00,116.4,90.1,0.0,89.96,56.85,5.30,26.3,301.1,0.252,966.5,22.0,3,1006.5,13606.5,20.0
2026-02-03 22:41:11.811,1579.05,30.19,400,4.549,9.48,0.00,206.1,91.2,0.0,89.95,56.64,9.48,26.3,536.8,0.451,966.3,22.0,3,1014.8,13614.8,20.0
2026-02-03 22:41:11.862,1580.05,30.44,403,4.472,9.32,0.00,204.5,91.1,0.0,89.94,56.64,9.32,26.3,527.7,0.444,966.2,22.0,3,1023.3,13623.3,20.0
2026-02-03 22:41:11.912,1581.05,30.68,406,4.397,9.16,0.00,203.0,91.0,0.0,89.93,56.65,9.16,26.3,518.9,0.436,966.1,22.0,3,1031.8,13631.8,20.0
2026-02-03 22:41:11.962,1582.05,30.92,410,4.325,9.01,0.00,201.4,90.9,0.0,89.91,56.66,9.01,26.3,510.5,0.429,965.9,22.0,3,1040.4,13640.4,20.0
2026-02-03 22:41:12.012,1583.05,31.14,413,4.255,8.87,0.00,199.8,90.9,0.0,89.90,56.66,8.87,26.3,502.3,0.422,965.8,22.0,3,1049.1,13649.1,20.0
2026-02-03 22:41:12.061,1584.05,31.36,415,4.188,8.73,0.00,198.3,90.8,0.0,89.89,56.67,8.73,26.3,494.4,0.416,965.6,22.0,3,1057.8,13657.8,20.0
2026-02-03 22:41:12.112,1585.05,31.57,418,4.123,8.59,0.00,196.7,90.7,0.0,89.88,56.67,8.59,26.4,486.8,0.409,965.5,22.0,3,1066.5,13666.5,20.0
2026-02-03 22:41:12.162,1586.05,31.77,421,4.061,8.46,0.00,195.2,90.7,0.0,89.87,56.68,8.46,26.4,479.5,0.403,965.4,22.0,3,1075.4,13675.4,20.0
2026-02-03 22:41:12.212,1587.05,31.96,423,3.943,8.21,0.00,191.0,90.5,0.0,89.86,56.69,8.21,26.4,465.7,0.391,965.2,22.0,3,1084.2,13684.2,20.0
2026-02-03 22:41:12.262,1588.05,32.15,426,3.887,8.10,0.00,189.5,90.5,0.0,89.85,56.69,8.10,26.4,459.1,0.386,965.1,22.0,3,1093.2,13693.2,20.0
2026-02-03 22:41:12.311,1589.05,32.32,428,3.778,7.87,0.00,185.5,90.4,0.0,89.84,56.70,7.87,26.4,446.3,0.375,965.0,22.0,3,1102.2,13702.2,20.0
2026-02-03 22:41:12.362,1590.05,32.49,430,3.728,7.77,0.00,184.2,90.3,0.0,89.83,56.70,7.77,26.4,440.4,0.370,964.9,22.0,3,1111.2,13711.2,20.0
2026-02-03 22:41:12.412,1591.05,32.64,432,3.626,7.56,0.00,180.2,90.2,0.0,89.82,56.71,7.56,26.4,428.5,0.360,964.7,22.0,3,1120.2,13720.2,20.0
2026-02-03 22:41:12.462,1592.05,32.79,434,3.582,7.46,0.00,179.0,90.2,0.0,89.81,56.71,7.46,26.4,423.3,0.355,964.6,22.0,3,1129.4,13729.4,20.0
2026-02-03 22:41:12.512,1593.05,32.93,436,3.487,7.26,0.00,175.2,90.1,0.0,89.80,56.72,7.26,26.4,412.1,0.346,964.5,22.0,3,1138.5,13738.5,20.0
2026-02-03 22:41:12.561,1594.05,33.06,438,3.448,7.18,0.00,174.1,90.0,0.0,89.79,56.73,7.18,26.4,407.5,0.342,964.4,22.0,3,1147.7,13747.7,20.0
2026-02-03 22:41:12.611,1595.05,33.19,440,3.359,7.00,0.00,170.4,89.9,0.0,89.78,56.73,7.00,26.4,397.0,0.333,964.3,22.0,3,1156.9,13756.9,20.0
2026-02-03 22:41:12.662,1596.05,33.31,441,3.325,6.93,0.00,169.4,89.9,0.0,89.77,56.73,6.93,26.4,393.0,0.330,964.2,22.0,3,1166.2,13766.2,20.0
2026-02-03 22:41:12.712,1597.05,33.42,443,3.291,6.86,0.00,168.4,89.9,0.0,89.76,56.74,6.86,26.4,389.1,0.327,964.1,22.0,3,1175.4,13775.4,20.0
2026-02-03 22:41:12.762,1598.05,33.53,444,3.209,6.69,0.00,164.9,89.8,0.0,89.75,56.74,6.69,26.4,379.4,0.318,964.0,22.0,3,1184.8,13784.8,20.0
2026-02-03 22:41:12.812,1599.05,33.64,446,3.180,6.63,0.00,164.0,89.7,0.0,89.74,56.75,6.63,26.4,375.9,0.315,963.9,22.0,3,1194.1,13794.1,20.0
2026-02-03 22:41:12.861,1600.05,33.74,447,3.152,6.57,0.00,163.1,89.7,0.0,89.73,56.75,6.57,26.4,372.6,0.313,963.8,22.0,3,1203.5,13803.5,20.0
2026-02-03 22:41:12.912,1601.05,33.83,448,3.076,6.41,0.00,159.8,89.6,0.0,89.73,56.75,6.41,26.4,363.7,0.305,963.7,22.0,3,1212.9,13812.9,20.0
2026-02-03 22:41:12.962,1602.05,33.92,449,3.051,6.36,0.00,159.0,89.6,0.0,89.72,56.75,6.36,26.4,360.8,0.303,963.6,22.0,3,1222.3,13822.3,20.0
2026-02-03 22:41:13.012,1603.05,34.00,450,3.027,6.31,0.00,158.2,89.6,0.0,89.71,56.76,6.31,26.4,357.9,0.300,963.5,22.0,3,1231.7,13831.7,20.0
2026-02-03 22:41:13.062,1604.05,34.08,452,2.956,6.16,0.00,155.0,89.5,0.0,89.70,56.76,6.16,26.4,349.6,0.293,963.4,22.0,3,1241.2,13841.2,20.0
2026-02-03 22:41:13.111,1605.05,34.16,453,2.936,6.12,0.00,154.3,89.5,0.0,89.69,56.76,6.12,26.4,347.2,0.291,963.3,22.0,3,1250.7,13850.7,20.0
2026-02-03 22:41:13.161,1606.05,34.23,454,2.916,6.07,0.00,153.6,89.5,0.0,89.68,56.76,6.07,26.4,344.8,0.289,963.2,22.0,3,1260.2,13860.2,20.0
2026-02-03 22:41:13.212,1607.05,34.19,453,1.869,3.89,0.00,98.8,89.4,0.0,89.68,56.87,3.89,26.4,221.4,0.185,963.1,22.0,3,1269.7,13869.7,20.0
2026-02-03 22:41:13.262,1608.05,33.96,450,0.000,0.00,0.00,0.0,84.4,0.0,89.68,57.07,0.00,26.4,0.0,0.000,963.1,22.0,3,1279.1,13879.1,20.0
2026-02-03 22:41:13.312,1609.05,33.73,447,0.000,0.00,0.00,0.0,84.4,0.0,89.68,57.07,0.00,26.4,0.0,0.000,963.1,22.0,3,1288.5,13888.5,20.0
2026-02-03 22:41:13.362,1610.05,33.49,444,0.000,0.00,0.00,0.0,84.4,0.0,89.68,57.07,0.00,26.4,0.0,0.000,963.1,22.0,3,1297.8,13897.8,20.0
2026-02-03 22:41:13.412,1611.05,33.26,441,0.000,0.00,0.00,0.0,84.4,0.0,89.68,57.07,0.00,26.4,0.0,0.000,963.1,22.0,3,1307.0,13907.0,20.0
2026-02-03 22:41:13.462,1612.05,33.03,438,0.000,0.00,0.00,0.0,84.4,0.0,89.68,57.07,0.00,26.4,0.0,0.000,963.1,22.0,3,1316.2,13916.2,20.0
2026-02-03 22:41:13.512,1613.05,32.80,434,0.000,0.00,0.00,0.0,84.4,0.0,89.68,57.07,0.00,26.4,0.0,0.000,963.1,22.0,3,1325.3,13925.3,20.0
2026-02-03 22:41:13.562,1614.05,32.57,431,0.000,0.00,0.00,0.0,84.4,0.0,89.68,57.07,0.00,26.4,0.0,0.000,963.1,22.0,3,1334.4,13934.4,20.0
2026-02-03 22:41:13.611,1615.05,32.34,428,0.000,0.00,0.00,0.0,84.4,0.0,89.68,57.07,0.00,26.4,0.0,0.000,963.1,22.0,3,1343.4,13943.4,20.0
2026-02-03 22:41:13.661,1616.05,32.11,425,0.000,0.00,0.00,0.0,84.4,0.0,89.68,57.07,0.00,26.4,0.0,0.000,963.1,22.0,3,1352.3,13952.3,20.0
2026-02-03 22:41:13.712,1617.05,31.88,422,0.000,0.00,0.00,0.0,84.4,0.0,89.68,57.07,0.00,26.4,0.0,0.000,963.1,22.0,3,1361.1,13961.1,20.0
2026-02-03 22:41:13.762,1618.05,31.65,419,0.000,0.00,0.00,0.0,84.4,0.0,89.68,57.07,0.00,26.4,0.0,0.000,963.1,22.0,3,1369.9,13969.9,20.0
2026-02-03 22:41:13.812,1619.05,31.42,416,0.000,0.00,0.00,0.0,84.4,0.0,89.68,57.07,0.00,26.4,0.0,0.000,963.1,22.0,3,1378.6,13978.6,20.0
2026-02-03 22:41:13.861,1620.05,31.20,413,0.000,0.00,0.00,0.0,84.4,0.0,89.68,57.07,0.00,26.4,0.0,0.000,963.1,22.0,3,1387.3,13987.3,20.0
2026-02-03 22:41:13.912,1621.05,30.97,410,0.000,0.00,0.00,0.0,84.4,0.0,89.68,57.07,0.00,26.4,0.0,0.000,963.1,22.0,3,1395.9,13995.9,20.0
2026-02-03 22:41:13.962,1622.05,30.75,407,0.000,0.00,0.00,0.0,84.4,0.0,89.68,57.07,0.00,26.4,0.0,0.000,963.1,22.0,3,1404.5,14004.5,20.0
2026-02-03 22:41:14.012,1623.05,30.52,404,0.000,0.00,0.00,0.0,84.4,0.0,89.68,57.07,0.00,26.4,0.0,0.000,963.1,22.0,3,1412.9,14012.9,20.0
2026-02-03 22:41:14.061,1624.05,30.30,401,0.000,0.00,0.00,0.0,84.4,0.0,89.68,57.07,0.00,26.4,0.0,0.000,963.1,22.0,3,1421.4,14021.4,20.0
2026-02-03 22:41:14.111,1625.05,30.08,398,0.000,0.00,0.00,0.0,84.4,0.0,89.68,57.07,0.00,26.4,0.0,0.000,963.1,22.0,3,1429.7,14029.7,20.0
2026-02-03 22:41:14.162,1626.05,29.86,395,0.000,0.00,0.00,0.0,84.4,0.0,89.68,57.07,0.00,26.3,0.0,0.000,963.1,22.0,3,1438.0,14038.0,20.0
2026-02-03 22:41:14.212,1627.05,29.64,393,0.000,0.00,0.00,0.0,84.4,0.0,89.68,57.07,0.00,26.3,0.0,0.000,963.1,22.0,3,1446.2,14046.2,20.0
2026-02-03 22:41:14.262,1628.05,29.42,390,0.000,0.00,0.00,0.0,84.4,0.0,89.68,57.07,0.00,26.3,0.0,0.000,963.1,22.0,3,1454.4,14054.4,20.0
2026-02-03 22:41:14.311,1629.05,29.20,387,0.000,0.00,0.00,0.0,84.4,0.0,89.68,57.07,0.00,26.3,0.0,0.000,963.1,22.0,3,1462.5,14062.5,20.0
2026-02-03 22:41:14.362,1630.05,28.98,384,0.000,0.00,0.00,0.0,84.4,0.0,89.68,57.07,0.00,26.3,0.0,0.000,963.1,22.0,3,1470.6,14070.6,20.0
2026-02-03 22:41:14.412,1631.05,28.76,381,0.000,0.00,0.00,0.0,84.4,0.0,89.68,57.07,0.00,26.3,0.0,0.000,963.1,22.0,3,1478.6,14078.6,20.0
2026-02-03 22:41:14.462,1632.05,28.54,378,0.000,0.00,0.00,0.0,84.4,0.0,89.68,57.07,0.00,26.3,0.0,0.000,963.1,22.0,3,1486.5,14086.5,20.0
2026-02-03 22:41:14.512,1633.05,28.32,375,0.000,0.00,0.00,0.0,84.4,0.0,89.68,57.07,0.00,26.3,0.0,0.000,963.1,22.0,3,1494.3,14094.3,20.0
2026-02-03 22:41:14.561,1634.05,28.11,372,0.000,0.00,0.00,0.0,84.4,0.0,89.68,57.07,0.00,26.3,0.0,0.000,963.1,22.0,3,1502.2,14102.2,20.0
2026-02-03 22:41:14.612,1635.05,27.89,369,0.000,0.00,0.00,0.0,84.4,0.0,89.68,57.07,0.00,26.3,0.0,0.000,963.1,22.0,3,1509.9,14109.9,20.0
2026-02-03 22:41:14.662,1636.05,27.67,367,0.000,0.00,0.00,0.0,84.4,0.0,89.68,57.07,0.00,26.3,0.0,0.000,963.1,22.0,3,1517.6,14117.6,20.0
2026-02-03 22:41:14.712,1637.05,27.46,364,0.000,0.00,0.00,0.0,84.4,0.0,89.68,57.07,0.00,26.3,0.0,0.000,963.1,22.0,3,1525.2,14125.2,20.0
2026-02-03 22:41:14.762,1638.05,27.25,361,0.000,0.00,0.00,0.0,84.4,0.0,89.68,57.07,0.00,26.3,0.0,0.000,963.1,22.0,3,1532.8,14132.8,20.0
2026-02-03 22:41:14.811,1639.05,27.03,358,0.000,0.00,0.00,0.0,84.4,0.0,89.68,57.07,0.00,26.3,0.0,0.000,963.1,22.0,3,1540.3,14140.3,20.0
2026-02-03 22:41:14.862,1640.05,26.82,355,0.000,0.00,0.00,0.0,84.4,0.0,89.68,57.07,0.00,26.3,0.0,0.000,963.1,22.0,3,1547.7,14147.7,20.0
2026-02-03 22:41:14.912,1641.05,26.61,352,0.000,0.00,0.00,0.0,84.4,0.0,89.68,57.07,0.00,26.3,0.0,0.000,963.1,22.0,3,1555.1,14155.1,20.0
2026-02-03 22:41:14.962,1642.05,26.98,357,5.536,11.53,0.00,220.5,92.2,0.0,89.66,56.49,11.53,26.3,651.5,0.549,962.9,22.0,3,1562.6,14162.6,20.0
2026-02-03 22:41:15.012,1643.05,27.33,362,5.347,11.14,0.00,216.4,92.0,0.0,89.65,56.50,11.14,26.3,629.4,0.530,962.8,22.0,3,1570.2,14170.2,20.0
2026-02-03 22:41:15.061,1644.05,27.67,366,5.168,10.77,0.00,212.4,91.8,0.0,89.64,56.52,10.77,26.3,608.5,0.513,962.6,22.0,3,1577.9,14177.9,20.0
2026-02-03 22:41:15.112,1645.05,27.98,371,4.997,10.41,0.00,208.2,91.6,0.0,89.62,56.54,10.41,26.3,588.6,0.496,962.4,22.0,3,1585.7,14185.7,20.0
2026-02-03 22:41:15.162,1646.05,28.28,375,4.834,10.07,0.00,204.1,91.5,0.0,89.61,56.55,10.07,26.4,569.6,0.480,962.3,22.0,3,1593.5,14193.5,20.0
2026-02-03 22:41:15.212,1647.05,28.56,378,4.679,9.75,0.00,200.0,91.3,0.0,89.60,56.56,9.75,26.4,551.4,0.464,962.1,22.0,3,1601.5,14201.5,20.0
2026-02-03 22:41:15.262,1648.05,28.82,382,4.532,9.44,0.00,196.0,91.2,0.0,89.58,56.58,9.44,26.4,534.2,0.450,962.0,22.0,3,1609.5,14209.5,20.0
2026-02-03 22:41:15.311,1649.05,29.06,385,4.391,9.15,0.00,191.9,91.0,0.0,89.57,56.59,9.15,26.4,517.6,0.436,961.8,22.0,3,1617.5,14217.5,20.0
2026-02-03 22:41:15.362,1650.05,29.30,388,4.256,8.87,0.00,187.9,90.9,0.0,89.56,56.60,8.87,26.4,501.9,0.422,961.7,22.0,3,1625.7,14225.7,20.0
2026-02-03 22:41:15.412,1651.05,29.52,391,4.195,8.74,0.00,186.8,90.8,0.0,89.55,56.61,8.74,26.4,494.7,0.416,961.5,22.0,3,1633.9,14233.9,20.0
2026-02-03 22:41:15.462,1652.05,29.73,394,4.069,8.48,0.00,182.9,90.7,0.0,89.54,56.62,8.48,26.4,480.0,0.404,961.4,22.0,3,1642.1,14242.1,20.0
2026-02-03 22:41:15.512,1653.05,29.93,396,3.949,8.23,0.00,179.0,90.6,0.0,89.53,56.63,8.23,26.4,465.9,0.392,961.3,22.0,3,1650.5,14250.5,20.0
2026-02-03 22:41:15.561,1654.05,30.12,399,3.899,8.12,0.00,178.0,90.5,0.0,89.51,56.63,8.12,26.4,460.0,0.387,961.2,22.0,3,1658.8,14258.8,20.0
2026-02-03 22:41:15.612,1655.05,30.30,401,3.786,7.89,0.00,174.1,90.4,0.0,89.50,56.64,7.89,26.4,446.7,0.376,961.0,22.0,3,1667.2,14267.2,20.0
2026-02-03 22:41:15.662,1656.05,30.35,402,2.536,5.28,0.00,117.7,90.1,0.0,89.50,56.77,5.28,26.4,300.0,0.252,960.9,22.0,3,1675.7,14275.7,20.0
2026-02-03 22:41:15.712,1657.05,30.39,403,2.528,5.27,0.00,117.6,90.1,0.0,89.49,56.77,5.27,26.4,299.0,0.251,960.9,22.0,3,1684.1,14284.1,20.0
2026-02-03 22:41:15.762,1658.05,30.43,403,2.521,5.25,0.00,117.4,90.0,0.0,89.48,56.77,5.25,26.4,298.1,0.250,960.8,22.0,3,1692.6,14292.6,20.0
2026-02-03 22:41:15.811,1659.05,30.48,404,2.513,5.24,0.00,117.2,90.0,0.0,89.48,56.77,5.24,26.4,297.3,0.249,960.7,22.0,3,1701.0,14301.0,20.0
2026-02-03 22:41:15.862,1660.05,30.25,401,0.000,0.00,0.00,0.0,84.4,0.0,89.48,57.03,0.00,26.4,0.0,0.000,960.7,22.0,3,1709.4,14309.4,20.0
2026-02-03 22:41:15.912,1661.05,30.03,398,0.000,0.00,0.00,0.0,84.4,0.0,89.48,57.03,0.00,26.4,0.0,0.000,960.7,22.0,3,1717.8,14317.8,20.0
2026-02-03 22:41:15.962,1662.05,29.81,395,0.000,0.00,0.00,0.0,84.4,0.0,89.48,57.03,0.00,26.4,0.0,0.000,960.7,22.0,3,1726.1,14326.1,20.0
2026-02-03 22:41:16.012,1663.05,29.59,392,0.000,0.00,0.00,0.0,84.4,0.0,89.48,57.03,0.00,26.4,0.0,0.000,960.7,22.0,3,1734.3,14334.3,20.0
2026-02-03 22:41:16.061,1664.05,29.37,389,0.000,0.00,0.00,0.0,84.4,0.0,89.48,57.03,0.00,26.4,0.0,0.000,960.7,22.0,3,1742.4,14342.4,20.0
2026-02-03 22:41:16.112,1665.05,29.15,386,0.000,0.00,0.00,0.0,84.4,0.0,89.48,57.03,0.00,26.4,0.0,0.000,960.7,22.0,3,1750.5,14350.5,20.0
2026-02-03 22:41:16.162,1666.05,28.93,383,0.000,0.00,0.00,0.0,84.4,0.0,89.48,57.03,0.00,26.4,0.0,0.000,960.7,22.0,3,1758.6,14358.6,20.0
2026-02-03 22:41:16.212,1667.05,28.71,380,0.000,0.00,0.00,0.0,84.4,0.0,89.48,57.03,0.00,26.4,0.0,0.000,960.7,22.0,3,1766.5,14366.5,20.0
2026-02-03 22:41:16.262,1668.05,28.49,377,0.000,0.00,0.00,0.0,84.4,0.0,89.48,57.03,0.00,26.4,0.0,0.000,960.7,22.0,3,1774.5,14374.5,20.0
2026-02-03 22:41:16.311,1669.05,28.28,375,0.000,0.00,0.00,0.0,84.4,0.0,89.48,57.03,0.00,26.4,0.0,0.000,960.7,22.0,3,1782.3,14382.3,20.0
2026-02-03 22:41:16.362,1670.05,28.06,372,0.000,0.00,0.00,0.0,84.4,0.0,89.48,57.03,0.00,26.4,0.0,0.000,960.7,22.0,3,1790.1,14390.1,20.0
2026-02-03 22:41:16.412,1671.05,27.84,369,0.000,0.00,0.00,0.0,84.4,0.0,89.48,57.03,0.00,26.4,0.0,0.000,960.7,22.0,3,1797.8,14397.8,20.0
2026-02-03 22:41:16.462,1672.05,27.63,366,0.000,0.00,0.00,0.0,84.4,0.0,89.48,57.03,0.00,26.4,0.0,0.000,960.7,22.0,3,1805.5,14405.5,20.0
2026-02-03 22:41:16.512,1673.05,27.41,363,0.000,0.00,0.00,0.0,84.4,0.0,89.48,57.03,0.00,26.4,0.0,0.000,960.7,22.0,3,1813.1,14413.1,20.0
2026-02-03 22:41:16.561,1674.05,27.20,360,0.000,0.00,0.00,0.0,84.4,0.0,89.48,57.03,0.00,26.4,0.0,0.000,960.7,22.0,3,1820.7,14420.7,20.0
2026-02-03 22:41:16.612,1675.05,26.99,357,0.000,0.00,0.00,0.0,84.4,0.0,89.48,57.03,0.00,26.4,0.0,0.000,960.7,22.0,3,1828.2,14428.2,20.0
2026-02-03 22:41:16.662,1676.05,27.08,359,2.944,6.13,0.00,122.5,89.5,0.0,89.47,56.72,6.13,26.4,347.9,0.292,960.6,22.0,3,1835.7,14435.7,20.0
2026-02-03 22:41:16.712,1677.05,26.87,356,0.000,0.00,0.00,0.0,84.4,0.0,89.47,57.03,0.00,26.4,0.0,0.000,960.6,22.0,3,1843.2,14443.2,20.0
2026-02-03 22:41:16.762,1678.05,26.97,357,2.962,6.17,0.00,122.7,89.5,0.0,89.46,56.72,6.17,26.4,350.0,0.294,960.5,22.0,3,1850.7,14450.7,20.0
2026-02-03 22:41:16.811,1679.05,27.07,359,2.946,6.14,0.00,122.5,89.5,0.0,89.45,56.72,6.14,26.4,348.1,0.292,960.4,22.0,3,1858.2,14458.2,20.0
2026-02-03 22:41:16.862,1680.05,26.86,356,0.000,0.00,0.00,0.0,84.4,0.0,89.45,57.03,0.00,26.4,0.0,0.000,960.4,22.0,3,1865.6,14465.6,20.0
2026-02-03 22:41:16.912,1681.05,26.96,357,2.964,6.18,0.00,122.7,89.5,0.0,89.44,56.72,6.18,26.4,350.3,0.294,960.3,22.0,3,1873.1,14473.1,20.0
2026-02-03 22:41:16.962,1682.05,27.06,358,2.948,6.14,0.00,122.6,89.5,0.0,89.44,56.72,6.14,26.4,348.4,0.292,960.2,22.0,3,1880.6,14480.6,20.0
2026-02-03 22:41:17.011,1683.05,26.85,356,0.000,0.00,0.00,0.0,84.4,0.0,89.44,57.03,0.00,26.4,0.0,0.000,960.2,22.0,3,1888.1,14488.1,20.0
2026-02-03 22:41:17.061,1684.05,26.95,357,2.966,6.18,0.00,122.8,89.5,0.0,89.43,56.71,6.18,26.4,350.5,0.294,960.1,22.0,3,1895.6,14495.6,20.0
2026-02-03 22:41:17.112,1685.05,27.05,358,2.950,6.15,0.00,122.6,89.5,0.0,89.42,56.72,6.15,26.4,348.6,0.293,960.0,22.0,3,1903.1,14503.1,20.0
2026-02-03 22:41:17.162,1686.05,27.27,361,4.092,8.53,0.00,168.4,90.7,0.0,89.41,56.59,8.53,26.4,482.5,0.406,959.9,22.0,3,1910.7,14510.7,20.0
2026-02-03 22:41:17.212,1687.05,27.48,364,4.043,8.42,0.00,167.9,90.7,0.0,89.40,56.60,8.42,26.4,476.7,0.401,959.7,22.0,3,1918.3,14518.3,20.0
2026-02-03 22:41:17.261,1688.05,27.68,367,3.919,8.16,0.00,164.2,90.5,0.0,89.39,56.61,8.16,26.4,462.2,0.389,959.6,22.0,3,1926.0,14526.0,20.0
2026-02-03 22:41:17.311,1689.05,27.87,369,3.800,7.92,0.00,160.6,90.4,0.0,89.38,56.62,7.92,26.4,448.3,0.377,959.5,22.0,3,1933.7,14533.7,20.0
2026-02-03 22:41:17.362,1690.05,28.05,372,3.760,7.83,0.00,160.1,90.4,0.0,89.37,56.62,7.83,26.4,443.5,0.373,959.4,22.0,3,1941.5,14541.5,20.0
2026-02-03 22:41:17.412,1691.05,28.14,373,2.845,5.93,0.00,121.8,90.4,0.0,89.36,56.72,5.93,26.4,336.1,0.282,959.3,22.0,3,1949.3,14549.3,20.0
2026-02-03 22:41:17.462,1692.05,28.22,374,2.831,5.90,0.00,121.6,90.4,0.0,89.35,56.72,5.90,26.4,334.5,0.281,959.2,22.0,3,1957.2,14557.2,20.0
2026-02-03 22:41:17.512,1693.05,28.30,375,2.817,5.87,0.00,121.4,90.4,0.0,89.34,56.72,5.87,26.4,332.8,0.279,959.1,22.0,3,1965.0,14565.0,20.0
2026-02-03 22:41:17.561,1694.05,28.38,376,2.803,5.84,0.00,121.2,90.3,0.0,89.33,56.72,5.84,26.4,331.2,0.278,959.0,22.0,3,1972.9,14572.9,20.0
2026-02-03 22:41:17.612,1695.05,28.46,377,2.790,5.81,0.00,121.0,90.3,0.0,89.33,56.72,5.81,26.4,329.7,0.277,958.9,22.0,3,1980.8,14580.8,20.0
2026-02-03 22:41:17.662,1696.05,28.54,378,2.777,5.79,0.00,120.8,90.3,0.0,89.32,56.72,5.79,26.4,328.1,0.276,958.8,22.0,3,1988.8,14588.8,20.0
2026-02-03 22:41:17.712,1697.05,28.61,379,2.764,5.76,0.00,120.6,90.3,0.0,89.31,56.72,5.76,26.4,326.6,0.274,958.7,22.0,3,1996.7,14596.7,20.0
2026-02-03 22:41:17.762,1698.05,28.69,380,2.752,5.73,0.00,120.4,90.3,0.0,89.30,56.72,5.73,26.4,325.2,0.273,958.6,22.0,3,2004.7,14604.7,20.0
2026-02-03 22:41:17.812,1699.05,28.76,381,2.740,5.71,0.00,120.1,90.3,0.0,89.30,56.72,5.71,26.4,323.7,0.272,958.5,22.0,3,2012.7,14612.7,20.0
2026-02-03 22:41:17.862,1700.05,28.83,382,2.728,5.68,0.00,119.9,90.3,0.0,89.29,56.72,5.68,26.4,322.3,0.271,958.5,22.0,3,2020.7,14620.7,20.0
2026-02-03 22:41:17.912,1701.05,28.90,383,2.716,5.66,0.00,119.7,90.3,0.0,89.28,56.72,5.66,26.4,320.9,0.269,958.4,22.0,3,2028.7,14628.7,20.0
2026-02-03 22:41:17.962,1702.05,28.97,384,2.705,5.63,0.00,119.5,90.2,0.0,89.27,56.72,5.63,26.4,319.6,0.268,958.3,22.0,3,2036.8,14636.8,20.0
2026-02-03 22:41:18.011,1703.05,29.03,385,2.693,5.61,0.00,119.3,90.2,0.0,89.27,56.72,5.61,26.4,318.2,0.267,958.2,22.0,3,2044.8,14644.8,20.0
2026-02-03 22:41:18.062,1704.05,29.10,385,2.682,5.59,0.00,119.1,90.2,0.0,89.26,56.72,5.59,26.4,316.9,0.266,958.1,22.0,3,2052.9,14652.9,20.0
2026-02-03 22:41:18.112,1705.05,29.16,386,2.671,5.57,0.00,118.9,90.2,0.0,89.25,56.72,5.57,26.4,315.7,0.265,958.0,22.0,3,2061.0,14661.0,20.0
2026-02-03 22:41:18.162,1706.05,29.23,387,2.661,5.54,0.00,118.7,90.2,0.0,89.24,56.72,5.54,26.4,314.4,0.264,957.9,22.0,3,2069.1,14669.1,20.0
2026-02-03 22:41:18.212,1707.05,29.29,388,2.651,5.52,0.00,118.5,90.2,0.0,89.24,56.72,5.52,26.4,313.2,0.263,957.8,22.0,3,2077.3,14677.3,20.0
2026-02-03 22:41:18.261,1708.05,29.35,389,2.640,5.50,0.00,118.3,90.2,0.0,89.23,56.72,5.50,26.4,312.0,0.262,957.8,22.0,3,2085.4,14685.4,20.0
2026-02-03 22:41:18.312,1709.05,29.41,390,2.630,5.48,0.00,118.2,90.2,0.0,89.22,56.72,5.48,26.4,310.8,0.261,957.7,22.0,3,2093.6,14693.6,20.0
2026-02-03 22:41:18.362,1710.05,29.46,390,2.621,5.46,0.00,118.0,90.2,0.0,89.21,56.72,5.46,26.4,309.7,0.260,957.6,22.0,3,2101.8,14701.8,20.0
2026-02-03 22:41:18.412,1711.05,29.52,391,2.611,5.44,0.00,117.8,90.1,0.0,89.21,56.71,5.44,26.4,308.5,0.259,957.5,22.0,3,2110.0,14710.0,20.0
2026-02-03 22:41:18.462,1712.05,29.58,392,2.602,5.42,0.00,117.6,90.1,0.0,89.20,56.71,5.42,26.4,307.4,0.258,957.4,22.0,3,2118.2,14718.2,20.0
2026-02-03 22:41:18.511,1713.05,29.63,392,2.593,5.40,0.00,117.4,90.1,0.0,89.19,56.71,5.40,26.4,306.3,0.257,957.3,22.0,3,2126.4,14726.4,20.0
2026-02-03 22:41:18.562,1714.05,29.68,393,2.584,5.38,0.00,117.2,90.1,0.0,89.19,56.71,5.38,26.4,305.3,0.256,957.2,22.0,3,2134.7,14734.7,20.0
2026-02-03 22:41:18.612,1715.05,29.73,394,2.575,5.36,0.00,117.1,90.1,0.0,89.18,56.71,5.36,26.4,304.2,0.255,957.2,22.0,3,2142.9,14742.9,20.0
2026-02-03 22:41:18.662,1716.05,29.79,395,2.566,5.35,0.00,116.9,90.1,0.0,89.17,56.71,5.35,26.4,303.2,0.255,957.1,22.0,3,2151.2,14751.2,20.0
2026-02-03 22:41:18.711,1717.05,29.84,395,2.558,5.33,0.00,116.7,90.1,0.0,89.17,56.71,5.33,26.4,302.2,0.254,957.0,22.0,3,2159.5,14759.5,20.0
2026-02-03 22:41:18.762,1718.05,29.88,396,2.550,5.31,0.00,116.5,90.1,0.0,89.16,56.71,5.31,26.4,301.2,0.253,956.9,22.0,3,2167.8,14767.8,20.0
2026-02-03 22:41:18.812,1719.05,29.93,396,2.542,5.29,0.00,116.4,90.1,0.0,89.15,56.71,5.29,26.4,300.3,0.252,956.8,22.0,3,2176.1,14776.1,20.0
2026-02-03 22:41:18.862,1720.05,29.98,397,2.534,5.28,0.00,116.2,90.1,0.0,89.14,56.71,5.28,26.4,299.3,0.251,956.7,22.0,3,2184.4,14784.4,20.0
2026-02-03 22:41:18.912,1721.05,30.02,398,2.526,5.26,0.00,116.0,90.0,0.0,89.14,56.71,5.26,26.4,298.4,0.251,956.7,22.0,3,2192.8,14792.8,20.0
2026-02-03 22:41:18.961,1722.05,30.08,398,2.583,5.38,0.00,118.8,90.1,0.0,89.13,56.70,5.38,26.4,305.1,0.256,956.6,22.0,3,2201.1,14801.1,20.0
2026-02-03 22:41:19.012,1723.05,30.33,402,4.505,9.38,0.00,205.2,91.1,0.0,89.12,56.50,9.38,26.4,530.3,0.447,956.4,22.0,3,2209.5,14809.5,20.0
2026-02-03 22:41:19.062,1724.05,30.58,405,4.429,9.23,0.00,203.7,91.1,0.0,89.11,56.51,9.23,26.4,521.4,0.439,956.3,22.0,3,2218.0,14818.0,20.0
2026-02-03 22:41:19.112,1725.05,30.82,408,4.356,9.07,0.00,202.1,91.0,0.0,89.09,56.51,9.07,26.4,512.8,0.432,956.1,22.0,3,2226.6,14826.6,20.0
2026-02-03 22:41:19.161,1726.05,31.05,411,4.285,8.93,0.00,200.5,90.9,0.0,89.08,56.52,8.93,26.4,504.5,0.425,956.0,22.0,3,2235.2,14835.2,20.0
2026-02-03 22:41:19.212,1727.05,31.27,414,4.217,8.78,0.00,198.9,90.8,0.0,89.07,56.52,8.78,26.4,496.6,0.418,955.9,22.0,3,2243.9,14843.9,20.0
2026-02-03 22:41:19.262,1728.05,31.48,417,4.151,8.65,0.00,197.4,90.8,0.0,89.06,56.53,8.65,26.4,488.9,0.412,955.7,22.0,3,2252.6,14852.6,20.0
2026-02-03 22:41:19.312,1729.05,31.69,420,4.087,8.52,0.00,195.8,90.7,0.0,89.05,56.53,8.52,26.4,481.4,0.405,955.6,22.0,3,2261.4,14861.4,20.0
2026-02-03 22:41:19.361,1730.05,31.88,422,3.968,8.27,0.00,191.6,90.6,0.0,89.04,56.54,8.27,26.4,467.5,0.394,955.5,22.0,3,2270.3,14870.3,20.0
2026-02-03 22:41:19.412,1731.05,32.07,425,3.912,8.15,0.00,190.2,90.5,0.0,89.03,56.55,8.15,26.4,460.8,0.388,955.3,22.0,3,2279.2,14879.2,20.0
2026-02-03 22:41:19.462,1732.05,32.24,427,3.801,7.92,0.00,186.1,90.4,0.0,89.02,56.56,7.92,26.4,447.9,0.377,955.2,22.0,3,2288.2,14888.2,20.0
2026-02-03 22:41:19.512,1733.05,32.41,429,3.751,7.81,0.00,184.8,90.3,0.0,89.00,56.56,7.81,26.4,442.0,0.372,955.1,22.0,3,2297.2,14897.2,20.0
2026-02-03 22:41:19.561,1734.05,32.57,431,3.648,7.60,0.00,180.8,90.2,0.0,88.99,56.57,7.60,26.4,429.9,0.362,955.0,22.0,3,2306.2,14906.2,20.0
2026-02-03 22:41:19.611,1735.05,32.72,433,3.603,7.51,0.00,179.6,90.2,0.0,88.98,56.57,7.51,26.4,424.7,0.357,954.8,22.0,3,2315.3,14915.3,20.0
2026-02-03 22:41:19.662,1736.05,32.86,435,3.507,7.31,0.00,175.8,90.1,0.0,88.98,56.58,7.31,26.4,413.4,0.348,954.7,22.0,3,2324.4,14924.4,20.0
2026-02-03 22:41:19.712,1737.05,33.00,437,3.467,7.22,0.00,174.6,90.0,0.0,88.97,56.59,7.22,26.4,408.7,0.344,954.6,22.0,3,2333.6,14933.6,20.0
2026-02-03 22:41:19.762,1738.05,33.13,439,3.429,7.14,0.00,173.5,90.0,0.0,88.96,56.59,7.14,26.4,404.2,0.340,954.5,22.0,3,2342.8,14942.8,20.0
2026-02-03 22:41:19.811,1739.05,33.25,441,3.341,6.96,0.00,169.9,89.9,0.0,88.95,56.60,6.96,26.4,393.9,0.331,954.4,22.0,3,2352.0,14952.0,20.0
2026-02-03 22:41:19.862,1740.05,33.37,442,3.307,6.89,0.00,168.9,89.9,0.0,88.94,56.60,6.89,26.4,389.9,0.328,954.3,22.0,3,2361.3,14961.3,20.0
2026-02-03 22:41:19.912,1741.05,33.48,444,3.224,6.72,0.00,165.4,89.8,0.0,88.93,56.60,6.72,26.4,380.2,0.320,954.2,22.0,3,2370.6,14970.6,20.0
2026-02-03 22:41:19.962,1742.05,33.58,445,3.194,6.65,0.00,164.4,89.8,0.0,88.92,56.61,6.65,26.4,376.7,0.317,954.1,22.0,3,2379.9,14979.9,20.0
2026-02-03 22:41:20.012,1743.05,33.69,446,3.166,6.60,0.00,163.5,89.7,0.0,88.91,56.61,6.60,26.4,373.3,0.314,954.0,22.0,3,2389.3,14989.3,20.0
2026-02-03 22:41:20.061,1744.05,33.78,448,3.089,6.44,0.00,160.2,89.6,0.0,88.90,56.61,6.44,26.4,364.3,0.306,953.9,22.0,3,2398.7,14998.7,20.0
2026-02-03 22:41:20.112,1745.05,33.87,449,3.064,6.38,0.00,159.4,89.6,0.0,88.89,56.62,6.38,26.4,361.4,0.304,953.8,22.0,3,2408.1,15008.1,20.0
2026-02-03 22:41:20.162,1746.05,33.96,450,3.040,6.33,0.00,158.6,89.6,0.0,88.89,56.62,6.33,26.4,358.5,0.302,953.7,22.0,3,2417.5,15017.5,20.0
2026-02-03 22:41:20.212,1747.05,34.04,451,3.016,6.28,0.00,157.8,89.6,0.0,88.88,56.62,6.28,26.4,355.8,0.299,953.6,22.0,3,2427.0,15027.0,20.0
2026-02-03 22:41:20.262,1748.05,34.12,452,2.946,6.14,0.00,154.6,89.5,0.0,88.87,56.62,6.14,26.4,347.5,0.292,953.5,22.0,3,2436.5,15036.5,20.0
2026-02-03 22:41:20.312,1749.05,34.20,453,2.925,6.09,0.00,154.0,89.5,0.0,88.86,56.62,6.09,26.4,345.1,0.290,953.4,22.0,3,2446.0,15046.0,20.0
2026-02-03 22:41:20.362,1750.05,34.27,454,2.906,6.05,0.00,153.3,89.5,0.0,88.85,56.62,6.05,26.4,342.8,0.288,953.3,22.0,3,2455.5,15055.5,20.0
2026-02-03 22:41:20.412,1751.05,34.34,455,2.887,6.01,0.00,152.6,89.4,0.0,88.85,56.63,6.01,26.4,340.5,0.286,953.2,22.0,3,2465.0,15065.0,20.0
2026-02-03 22:41:20.462,1752.05,34.40,456,2.822,5.88,0.00,148.0,90.4,0.0,88.84,56.63,5.88,26.4,332.9,0.280,953.1,22.0,3,2474.6,15074.6,20.0
2026-02-03 22:41:20.511,1753.05,34.46,457,2.806,5.84,0.00,147.4,90.3,0.0,88.83,56.63,5.84,26.4,331.0,0.278,953.0,22.0,3,2484.1,15084.1,20.0
2026-02-03 22:41:20.562,1754.05,34.52,457,2.790,5.81,0.00,146.9,90.3,0.0,88.82,56.63,5.81,26.4,329.1,0.277,952.9,22.0,3,2493.7,15093.7,20.0
2026-02-03 22:41:20.612,1755.05,34.58,458,2.774,5.78,0.00,146.4,90.3,0.0,88.81,56.63,5.78,26.4,327.3,0.275,952.8,22.0,3,2503.3,15103.3,20.0
2026-02-03 22:41:20.662,1756.05,34.64,459,2.759,5.75,0.00,145.8,90.3,0.0,88.81,56.63,5.75,26.4,325.6,0.274,952.7,22.0,3,2513.0,15113.0,20.0
2026-02-03 22:41:20.712,1757.05,34.69,460,2.745,5.72,0.00,145.3,90.3,0.0,88.80,56.63,5.72,26.4,323.9,0.272,952.6,22.0,3,2522.6,15122.6,20.0
2026-02-03 22:41:20.761,1758.05,34.74,460,2.686,5.60,0.00,142.5,90.2,0.0,88.79,56.64,5.60,26.4,317.0,0.266,952.6,22.0,3,2532.2,15132.2,20.0
2026-02-03 22:41:20.812,1759.05,34.78,461,2.674,5.57,0.00,142.1,90.2,0.0,88.78,56.64,5.57,26.4,315.5,0.265,952.5,22.0,3,2541.9,15141.9,20.0
2026-02-03 22:41:20.862,1760.05,34.83,461,2.662,5.55,0.00,141.7,90.2,0.0,88.78,56.64,5.55,26.4,314.1,0.264,952.4,22.0,3,2551.6,15151.6,20.0
2026-02-03 22:41:20.912,1761.05,34.87,462,2.651,5.52,0.00,141.3,90.2,0.0,88.77,56.64,5.52,26.4,312.8,0.263,952.3,22.0,3,2561.3,15161.3,20.0
2026-02-03 22:41:20.962,1762.05,34.91,463,2.640,5.50,0.00,140.9,90.2,0.0,88.76,56.64,5.50,26.4,311.5,0.262,952.2,22.0,3,2571.0,15171.0,20.0
2026-02-03 22:41:21.012,1763.05,34.96,463,2.629,5.48,0.00,140.5,90.2,0.0,88.76,56.64,5.48,26.4,310.2,0.261,952.1,22.0,3,2580.7,15180.7,20.0
2026-02-03 22:41:21.062,1764.05,34.99,464,2.619,5.46,0.00,140.1,90.1,0.0,88.75,56.64,5.46,26.4,309.0,0.260,952.0,22.0,3,2590.4,15190.4,20.0
2026-02-03 22:41:21.112,1765.05,35.03,464,2.609,5.43,0.00,139.8,90.1,0.0,88.74,56.64,5.43,26.4,307.8,0.259,952.0,22.0,3,2600.1,15200.1,20.0
2026-02-03 22:41:21.162,1766.05,35.07,465,2.556,5.32,0.00,137.2,90.1,0.0,88.73,56.64,5.32,26.4,301.6,0.254,951.9,22.0,3,2609.9,15209.9,20.0
2026-02-03 22:41:21.211,1767.05,35.10,465,2.547,5.31,0.00,136.9,90.1,0.0,88.73,56.64,5.31,26.4,300.6,0.253,951.8,22.0,3,2619.6,15219.6,20.0
2026-02-03 22:41:21.262,1768.05,35.13,465,2.540,5.29,0.00,136.6,90.1,0.0,88.72,56.64,5.29,26.4,299.7,0.252,951.7,22.0,3,2629.4,15229.4,20.0
2026-02-03 22:41:21.312,1769.05,35.16,466,2.532,5.27,0.00,136.3,90.1,0.0,88.71,56.64,5.27,26.4,298.8,0.251,951.6,22.0,3,2639.1,15239.1,20.0
2026-02-03 22:41:21.362,1770.05,35.19,466,2.524,5.26,0.00,136.0,90.0,0.0,88.71,56.64,5.26,26.4,297.9,0.250,951.5,22.0,3,2648.9,15248.9,20.0
2026-02-03 22:41:21.411,1771.05,35.21,467,2.517,5.24,0.00,135.7,90.0,0.0,88.70,56.64,5.24,26.4,297.0,0.250,951.5,22.0,3,2658.7,15258.7,20.0
2026-02-03 22:41:21.462,1772.05,35.24,467,2.510,5.23,0.00,135.5,90.0,0.0,88.69,56.64,5.23,26.4,296.2,0.249,951.4,22.0,3,2668.5,15268.5,20.0
2026-02-03 22:41:21.512,1773.05,35.27,467,2.503,5.22,0.00,135.2,90.0,0.0,88.69,56.64,5.22,26.4,295.4,0.248,951.3,22.0,3,2678.3,15278.3,20.0
2026-02-03 22:41:21.562,1774.05,35.29,468,2.497,5.20,0.00,135.0,90.0,0.0,88.68,56.64,5.20,26.4,294.6,0.248,951.2,22.0,3,2688.1,15288.1,20.0
2026-02-03 22:41:21.611,1775.05,35.32,468,2.490,5.19,0.00,134.7,90.0,0.0,88.67,56.64,5.19,26.4,293.9,0.247,951.1,22.0,3,2697.9,15297.9,20.0
2026-02-03 22:41:21.662,1776.05,35.34,468,2.484,5.18,0.00,134.5,90.0,0.0,88.66,56.64,5.18,26.4,293.1,0.246,951.0,22.0,3,2707.7,15307.7,20.0
2026-02-03 22:41:21.712,1777.05,35.36,468,2.436,5.08,0.00,132.1,90.0,0.0,88.66,56.64,5.08,26.4,287.5,0.242,951.0,22.0,3,2717.5,15317.5,20.0
2026-02-03 22:41:21.762,1778.05,35.30,468,1.677,3.49,0.00,91.8,89.2,0.0,88.65,56.72,3.49,26.4,198.2,0.166,950.9,22.0,3,2727.3,15327.3,20.0
2026-02-03 22:41:21.812,1779.05,35.24,467,1.687,3.52,0.00,92.2,89.2,0.0,88.65,56.72,3.52,26.4,199.4,0.167,950.9,22.0,3,2737.1,15337.1,20.0
2026-02-03 22:41:21.861,1780.05,35.18,466,1.698,3.54,0.00,92.6,89.2,0.0,88.64,56.72,3.54,26.4,200.6,0.168,950.8,22.0,3,2746.9,15346.9,20.0
2026-02-03 22:41:21.912,1781.05,35.12,465,1.708,3.56,0.00,92.9,89.2,0.0,88.64,56.71,3.56,26.4,201.8,0.169,950.7,22.0,3,2756.7,15356.7,20.0
2026-02-03 22:41:21.962,1782.05,35.07,465,1.717,3.58,0.00,93.3,89.2,0.0,88.63,56.71,3.58,26.4,202.9,0.170,950.7,22.0,3,2766.4,15366.4,20.0
2026-02-03 22:41:22.012,1783.05,35.01,464,1.727,3.60,0.00,93.7,89.2,0.0,88.63,56.71,3.60,26.4,204.0,0.171,950.6,22.0,3,2776.1,15376.1,20.0
2026-02-03 22:41:22.062,1784.05,34.96,463,1.736,3.62,0.00,94.0,89.2,0.0,88.63,56.71,3.62,26.4,205.1,0.172,950.6,22.0,3,2785.8,15385.8,20.0
2026-02-03 22:41:22.111,1785.05,34.90,462,1.746,3.64,0.00,94.4,89.2,0.0,88.62,56.71,3.64,26.4,206.2,0.173,950.5,22.0,3,2795.5,15395.5,20.0
2026-02-03 22:41:22.162,1786.05,34.85,462,1.755,3.66,0.00,94.7,89.2,0.0,88.62,56.70,3.66,26.4,207.3,0.174,950.5,22.0,3,2805.2,15405.2,20.0
2026-02-03 22:41:22.212,1787.05,34.80,461,1.763,3.67,0.00,95.0,89.2,0.0,88.61,56.70,3.67,26.4,208.3,0.175,950.4,22.0,3,2814.9,15414.9,20.0
2026-02-03 22:41:22.262,1788.05,34.75,460,1.772,3.69,0.00,95.3,89.3,0.0,88.61,56.70,3.69,26.4,209.3,0.176,950.3,22.0,3,2824.5,15424.5,20.0
2026-02-03 22:41:22.312,1789.05,34.70,460,1.780,3.71,0.00,95.6,89.3,0.0,88.60,56.70,3.71,26.4,210.3,0.177,950.3,22.0,3,2834.2,15434.2,20.0
2026-02-03 22:41:22.361,1790.05,34.66,459,1.789,3.73,0.00,95.9,89.3,0.0,88.60,56.70,3.73,26.4,211.3,0.177,950.2,22.0,3,2843.8,15443.8,20.0
2026-02-03 22:41:22.411,1791.05,34.61,459,1.797,3.74,0.00,96.2,89.3,0.0,88.59,56.70,3.74,26.4,212.2,0.178,950.2,22.0,3,2853.4,15453.4,20.0
2026-02-03 22:41:22.462,1792.05,34.56,458,1.805,3.76,0.00,96.5,89.3,0.0,88.59,56.69,3.76,26.4,213.1,0.179,950.1,22.0,3,2863.0,15463.0,20.0
2026-02-03 22:41:22.512,1793.05,34.52,457,1.812,3.78,0.00,96.8,89.3,0.0,88.58,56.69,3.78,26.4,214.0,0.180,950.0,22.0,3,2872.6,15472.6,20.0
2026-02-03 22:41:22.562,1794.05,34.48,457,1.820,3.79,0.00,97.1,89.3,0.0,88.58,56.69,3.79,26.4,214.9,0.181,950.0,22.0,3,2882.2,15482.2,20.0
2026-02-03 22:41:22.612,1795.05,34.43,456,1.827,3.81,0.00,97.3,89.3,0.0,88.57,56.69,3.81,26.4,215.8,0.181,949.9,22.0,3,2891.7,15491.7,20.0
2026-02-03 22:41:22.662,1796.05,34.39,456,1.834,3.82,0.00,97.6,89.3,0.0,88.57,56.69,3.82,26.4,216.6,0.182,949.9,22.0,3,2901.3,15501.3,20.0
2026-02-03 22:41:22.712,1797.05,34.35,455,1.841,3.84,0.00,97.8,89.3,0.0,88.56,56.69,3.84,26.4,217.5,0.183,949.8,22.0,3,2910.8,15510.8,20.0
2026-02-03 22:41:22.762,1798.05,34.31,455,1.848,3.85,0.00,98.1,89.3,0.0,88.56,56.68,3.85,26.4,218.3,0.183,949.7,22.0,3,2920.4,15520.4,20.0
2026-02-03 22:41:22.812,1799.05,34.27,454,1.855,3.86,0.00,98.3,89.3,0.0,88.55,56.68,3.86,26.4,219.1,0.184,949.7,22.0,3,2929.9,15529.9,20.0
2026-02-03 22:41:22.861,1800.05,34.23,454,1.862,3.88,0.00,98.5,89.3,0.0,88.55,56.68,3.88,26.4,219.9,0.185,949.6,22.0,3,2939.4,15539.4,20.0
2026-02-03 22:41:22.911,1801.05,34.20,453,1.868,3.89,0.00,98.8,89.4,0.0,88.54,56.68,3.89,26.4,220.6,0.185,949.6,22.0,3,2948.9,15548.9,20.0
2026-02-03 22:41:22.962,1802.05,34.16,453,1.875,3.91,0.00,99.0,89.4,0.0,88.54,56.68,3.91,26.4,221.4,0.186,949.5,22.0,3,2958.4,15558.4,20.0
2026-02-03 22:41:23.012,1803.05,34.12,452,1.881,3.92,0.00,99.2,89.4,0.0,88.53,56.68,3.92,26.4,222.1,0.187,949.4,22.0,3,2967.9,15567.9,20.0
2026-02-03 22:41:23.062,1804.05,34.09,452,1.887,3.93,0.00,99.4,89.4,0.0,88.52,56.68,3.93,26.4,222.8,0.187,949.4,22.0,3,2977.3,15577.3,20.0
2026-02-03 22:41:23.112,1805.05,34.05,451,1.893,3.94,0.00,99.6,89.4,0.0,88.52,56.67,3.94,26.4,223.5,0.188,949.3,22.0,3,2986.8,15586.8,20.0
2026-02-03 22:41:23.161,1806.05,34.02,451,1.899,3.96,0.00,99.8,89.4,0.0,88.51,56.67,3.96,26.4,224.2,0.188,949.3,22.0,3,2996.2,15596.2,20.0
2026-02-03 22:41:23.212,1807.05,33.99,450,1.904,3.97,0.00,100.0,89.4,0.0,88.51,56.67,3.97,26.4,224.8,0.189,949.2,22.0,3,3005.7,15605.7,20.0
2026-02-03 22:41:23.262,1808.05,34.04,451,2.722,5.67,0.00,141.4,90.3,0.0,88.50,56.58,5.67,26.4,320.9,0.270,949.1,22.0,3,3015.1,15615.1,20.0
2026-02-03 22:41:23.312,1809.05,34.09,452,2.661,5.54,0.00,138.6,90.2,0.0,88.49,56.59,5.54,26.4,313.7,0.264,949.0,22.0,3,3024.6,15624.6,20.0
2026-02-03 22:41:23.362,1810.05,34.13,452,2.650,5.52,0.00,138.2,90.2,0.0,88.49,56.59,5.52,26.4,312.4,0.263,948.9,22.0,3,3034.1,15634.1,20.0
2026-02-03 22:41:23.411,1811.05,34.18,453,2.639,5.50,0.00,137.9,90.2,0.0,88.48,56.59,5.50,26.4,311.1,0.262,948.8,22.0,3,3043.6,15643.6,20.0
2026-02-03 22:41:23.461,1812.05,34.22,453,2.629,5.48,0.00,137.5,90.2,0.0,88.47,56.59,5.48,26.4,309.9,0.261,948.8,22.0,3,3053.1,15653.1,20.0
2026-02-03 22:41:23.512,1813.05,34.26,454,2.618,5.45,0.00,137.2,90.1,0.0,88.47,56.59,5.45,26.4,308.7,0.260,948.7,22.0,3,3062.6,15662.6,20.0
2026-02-03 22:41:23.562,1814.05,34.31,454,2.608,5.43,0.00,136.8,90.1,0.0,88.46,56.59,5.43,26.4,307.5,0.259,948.6,22.0,3,3072.1,15672.1,20.0
2026-02-03 22:41:23.612,1815.05,34.35,455,2.599,5.41,0.00,136.5,90.1,0.0,88.45,56.59,5.41,26.4,306.4,0.258,948.5,22.0,3,3081.7,15681.7,20.0
2026-02-03 22:41:23.661,1816.05,34.38,455,2.543,5.30,0.00,133.8,90.1,0.0,88.44,56.59,5.30,26.4,299.8,0.252,948.4,22.0,3,3091.2,15691.2,20.0
2026-02-03 22:41:23.712,1817.05,34.41,456,2.535,5.28,0.00,133.5,90.1,0.0,88.44,56.59,5.28,26.4,298.9,0.251,948.3,22.0,3,3100.8,15700.8,20.0
2026-02-03 22:41:23.762,1818.05,34.44,456,2.527,5.27,0.00,133.3,90.1,0.0,88.43,56.59,5.27,26.4,298.0,0.251,948.2,22.0,3,3110.4,15710.4,20.0
2026-02-03 22:41:23.812,1819.05,34.47,457,2.520,5.25,0.00,133.0,90.0,0.0,88.42,56.59,5.25,26.4,297.1,0.250,948.2,22.0,3,3119.9,15719.9,20.0
2026-02-03 22:41:23.862,1820.05,34.50,457,2.513,5.23,0.00,132.8,90.0,0.0,88.42,56.59,5.23,26.4,296.3,0.249,948.1,22.0,3,3129.5,15729.5,20.0
2026-02-03 22:41:23.912,1821.05,34.53,458,2.506,5.22,0.00,132.5,90.0,0.0,88.41,56.59,5.22,26.4,295.4,0.249,948.0,22.0,3,3139.1,15739.1,20.0
2026-02-03 22:41:23.962,1822.05,34.56,458,2.499,5.21,0.00,132.3,90.0,0.0,88.40,56.59,5.21,26.4,294.6,0.248,947.9,22.0,3,3148.7,15748.7,20.0
2026-02-03 22:41:24.012,1823.05,34.59,458,2.492,5.19,0.00,132.1,90.0,0.0,88.40,56.59,5.19,26.4,293.8,0.247,947.8,22.0,3,3158.3,15758.3,20.0
2026-02-03 22:41:24.062,1824.05,34.62,459,2.486,5.18,0.00,131.8,90.0,0.0,88.39,56.59,5.18,26.4,293.1,0.247,947.8,22.0,3,3167.9,15767.9,20.0
2026-02-03 22:41:24.112,1825.05,34.64,459,2.480,5.17,0.00,131.6,90.0,0.0,88.38,56.59,5.17,26.4,292.3,0.246,947.7,22.0,3,3177.6,15777.6,20.0
2026-02-03 22:41:24.161,1826.05,34.67,459,2.474,5.15,0.00,131.4,90.0,0.0,88.38,56.59,5.15,26.4,291.6,0.245,947.6,22.0,3,3187.2,15787.2,20.0
2026-02-03 22:41:24.212,1827.05,34.69,460,2.423,5.05,0.00,128.9,89.9,0.0,88.37,56.59,5.05,26.4,285.7,0.240,947.5,22.0,3,3196.8,15796.8,20.0
2026-02-03 22:41:24.262,1828.05,34.71,460,2.418,5.04,0.00,128.7,89.9,0.0,88.36,56.59,5.04,26.4,285.1,0.240,947.4,22.0,3,3206.5,15806.5,20.0
2026-02-03 22:41:24.312,1829.05,34.73,460,2.414,5.03,0.00,128.6,89.9,0.0,88.36,56.59,5.03,26.4,284.6,0.239,947.4,22.0,3,3216.1,15816.1,20.0
2026-02-03 22:41:24.362,1830.05,34.68,459,1.785,3.72,0.00,95.8,89.3,0.0,88.35,56.66,3.72,26.4,210.7,0.177,947.3,22.0,3,3225.7,15825.7,20.0
2026-02-03 22:41:24.411,1831.05,34.44,456,0.000,0.00,0.00,0.0,84.4,0.0,88.35,56.84,0.00,26.4,0.0,0.000,947.3,22.0,3,3235.3,15835.3,20.0
2026-02-03 22:41:24.462,1832.05,34.20,453,0.000,0.00,0.00,0.0,84.4,0.0,88.35,56.84,0.00,26.4,0.0,0.000,947.3,22.0,3,3244.8,15844.8,20.0
2026-02-03 22:41:24.512,1833.05,33.97,450,0.000,0.00,0.00,0.0,84.4,0.0,88.35,56.84,0.00,26.4,0.0,0.000,947.3,22.0,3,3254.2,15854.2,20.0
2026-02-03 22:41:24.562,1834.05,33.74,447,0.000,0.00,0.00,0.0,84.4,0.0,88.35,56.84,0.00,26.4,0.0,0.000,947.3,22.0,3,3263.6,15863.6,20.0
2026-02-03 22:41:24.612,1835.05,33.50,444,0.000,0.00,0.00,0.0,84.4,0.0,88.35,56.84,0.00,26.4,0.0,0.000,947.3,22.0,3,3272.9,15872.9,20.0
2026-02-03 22:41:24.661,1836.05,33.27,441,0.000,0.00,0.00,0.0,84.4,0.0,88.35,56.84,0.00,26.4,0.0,0.000,947.3,22.0,3,3282.2,15882.2,20.0
2026-02-03 22:41:24.711,1837.05,33.04,438,0.000,0.00,0.00,0.0,84.4,0.0,88.35,56.84,0.00,26.4,0.0,0.000,947.3,22.0,3,3291.3,15891.3,20.0
2026-02-03 22:41:24.762,1838.05,32.81,435,0.000,0.00,0.00,0.0,84.4,0.0,88.35,56.84,0.00,26.4,0.0,0.000,947.3,22.0,3,3300.5,15900.5,20.0
2026-02-03 22:41:24.812,1839.05,32.58,432,0.000,0.00,0.00,0.0,84.4,0.0,88.35,56.84,0.00,26.4,0.0,0.000,947.3,22.0,3,3309.5,15909.5,20.0
2026-02-03 22:41:24.862,1840.05,32.35,428,0.000,0.00,0.00,0.0,84.4,0.0,88.35,56.84,0.00,26.4,0.0,0.000,947.3,22.0,3,3318.5,15918.5,20.0
2026-02-03 22:41:24.911,1841.05,32.12,425,0.000,0.00,0.00,0.0,84.4,0.0,88.35,56.84,0.00,26.4,0.0,0.000,947.3,22.0,3,3327.4,15927.4,20.0
2026-02-03 22:41:24.962,1842.05,31.89,422,0.000,0.00,0.00,0.0,84.4,0.0,88.35,56.84,0.00,26.4,0.0,0.000,947.3,22.0,3,3336.3,15936.3,20.0
2026-02-03 22:41:25.012,1843.05,31.66,419,0.000,0.00,0.00,0.0,84.4,0.0,88.35,56.84,0.00,26.4,0.0,0.000,947.3,22.0,3,3345.1,15945.1,20.0
2026-02-03 22:41:25.062,1844.05,31.43,416,0.000,0.00,0.00,0.0,84.4,0.0,88.35,56.84,0.00,26.4,0.0,0.000,947.3,22.0,3,3353.8,15953.8,20.0
2026-02-03 22:41:25.111,1845.05,31.21,413,0.000,0.00,0.00,0.0,84.4,0.0,88.35,56.84,0.00,26.4,0.0,0.000,947.3,22.0,3,3362.5,15962.5,20.0
2026-02-03 22:41:25.161,1846.05,31.24,414,2.382,4.96,0.00,114.1,89.9,0.0,88.34,56.59,4.96,26.4,280.8,0.236,947.2,22.0,3,3371.1,15971.1,20.0
2026-02-03 22:41:25.212,1847.05,31.26,414,2.377,4.95,0.00,114.0,89.9,0.0,88.34,56.59,4.95,26.4,280.3,0.236,947.1,22.0,3,3379.8,15979.8,20.0
2026-02-03 22:41:25.262,1848.05,31.29,414,2.373,4.94,0.00,113.9,89.9,0.0,88.33,56.59,4.94,26.4,279.8,0.235,947.1,22.0,3,3388.5,15988.5,20.0
2026-02-03 22:41:25.312,1849.05,31.06,411,0.000,0.00,0.00,0.0,84.4,0.0,88.33,56.84,0.00,26.4,0.0,0.000,947.1,22.0,3,3397.1,15997.1,20.0
2026-02-03 22:41:25.361,1850.05,30.84,408,0.000,0.00,0.00,0.0,84.4,0.0,88.33,56.84,0.00,26.4,0.0,0.000,947.1,22.0,3,3405.7,16005.7,20.0
2026-02-03 22:41:25.411,1851.05,30.61,406,0.000,0.00,0.00,0.0,84.4,0.0,88.33,56.84,0.00,26.4,0.0,0.000,947.1,22.0,3,3414.2,16014.2,20.0
2026-02-03 22:41:25.462,1852.05,30.39,403,0.000,0.00,0.00,0.0,84.4,0.0,88.33,56.84,0.00,26.4,0.0,0.000,947.1,22.0,3,3422.6,16022.6,20.0
2026-02-03 22:41:25.512,1853.05,30.17,400,0.000,0.00,0.00,0.0,84.4,0.0,88.33,56.84,0.00,26.4,0.0,0.000,947.1,22.0,3,3431.0,16031.0,20.0
2026-02-03 22:41:25.562,1854.05,29.94,397,0.000,0.00,0.00,0.0,84.4,0.0,88.33,56.84,0.00,26.4,0.0,0.000,947.1,22.0,3,3439.3,16039.3,20.0
2026-02-03 22:41:25.612,1855.05,29.72,394,0.000,0.00,0.00,0.0,84.4,0.0,88.33,56.84,0.00,26.4,0.0,0.000,947.1,22.0,3,3447.6,16047.6,20.0
2026-02-03 22:41:25.661,1856.05,29.50,391,0.000,0.00,0.00,0.0,84.4,0.0,88.33,56.84,0.00,26.4,0.0,0.000,947.1,22.0,3,3455.8,16055.8,20.0
2026-02-03 22:41:25.712,1857.05,29.28,388,0.000,0.00,0.00,0.0,84.4,0.0,88.33,56.84,0.00,26.4,0.0,0.000,947.1,22.0,3,3463.9,16063.9,20.0
2026-02-03 22:41:25.762,1858.05,29.06,385,0.000,0.00,0.00,0.0,84.4,0.0,88.33,56.84,0.00,26.4,0.0,0.000,947.1,22.0,3,3472.0,16072.0,20.0
2026-02-03 22:41:25.812,1859.05,28.84,382,0.000,0.00,0.00,0.0,84.4,0.0,88.33,56.84,0.00,26.4,0.0,0.000,947.1,22.0,3,3480.0,16080.0,20.0
2026-02-03 22:41:25.862,1860.05,28.63,379,0.000,0.00,0.00,0.0,84.4,0.0,88.33,56.84,0.00,26.4,0.0,0.000,947.1,22.0,3,3488.0,16088.0,20.0
2026-02-03 22:41:25.912,1861.05,28.41,376,0.000,0.00,0.00,0.0,84.4,0.0,88.33,56.84,0.00,26.4,0.0,0.000,947.1,22.0,3,3495.9,16095.9,20.0
2026-02-03 22:41:25.962,1862.05,28.19,373,0.000,0.00,0.00,0.0,84.4,0.0,88.33,56.84,0.00,26.3,0.0,0.000,947.1,22.0,3,3503.7,16103.7,20.0
2026-02-03 22:41:26.012,1863.05,27.97,371,0.000,0.00,0.00,0.0,84.4,0.0,88.33,56.84,0.00,26.3,0.0,0.000,947.1,22.0,3,3511.5,16111.5,20.0
2026-02-03 22:41:26.062,1864.05,27.76,368,0.000,0.00,0.00,0.0,84.4,0.0,88.33,56.84,0.00,26.3,0.0,0.000,947.1,22.0,3,3519.2,16119.2,20.0
2026-02-03 22:41:26.112,1865.05,27.54,365,0.000,0.00,0.00,0.0,84.4,0.0,88.33,56.84,0.00,26.3,0.0,0.000,947.1,22.0,3,3526.8,16126.8,20.0
2026-02-03 22:41:26.161,1866.05,27.33,362,0.000,0.00,0.00,0.0,84.4,0.0,88.33,56.84,0.00,26.3,0.0,0.000,947.1,22.0,3,3534.4,16134.4,20.0
2026-02-03 22:41:26.212,1867.05,27.12,359,0.000,0.00,0.00,0.0,84.4,0.0,88.33,56.84,0.00,26.3,0.0,0.000,947.1,22.0,3,3541.9,16141.9,20.0
2026-02-03 22:41:26.262,1868.05,26.90,356,0.000,0.00,0.00,0.0,84.4,0.0,88.33,56.84,0.00,26.3,0.0,0.000,947.1,22.0,3,3549.4,16149.4,20.0
2026-02-03 22:41:26.312,1869.05,26.69,353,0.000,0.00,0.00,0.0,84.4,0.0,88.33,56.84,0.00,26.3,0.0,0.000,947.1,22.0,3,3556.8,16156.8,20.0
2026-02-03 22:41:26.361,1870.05,26.48,351,0.000,0.00,0.00,0.0,84.4,0.0,88.33,56.84,0.00,26.3,0.0,0.000,947.1,22.0,3,3564.2,16164.2,20.0
2026-02-03 22:41:26.412,1871.05,26.26,348,0.000,0.00,0.00,0.0,84.4,0.0,88.33,56.84,0.00,26.3,0.0,0.000,947.1,22.0,3,3571.5,16171.5,20.0
2026-02-03 22:41:26.462,1872.05,26.05,345,0.000,0.00,0.00,0.0,84.4,0.0,88.33,56.84,0.00,26.3,0.0,0.000,947.1,22.0,3,3578.7,16178.7,20.0
2026-02-03 22:41:26.512,1873.05,25.84,342,0.000,0.00,0.00,0.0,84.4,0.0,88.33,56.84,0.00,26.3,0.0,0.000,947.1,22.0,3,3585.9,16185.9,20.0
2026-02-03 22:41:26.561,1874.05,25.63,339,0.000,0.00,0.00,0.0,84.4,0.0,88.33,56.84,0.00,26.3,0.0,0.000,947.1,22.0,3,3593.0,16193.0,20.0
2026-02-03 22:41:26.612,1875.05,25.42,337,0.000,0.00,0.00,0.0,84.4,0.0,88.33,56.84,0.00,26.3,0.0,0.000,947.1,22.0,3,3600.1,16200.1,20.0
2026-02-03 22:41:26.662,1876.05,25.84,342,5.887,12.26,0.00,220.6,93.7,0.0,88.31,56.22,12.26,26.3,689.5,0.584,946.9,22.0,3,3607.3,16207.3,20.0
2026-02-03 22:41:26.712,1877.05,26.24,347,5.764,12.01,0.00,219.6,93.6,0.0,88.30,56.23,12.01,26.3,675.2,0.572,946.7,22.0,3,3614.5,16214.5,20.0
2026-02-03 22:41:26.761,1878.05,26.63,353,5.645,11.76,0.00,221.5,92.3,0.0,88.28,56.24,11.76,26.3,661.4,0.560,946.5,22.0,3,3621.9,16221.9,20.0
2026-02-03 22:41:26.812,1879.05,27.00,358,5.530,11.52,0.00,220.5,92.2,0.0,88.27,56.25,11.52,26.4,648.1,0.549,946.3,22.0,3,3629.4,16229.4,20.0
2026-02-03 22:41:26.862,1880.05,27.36,362,5.419,11.29,0.00,219.3,92.1,0.0,88.25,56.26,11.29,26.4,635.2,0.538,946.1,22.0,3,3637.0,16237.0,20.0
2026-02-03 22:41:26.912,1881.05,27.71,367,5.312,11.07,0.00,218.1,92.0,0.0,88.24,56.27,11.07,26.4,622.7,0.527,946.0,22.0,3,3644.7,16244.7,20.0
2026-02-03 22:41:26.961,1882.05,28.04,371,5.208,10.85,0.00,216.9,91.9,0.0,88.22,56.28,10.85,26.4,610.7,0.517,945.8,22.0,3,3652.5,16252.5,20.0
2026-02-03 22:41:27.012,1883.05,28.37,376,5.108,10.64,0.00,215.5,91.8,0.0,88.21,56.29,10.64,26.4,599.0,0.507,945.6,22.0,3,3660.4,16260.4,20.0
2026-02-03 22:41:27.062,1884.05,28.68,380,5.012,10.44,0.00,214.1,91.7,0.0,88.20,56.29,10.44,26.4,587.8,0.497,945.5,22.0,3,3668.4,16268.4,20.0
2026-02-03 22:41:27.112,1885.05,28.99,384,4.919,10.25,0.00,212.7,91.6,0.0,88.18,56.30,10.25,26.4,576.9,0.488,945.3,22.0,3,3676.4,16276.4,20.0
2026-02-03 22:41:27.162,1886.05,29.28,388,4.829,10.06,0.00,211.2,91.5,0.0,88.17,56.31,10.06,26.4,566.4,0.479,945.2,22.0,3,3684.6,16284.6,20.0
2026-02-03 22:41:27.212,1887.05,29.56,392,4.742,9.88,0.00,209.7,91.4,0.0,88.16,56.32,9.88,26.4,556.3,0.470,945.0,22.0,3,3692.8,16292.8,20.0
2026-02-03 22:41:27.262,1888.05,29.83,395,4.658,9.70,0.00,208.2,91.3,0.0,88.14,56.32,9.70,26.4,546.5,0.462,944.9,22.0,3,3701.1,16301.1,20.0
2026-02-03 22:41:27.311,1889.05,30.09,399,4.511,9.40,0.00,203.8,91.1,0.0,88.13,56.34,9.40,26.4,529.5,0.448,944.7,22.0,3,3709.4,16309.4,20.0
2026-02-03 22:41:27.362,1890.05,30.33,402,4.372,9.11,0.00,199.6,91.0,0.0,88.12,56.35,9.11,26.4,513.2,0.434,944.6,22.0,3,3717.8,16317.8,20.0
2026-02-03 22:41:27.412,1891.05,30.56,405,4.302,8.96,0.00,198.1,90.9,0.0,88.11,56.35,8.96,26.4,505.1,0.427,944.4,22.0,3,3726.3,16326.3,20.0
2026-02-03 22:41:27.462,1892.05,30.78,408,4.173,8.69,0.00,193.9,90.8,0.0,88.10,56.37,8.69,26.4,490.0,0.414,944.3,22.0,3,3734.9,16334.9,20.0
2026-02-03 22:41:27.512,1893.05,30.99,410,4.049,8.44,0.00,189.8,90.7,0.0,88.08,56.38,8.44,26.4,475.6,0.402,944.2,22.0,3,3743.5,16343.5,20.0
2026-02-03 22:41:27.562,1894.05,31.19,413,3.992,8.32,0.00,188.5,90.6,0.0,88.07,56.38,8.32,26.4,468.9,0.396,944.0,22.0,3,3752.2,16352.2,20.0
2026-02-03 22:41:27.612,1895.05,31.37,416,3.877,8.08,0.00,184.4,90.5,0.0,88.06,56.39,8.08,26.4,455.4,0.385,943.9,22.0,3,3760.9,16360.9,20.0
2026-02-03 22:41:27.661,1896.05,31.54,418,3.767,7.85,0.00,180.5,90.4,0.0,88.05,56.40,7.85,26.4,442.6,0.374,943.8,22.0,3,3769.6,16369.6,20.0
2026-02-03 22:41:27.712,1897.05,31.56,418,2.325,4.84,0.00,112.6,89.8,0.0,88.05,56.55,4.84,26.4,273.9,0.231,943.7,22.0,3,3778.4,16378.4,20.0
2026-02-03 22:41:27.762,1898.05,31.58,418,2.322,4.84,0.00,112.6,89.8,0.0,88.04,56.55,4.84,26.4,273.5,0.230,943.6,22.0,3,3787.2,16387.2,20.0
2026-02-03 22:41:27.812,1899.05,31.60,419,2.318,4.83,0.00,112.5,89.8,0.0,88.03,56.55,4.83,26.4,273.1,0.230,943.5,22.0,3,3796.0,16396.0,20.0
2026-02-03 22:41:27.861,1900.05,31.38,416,0.000,0.00,0.00,0.0,84.4,0.0,88.03,56.79,0.00,26.4,0.0,0.000,943.5,22.0,3,3804.7,16404.7,20.0
2026-02-03 22:41:27.912,1901.05,31.15,413,0.000,0.00,0.00,0.0,84.4,0.0,88.03,56.79,0.00,26.4,0.0,0.000,943.5,22.0,3,3813.3,16413.3,20.0
2026-02-03 22:41:27.962,1902.05,30.92,410,0.000,0.00,0.00,0.0,84.4,0.0,88.03,56.79,0.00,26.4,0.0,0.000,943.5,22.0,3,3821.9,16421.9,20.0
2026-02-03 22:41:28.011,1903.05,30.70,407,0.000,0.00,0.00,0.0,84.4,0.0,88.03,56.79,0.00,26.4,0.0,0.000,943.5,22.0,3,3830.4,16430.4,20.0
2026-02-03 22:41:28.062,1904.05,30.48,404,0.000,0.00,0.00,0.0,84.4,0.0,88.03,56.79,0.00,26.4,0.0,0.000,943.5,22.0,3,3838.9,16438.9,20.0
2026-02-03 22:41:28.112,1905.05,30.25,401,0.000,0.00,0.00,0.0,84.4,0.0,88.03,56.79,0.00,26.4,0.0,0.000,943.5,22.0,3,3847.3,16447.3,20.0
2026-02-03 22:41:28.162,1906.05,30.03,398,0.000,0.00,0.00,0.0,84.4,0.0,88.03,56.79,0.00,26.4,0.0,0.000,943.5,22.0,3,3855.6,16455.6,20.0
2026-02-03 22:41:28.211,1907.05,29.81,395,0.000,0.00,0.00,0.0,84.4,0.0,88.03,56.79,0.00,26.4,0.0,0.000,943.5,22.0,3,3863.9,16463.9,20.0
2026-02-03 22:41:28.261,1908.05,29.59,392,0.000,0.00,0.00,0.0,84.4,0.0,88.03,56.79,0.00,26.4,0.0,0.000,943.5,22.0,3,3872.1,16472.1,20.0
2026-02-03 22:41:28.312,1909.05,29.37,389,0.000,0.00,0.00,0.0,84.4,0.0,88.03,56.79,0.00,26.4,0.0,0.000,943.5,22.0,3,3880.3,16480.3,20.0
2026-02-03 22:41:28.362,1910.05,29.15,386,0.000,0.00,0.00,0.0,84.4,0.0,88.03,56.79,0.00,26.4,0.0,0.000,943.5,22.0,3,3888.4,16488.4,20.0
2026-02-03 22:41:28.412,1911.05,28.93,383,0.000,0.00,0.00,0.0,84.4,0.0,88.03,56.79,0.00,26.4,0.0,0.000,943.5,22.0,3,3896.4,16496.4,20.0
2026-02-03 22:41:28.461,1912.05,28.71,380,0.000,0.00,0.00,0.0,84.4,0.0,88.03,56.79,0.00,26.4,0.0,0.000,943.5,22.0,3,3904.4,16504.4,20.0
2026-02-03 22:41:28.511,1913.05,28.49,377,0.000,0.00,0.00,0.0,84.4,0.0,88.03,56.79,0.00,26.4,0.0,0.000,943.5,22.0,3,3912.3,16512.3,20.0
2026-02-03 22:41:28.562,1914.05,28.28,375,0.000,0.00,0.00,0.0,84.4,0.0,88.03,56.79,0.00,26.4,0.0,0.000,943.5,22.0,3,3920.2,16520.2,20.0
2026-02-03 22:41:28.612,1915.05,28.06,372,0.000,0.00,0.00,0.0,84.4,0.0,88.03,56.79,0.00,26.4,0.0,0.000,943.5,22.0,3,3928.0,16528.0,20.0
2026-02-03 22:41:28.662,1916.05,27.84,369,0.000,0.00,0.00,0.0,84.4,0.0,88.03,56.79,0.00,26.4,0.0,0.000,943.5,22.0,3,3935.7,16535.7,20.0
2026-02-03 22:41:28.712,1917.05,27.92,370,2.806,5.84,0.00,119.3,90.3,0.0,88.03,56.50,5.84,26.4,330.2,0.278,943.5,22.0,3,3943.5,16543.5,20.0
2026-02-03 22:41:28.761,1918.05,28.00,371,2.792,5.82,0.00,119.1,90.3,0.0,88.02,56.50,5.82,26.4,328.7,0.277,943.4,22.0,3,3951.2,16551.2,20.0
2026-02-03 22:41:28.811,1919.05,27.79,368,0.000,0.00,0.00,0.0,84.4,0.0,88.02,56.79,0.00,26.4,0.0,0.000,943.4,22.0,3,3959.0,16559.0,20.0
2026-02-03 22:41:28.862,1920.05,27.87,369,2.814,5.86,0.00,119.5,90.4,0.0,88.01,56.49,5.86,26.4,331.2,0.279,943.3,22.0,3,3966.7,16566.7,20.0
2026-02-03 22:41:28.912,1921.05,27.95,370,2.801,5.84,0.00,119.3,90.3,0.0,88.00,56.49,5.84,26.4,329.6,0.278,943.2,22.0,3,3974.5,16574.5,20.0
2026-02-03 22:41:28.962,1922.05,28.03,371,2.788,5.81,0.00,119.1,90.3,0.0,87.99,56.49,5.81,26.4,328.1,0.277,943.1,22.0,3,3982.3,16582.3,20.0
2026-02-03 22:41:29.011,1923.05,27.82,368,0.000,0.00,0.00,0.0,84.4,0.0,87.99,56.78,0.00,26.4,0.0,0.000,943.1,22.0,3,3990.0,16590.0,20.0
2026-02-03 22:41:29.062,1924.05,27.90,370,2.810,5.85,0.00,119.4,90.4,0.0,87.99,56.49,5.85,26.4,330.7,0.279,943.0,22.0,3,3997.7,16597.7,20.0
2026-02-03 22:41:29.112,1925.05,27.98,371,2.797,5.83,0.00,119.2,90.3,0.0,87.98,56.49,5.83,26.4,329.1,0.277,942.9,22.0,3,4005.5,16605.5,20.0
2026-02-03 22:41:29.161,1926.05,28.06,372,2.784,5.80,0.00,119.0,90.3,0.0,87.97,56.49,5.80,26.4,327.6,0.276,942.8,22.0,3,4013.3,16613.3,20.0
2026-02-03 22:41:29.212,1927.05,27.84,369,0.000,0.00,0.00,0.0,84.4,0.0,87.97,56.78,0.00,26.4,0.0,0.000,942.8,22.0,3,4021.0,16621.0,20.0
2026-02-03 22:41:29.262,1928.05,27.92,370,2.806,5.85,0.00,119.3,90.3,0.0,87.96,56.49,5.85,26.4,330.2,0.278,942.7,22.0,3,4028.8,16628.8,20.0
2026-02-03 22:41:29.312,1929.05,28.00,371,2.793,5.82,0.00,119.1,90.3,0.0,87.96,56.49,5.82,26.4,328.6,0.277,942.6,22.0,3,4036.6,16636.6,20.0
2026-02-03 22:41:29.362,1930.05,27.79,368,0.000,0.00,0.00,0.0,84.4,0.0,87.96,56.78,0.00,26.4,0.0,0.000,942.6,22.0,3,4044.3,16644.3,20.0
2026-02-03 22:41:29.412,1931.05,27.87,369,2.814,5.86,0.00,119.5,90.4,0.0,87.95,56.48,5.86,26.4,331.2,0.279,942.5,22.0,3,4052.0,16652.0,20.0
2026-02-03 22:41:29.462,1932.05,28.20,374,5.160,10.75,0.00,216.2,91.8,0.0,87.93,56.24,10.75,26.4,604.5,0.512,942.4,22.0,3,4059.9,16659.9,20.0
2026-02-03 22:41:29.512,1933.05,28.52,378,5.062,10.54,0.00,214.9,91.7,0.0,87.92,56.24,10.54,26.4,593.1,0.502,942.2,22.0,3,4067.8,16667.8,20.0
2026-02-03 22:41:29.562,1934.05,28.83,382,4.967,10.35,0.00,213.4,91.6,0.0,87.91,56.25,10.35,26.4,582.0,0.493,942.0,22.0,3,4075.8,16675.8,20.0
2026-02-03 22:41:29.612,1935.05,29.13,386,4.875,10.16,0.00,212.0,91.5,0.0,87.89,56.26,10.16,26.4,571.4,0.484,941.9,22.0,3,4083.9,16683.9,20.0
2026-02-03 22:41:29.662,1936.05,29.42,390,4.786,9.97,0.00,210.5,91.4,0.0,87.88,56.27,9.97,26.4,561.1,0.475,941.7,22.0,3,4092.1,16692.1,20.0
2026-02-03 22:41:29.712,1937.05,29.69,393,4.701,9.79,0.00,209.0,91.3,0.0,87.87,56.27,9.79,26.4,551.1,0.466,941.6,22.0,3,4100.3,16700.3,20.0
2026-02-03 22:41:29.762,1938.05,29.96,397,4.618,9.62,0.00,207.5,91.3,0.0,87.85,56.28,9.62,26.4,541.5,0.458,941.4,22.0,3,4108.6,16708.6,20.0
2026-02-03 22:41:29.811,1939.05,30.22,400,4.539,9.46,0.00,205.9,91.2,0.0,87.84,56.28,9.46,26.4,532.2,0.450,941.3,22.0,3,4117.0,16717.0,20.0
2026-02-03 22:41:29.862,1940.05,30.47,404,4.462,9.30,0.00,204.3,91.1,0.0,87.83,56.29,9.30,26.4,523.2,0.443,941.1,22.0,3,4125.5,16725.5,20.0
2026-02-03 22:41:29.912,1941.05,30.71,407,4.387,9.14,0.00,202.8,91.0,0.0,87.82,56.30,9.14,26.4,514.6,0.435,941.0,22.0,3,4134.0,16734.0,20.0
2026-02-03 22:41:29.962,1942.05,30.95,410,4.316,8.99,0.00,201.2,90.9,0.0,87.80,56.30,8.99,26.4,506.2,0.428,940.8,22.0,3,4142.6,16742.6,20.0
2026-02-03 22:41:30.011,1943.05,31.17,413,4.246,8.85,0.00,199.6,90.9,0.0,87.79,56.31,8.85,26.4,498.1,0.421,940.7,22.0,3,4151.3,16751.3,20.0
2026-02-03 22:41:30.062,1944.05,31.39,416,4.179,8.71,0.00,198.1,90.8,0.0,87.78,56.31,8.71,26.4,490.3,0.415,940.6,22.0,3,4160.0,16760.0,20.0
2026-02-03 22:41:30.112,1945.05,31.60,419,4.115,8.57,0.00,196.5,90.7,0.0,87.77,56.32,8.57,26.4,482.8,0.408,940.4,22.0,3,4168.8,16768.8,20.0
2026-02-03 22:41:30.162,1946.05,31.80,421,4.053,8.44,0.00,195.0,90.7,0.0,87.76,56.32,8.44,26.4,475.5,0.402,940.3,22.0,3,4177.6,16777.6,20.0
2026-02-03 22:41:30.212,1947.05,31.99,424,3.935,8.20,0.00,190.8,90.5,0.0,87.75,56.33,8.20,26.4,461.8,0.390,940.2,22.0,3,4186.5,16786.5,20.0
2026-02-03 22:41:30.261,1948.05,32.17,426,3.880,8.08,0.00,189.3,90.5,0.0,87.74,56.34,8.08,26.4,455.4,0.385,940.1,22.0,3,4195.4,16795.4,20.0
2026-02-03 22:41:30.312,1949.05,32.34,428,3.771,7.86,0.00,185.3,90.4,0.0,87.73,56.35,7.86,26.4,442.6,0.374,939.9,22.0,4,4.4,16804.4,20.0
2026-02-03 22:41:30.362,1950.05,32.50,431,3.667,7.64,0.00,181.4,90.3,0.0,87.72,56.35,7.64,26.4,430.5,0.364,939.8,22.0,4,13.4,16813.4,20.0
2026-02-03 22:41:30.412,1951.05,32.66,433,3.621,7.54,0.00,180.1,90.2,0.0,87.71,56.36,7.54,26.4,425.2,0.359,939.7,22.0,4,22.5,16822.5,20.0
2026-02-03 22:41:30.461,1952.05,32.81,435,3.578,7.45,0.00,178.9,90.2,0.0,87.70,56.36,7.45,26.4,420.1,0.355,939.6,22.0,4,31.6,16831.6,20.0
2026-02-03 22:41:30.512,1953.05,32.94,436,3.483,7.26,0.00,175.1,90.1,0.0,87.69,56.37,7.26,26.4,409.0,0.345,939.5,22.0,4,40.8,16840.8,20.0
2026-02-03 22:41:30.562,1954.05,33.08,438,3.444,7.17,0.00,174.0,90.0,0.0,87.68,56.37,7.17,26.4,404.4,0.342,939.3,22.0,4,50.0,16850.0,20.0
2026-02-03 22:41:30.612,1955.05,33.20,440,3.355,6.99,0.00,170.3,89.9,0.0,87.67,56.38,6.99,26.4,394.0,0.333,939.2,22.0,4,59.2,16859.2,20.0
2026-02-03 22:41:30.661,1956.05,33.32,441,3.321,6.92,0.00,169.3,89.9,0.0,87.66,56.38,6.92,26.4,390.0,0.329,939.1,22.0,4,68.4,16868.4,20.0
2026-02-03 22:41:30.711,1957.05,33.44,443,3.288,6.85,0.00,168.3,89.9,0.0,87.65,56.38,6.85,26.4,386.2,0.326,939.0,22.0,4,77.7,16877.7,20.0
2026-02-03 22:41:30.762,1958.05,33.54,444,3.205,6.68,0.00,164.8,89.8,0.0,87.64,56.39,6.68,26.4,376.6,0.318,938.9,22.0,4,87.1,16887.1,20.0
2026-02-03 22:41:30.812,1959.05,33.65,446,3.176,6.62,0.00,163.9,89.7,0.0,87.63,56.39,6.62,26.4,373.2,0.315,938.8,22.0,4,96.4,16896.4,20.0
2026-02-03 22:41:30.862,1960.05,33.75,447,3.148,6.56,0.00,163.0,89.7,0.0,87.62,56.39,6.56,26.4,369.9,0.312,938.7,22.0,4,105.8,16905.8,20.0
2026-02-03 22:41:30.912,1961.05,33.84,448,3.072,6.40,0.00,159.7,89.6,0.0,87.62,56.40,6.40,26.4,361.0,0.305,938.6,22.0,4,115.2,16915.2,20.0
2026-02-03 22:41:30.961,1962.05,33.93,449,3.048,6.35,0.00,158.9,89.6,0.0,87.61,56.40,6.35,26.4,358.1,0.302,938.5,22.0,4,124.6,16924.6,20.0
2026-02-03 22:41:31.012,1963.05,34.01,451,3.024,6.30,0.00,158.1,89.6,0.0,87.60,56.40,6.30,26.4,355.3,0.300,938.4,22.0,4,134.0,16934.0,20.0
2026-02-03 22:41:31.062,1964.05,34.09,452,2.953,6.15,0.00,154.9,89.5,0.0,87.59,56.41,6.15,26.5,347.1,0.293,938.3,22.0,4,143.5,16943.5,20.0
2026-02-03 22:41:31.112,1965.05,34.17,453,2.933,6.11,0.00,154.2,89.5,0.0,87.58,56.41,6.11,26.5,344.7,0.291,938.2,22.0,4,153.0,16953.0,20.0
2026-02-03 22:41:31.162,1966.05,34.24,454,2.913,6.07,0.00,153.5,89.5,0.0,87.58,56.41,6.07,26.5,342.3,0.289,938.1,22.0,4,162.5,16962.5,20.0
2026-02-03 22:41:31.211,1967.05,34.31,455,2.894,6.03,0.00,152.9,89.4,0.0,87.57,56.41,6.03,26.5,340.1,0.287,938.0,22.0,4,172.1,16972.1,20.0
2026-02-03 22:41:31.262,1968.05,34.38,456,2.875,5.99,0.00,150.6,90.4,0.0,87.56,56.41,5.99,26.5,337.9,0.285,937.9,22.0,4,181.6,16981.6,20.0
2026-02-03 22:41:31.312,1969.05,34.44,456,2.811,5.86,0.00,147.6,90.4,0.0,87.55,56.42,5.86,26.5,330.3,0.279,937.8,22.0,4,191.2,16991.2,20.0
2026-02-03 22:41:31.362,1970.05,34.50,457,2.795,5.82,0.00,147.1,90.3,0.0,87.54,56.42,5.82,26.5,328.5,0.277,937.8,22.0,4,200.8,17000.8,20.0
2026-02-03 22:41:31.412,1971.05,34.56,458,2.779,5.79,0.00,146.5,90.3,0.0,87.54,56.42,5.79,26.5,326.6,0.276,937.7,22.0,4,210.4,17010.4,20.0
2026-02-03 22:41:31.461,1972.05,34.62,459,2.764,5.76,0.00,146.0,90.3,0.0,87.53,56.42,5.76,26.5,324.9,0.274,937.6,22.0,4,220.0,17020.0,20.0
2026-02-03 22:41:31.512,1973.05,34.67,459,2.750,5.73,0.00,145.5,90.3,0.0,87.52,56.42,5.73,26.5,323.2,0.273,937.5,22.0,4,229.6,17029.6,20.0
2026-02-03 22:41:31.562,1974.05,34.72,460,2.691,5.61,0.00,142.7,90.2,0.0,87.51,56.42,5.61,26.5,316.3,0.267,937.4,22.0,4,239.2,17039.2,20.0
2026-02-03 22:41:31.612,1975.05,34.77,461,2.678,5.58,0.00,142.3,90.2,0.0,87.51,56.42,5.58,26.5,314.8,0.266,937.3,22.0,4,248.9,17048.9,20.0
2026-02-03 22:41:31.662,1976.05,34.81,461,2.666,5.55,0.00,141.8,90.2,0.0,87.50,56.42,5.55,26.5,313.4,0.265,937.2,22.0,4,258.6,17058.6,20.0
2026-02-03 22:41:31.711,1977.05,34.86,462,2.655,5.53,0.00,141.4,90.2,0.0,87.49,56.42,5.53,26.5,312.1,0.263,937.1,22.0,4,268.3,17068.3,20.0
2026-02-03 22:41:31.762,1978.05,34.81,461,1.762,3.67,0.00,95.0,89.2,0.0,87.49,56.51,3.67,26.5,207.5,0.175,937.1,22.0,4,277.9,17077.9,20.0
2026-02-03 22:41:31.812,1979.05,34.76,460,1.771,3.69,0.00,95.3,89.3,0.0,87.48,56.51,3.69,26.5,208.5,0.176,937.0,22.0,4,287.6,17087.6,20.0
2026-02-03 22:41:31.862,1980.05,34.71,460,1.780,3.71,0.00,95.6,89.3,0.0,87.48,56.51,3.71,26.5,209.5,0.177,937.0,22.0,4,297.2,17097.2,20.0
2026-02-03 22:41:31.912,1981.05,34.66,459,1.788,3.72,0.00,95.9,89.3,0.0,87.47,56.51,3.72,26.4,210.5,0.177,936.9,22.0,4,306.8,17106.8,20.0
2026-02-03 22:41:31.962,1982.05,34.61,459,1.796,3.74,0.00,96.2,89.3,0.0,87.47,56.51,3.74,26.4,211.4,0.178,936.8,22.0,4,316.5,17116.5,20.0
2026-02-03 22:41:32.012,1983.05,34.57,458,1.804,3.76,0.00,96.5,89.3,0.0,87.46,56.51,3.76,26.4,212.3,0.179,936.8,22.0,4,326.1,17126.1,20.0
2026-02-03 22:41:32.062,1984.05,34.52,457,1.811,3.77,0.00,96.8,89.3,0.0,87.46,56.50,3.77,26.4,213.2,0.180,936.7,22.0,4,335.7,17135.7,20.0
2026-02-03 22:41:32.112,1985.05,34.29,454,0.000,0.00,0.00,0.0,84.4,0.0,87.46,56.69,0.00,26.4,0.0,0.000,936.7,22.0,4,345.2,17145.2,20.0
2026-02-03 22:41:32.162,1986.05,34.05,451,0.000,0.00,0.00,0.0,84.4,0.0,87.46,56.69,0.00,26.4,0.0,0.000,936.7,22.0,4,354.6,17154.6,20.0
2026-02-03 22:41:32.212,1987.05,33.82,448,0.000,0.00,0.00,0.0,84.4,0.0,87.46,56.69,0.00,26.4,0.0,0.000,936.7,22.0,4,364.0,17164.0,20.0
2026-02-03 22:41:32.262,1988.05,33.79,448,1.939,4.04,0.00,101.2,89.4,0.0,87.45,56.49,4.04,26.4,228.2,0.192,936.7,22.0,4,373.4,17173.4,20.0
2026-02-03 22:41:32.312,1989.05,33.76,447,1.944,4.05,0.00,101.3,89.4,0.0,87.45,56.49,4.05,26.4,228.8,0.193,936.6,22.0,4,382.8,17182.8,20.0
2026-02-03 22:41:32.362,1990.05,33.73,447,1.949,4.06,0.00,101.5,89.4,0.0,87.44,56.49,4.06,26.4,229.3,0.193,936.5,22.0,4,392.2,17192.2,20.0
2026-02-03 22:41:32.411,1991.05,33.71,447,1.953,4.07,0.00,101.6,89.4,0.0,87.44,56.49,4.07,26.4,229.8,0.194,936.5,22.0,4,401.5,17201.5,20.0
2026-02-03 22:41:32.462,1992.05,33.68,446,1.958,4.08,0.00,101.8,89.5,0.0,87.43,56.48,4.08,26.4,230.4,0.194,936.4,22.0,4,410.9,17210.9,20.0
2026-02-03 22:41:32.512,1993.05,33.66,446,1.962,4.09,0.00,101.9,89.5,0.0,87.42,56.48,4.09,26.4,230.9,0.195,936.3,22.0,4,420.2,17220.2,20.0
2026-02-03 22:41:32.562,1994.05,33.63,446,1.966,4.10,0.00,102.1,89.5,0.0,87.42,56.48,4.10,26.4,231.4,0.195,936.3,22.0,4,429.6,17229.6,20.0
2026-02-03 22:41:32.612,1995.05,33.61,445,1.971,4.11,0.00,102.2,89.5,0.0,87.41,56.48,4.11,26.4,231.9,0.196,936.2,22.0,4,438.9,17238.9,20.0
2026-02-03 22:41:32.661,1996.05,33.58,445,1.975,4.11,0.00,102.4,89.5,0.0,87.41,56.48,4.11,26.4,232.4,0.196,936.2,22.0,4,448.2,17248.2,20.0
2026-02-03 22:41:32.712,1997.05,33.56,445,1.979,4.12,0.00,102.5,89.5,0.0,87.40,56.48,4.12,26.4,232.8,0.196,936.1,22.0,4,457.6,17257.6,20.0
2026-02-03 22:41:32.762,1998.05,33.54,444,1.983,4.13,0.00,102.6,89.5,0.0,87.40,56.48,4.13,26.4,233.3,0.197,936.0,22.0,4,466.9,17266.9,20.0
2026-02-03 22:41:32.812,1999.05,33.51,444,1.987,4.14,0.00,102.7,89.5,0.0,87.39,56.47,4.14,26.4,233.8,0.197,936.0,22.0,4,476.2,17276.2,20.0
2026-02-03 22:41:32.862,2000.05,33.49,444,1.991,4.15,0.00,102.9,89.5,0.0,87.39,56.47,4.15,26.4,234.2,0.197,935.9,22.0,4,485.5,17285.5,20.0
2026-02-03 22:41:32.911,2001.05,33.47,443,1.994,4.16,0.00,103.0,89.5,0.0,87.38,56.47,4.16,26.4,234.6,0.198,935.8,22.0,4,494.8,17294.8,20.0
2026-02-03 22:41:32.962,2002.05,33.45,443,1.998,4.16,0.00,103.1,89.5,0.0,87.38,56.47,4.16,26.4,235.1,0.198,935.8,22.0,4,504.1,17304.1,20.0
2026-02-03 22:41:33.012,2003.05,33.52,444,2.902,6.05,0.00,149.8,89.5,0.0,87.37,56.38,6.05,26.4,340.9,0.288,935.7,22.0,4,513.4,17313.4,20.0
2026-02-03 22:41:33.062,2004.05,33.60,445,2.884,6.01,0.00,149.2,89.4,0.0,87.36,56.38,6.01,26.4,338.7,0.286,935.6,22.0,4,522.7,17322.7,20.0
2026-02-03 22:41:33.112,2005.05,33.67,446,2.866,5.97,0.00,147.0,90.4,0.0,87.35,56.38,5.97,26.4,336.6,0.284,935.5,22.0,4,532.1,17332.1,20.0
2026-02-03 22:41:33.162,2006.05,33.73,447,2.849,5.93,0.00,146.4,90.4,0.0,87.34,56.38,5.93,26.4,334.6,0.283,935.4,22.0,4,541.4,17341.4,20.0
2026-02-03 22:41:33.212,2007.05,33.80,448,2.783,5.80,0.00,143.5,90.3,0.0,87.34,56.38,5.80,26.4,326.9,0.276,935.3,22.0,4,550.8,17350.8,20.0
2026-02-03 22:41:33.261,2008.05,33.85,449,2.768,5.77,0.00,143.0,90.3,0.0,87.33,56.38,5.77,26.4,325.2,0.275,935.2,22.0,4,560.2,17360.2,20.0
2026-02-03 22:41:33.312,2009.05,33.91,449,2.754,5.74,0.00,142.5,90.3,0.0,87.32,56.38,5.74,26.4,323.5,0.273,935.1,22.0,4,569.7,17369.7,20.0
2026-02-03 22:41:33.362,2010.05,33.97,450,2.740,5.71,0.00,142.0,90.3,0.0,87.31,56.38,5.71,26.4,321.9,0.272,935.0,22.0,4,579.1,17379.1,20.0
2026-02-03 22:41:33.412,2011.05,34.02,451,2.726,5.68,0.00,141.6,90.3,0.0,87.31,56.38,5.68,26.4,320.3,0.270,934.9,22.0,4,588.5,17388.5,20.0
2026-02-03 22:41:33.461,2012.05,34.07,451,2.666,5.55,0.00,138.8,90.2,0.0,87.30,56.39,5.55,26.4,313.2,0.264,934.9,22.0,4,598.0,17398.0,20.0
2026-02-03 22:41:33.512,2013.05,34.12,452,2.654,5.53,0.00,138.4,90.2,0.0,87.29,56.39,5.53,26.4,311.8,0.263,934.8,22.0,4,607.5,17407.5,20.0
2026-02-03 22:41:33.562,2014.05,34.16,453,2.643,5.51,0.00,138.0,90.2,0.0,87.28,56.39,5.51,26.4,310.5,0.262,934.7,22.0,4,617.0,17417.0,20.0
2026-02-03 22:41:33.612,2015.05,34.13,452,1.880,3.92,0.00,99.2,89.4,0.0,87.28,56.47,3.92,26.4,221.2,0.187,934.6,22.0,4,626.5,17426.5,20.0
2026-02-03 22:41:33.661,2016.05,34.09,452,1.887,3.93,0.00,99.4,89.4,0.0,87.27,56.47,3.93,26.4,221.9,0.187,934.6,22.0,4,635.9,17435.9,20.0
2026-02-03 22:41:33.712,2017.05,34.06,451,1.893,3.94,0.00,99.6,89.4,0.0,87.27,56.46,3.94,26.4,222.6,0.188,934.5,22.0,4,645.4,17445.4,20.0
2026-02-03 22:41:33.762,2018.05,33.82,448,0.000,0.00,0.00,0.0,84.4,0.0,87.27,56.66,0.00,26.4,0.0,0.000,934.5,22.0,4,654.8,17454.8,20.0
2026-02-03 22:41:33.812,2019.05,33.59,445,0.000,0.00,0.00,0.0,84.4,0.0,87.27,56.66,0.00,26.4,0.0,0.000,934.5,22.0,4,664.1,17464.1,20.0
2026-02-03 22:41:33.862,2020.05,33.36,442,0.000,0.00,0.00,0.0,84.4,0.0,87.27,56.66,0.00,26.4,0.0,0.000,934.5,22.0,4,673.4,17473.4,20.0
2026-02-03 22:41:33.911,2021.05,33.12,439,0.000,0.00,0.00,0.0,84.4,0.0,87.27,56.66,0.00,26.4,0.0,0.000,934.5,22.0,4,682.6,17482.6,20.0
2026-02-03 22:41:33.962,2022.05,32.89,436,0.000,0.00,0.00,0.0,84.4,0.0,87.27,56.66,0.00,26.4,0.0,0.000,934.5,22.0,4,691.7,17491.7,20.0
2026-02-03 22:41:34.012,2023.05,32.66,433,0.000,0.00,0.00,0.0,84.4,0.0,87.27,56.66,0.00,26.4,0.0,0.000,934.5,22.0,4,700.8,17500.8,20.0
2026-02-03 22:41:34.062,2024.05,32.43,430,0.000,0.00,0.00,0.0,84.4,0.0,87.27,56.66,0.00,26.4,0.0,0.000,934.5,22.0,4,709.8,17509.8,20.0
2026-02-03 22:41:34.111,2025.05,32.20,427,0.000,0.00,0.00,0.0,84.4,0.0,87.27,56.66,0.00,26.4,0.0,0.000,934.5,22.0,4,718.7,17518.7,20.0
2026-02-03 22:41:34.162,2026.05,31.97,424,0.000,0.00,0.00,0.0,84.4,0.0,87.27,56.66,0.00,26.4,0.0,0.000,934.5,22.0,4,727.6,17527.6,20.0
2026-02-03 22:41:34.212,2027.05,31.75,421,0.000,0.00,0.00,0.0,84.4,0.0,87.27,56.66,0.00,26.4,0.0,0.000,934.5,22.0,4,736.4,17536.4,20.0
2026-02-03 22:41:34.262,2028.05,31.52,418,0.000,0.00,0.00,0.0,84.4,0.0,87.27,56.66,0.00,26.4,0.0,0.000,934.5,22.0,4,745.2,17545.2,20.0
2026-02-03 22:41:34.312,2029.05,31.29,415,0.000,0.00,0.00,0.0,84.4,0.0,87.27,56.66,0.00,26.4,0.0,0.000,934.5,22.0,4,753.9,17553.9,20.0
2026-02-03 22:41:34.361,2030.05,31.07,412,0.000,0.00,0.00,0.0,84.4,0.0,87.27,56.66,0.00,26.4,0.0,0.000,934.5,22.0,4,762.5,17562.5,20.0
2026-02-03 22:41:34.412,2031.05,30.84,409,0.000,0.00,0.00,0.0,84.4,0.0,87.27,56.66,0.00,26.4,0.0,0.000,934.5,22.0,4,771.1,17571.1,20.0
2026-02-03 22:41:34.462,2032.05,30.88,409,2.444,5.09,0.00,115.6,90.0,0.0,87.26,56.41,5.09,26.4,287.2,0.242,934.4,22.0,4,779.7,17579.7,20.0
2026-02-03 22:41:34.512,2033.05,30.91,409,2.438,5.08,0.00,115.5,90.0,0.0,87.25,56.40,5.08,26.4,286.5,0.242,934.3,22.0,4,788.2,17588.2,20.0
2026-02-03 22:41:34.562,2034.05,30.94,410,2.433,5.07,0.00,115.3,90.0,0.0,87.25,56.40,5.07,26.4,285.8,0.241,934.3,22.0,4,796.8,17596.8,20.0
2026-02-03 22:41:34.611,2035.05,30.98,410,2.427,5.06,0.00,115.2,89.9,0.0,87.24,56.40,5.06,26.4,285.2,0.241,934.2,22.0,4,805.4,17605.4,20.0
2026-02-03 22:41:34.662,2036.05,31.01,411,2.421,5.04,0.00,115.1,89.9,0.0,87.23,56.40,5.04,26.4,284.5,0.240,934.1,22.0,4,814.1,17614.1,20.0
2026-02-03 22:41:34.712,2037.05,31.04,411,2.416,5.03,0.00,114.9,89.9,0.0,87.23,56.40,5.03,26.4,283.9,0.240,934.0,22.0,4,822.7,17622.7,20.0
2026-02-03 22:41:34.762,2038.05,30.81,408,0.000,0.00,0.00,0.0,84.4,0.0,87.23,56.65,0.00,26.4,0.0,0.000,934.0,22.0,4,831.2,17631.2,20.0
2026-02-03 22:41:34.812,2039.05,30.59,405,0.000,0.00,0.00,0.0,84.4,0.0,87.23,56.65,0.00,26.4,0.0,0.000,934.0,22.0,4,839.7,17639.7,20.0
2026-02-03 22:41:34.861,2040.05,30.37,402,0.000,0.00,0.00,0.0,84.4,0.0,87.23,56.65,0.00,26.4,0.0,0.000,934.0,22.0,4,848.2,17648.2,20.0
2026-02-03 22:41:34.912,2041.05,30.14,399,0.000,0.00,0.00,0.0,84.4,0.0,87.23,56.65,0.00,26.4,0.0,0.000,934.0,22.0,4,856.5,17656.5,20.0
2026-02-03 22:41:34.962,2042.05,29.92,396,0.000,0.00,0.00,0.0,84.4,0.0,87.23,56.65,0.00,26.4,0.0,0.000,934.0,22.0,4,864.9,17664.9,20.0
2026-02-03 22:41:35.012,2043.05,29.97,397,2.535,5.28,0.00,116.2,90.1,0.0,87.22,56.39,5.28,26.4,297.8,0.252,933.9,22.0,4,873.2,17673.2,20.0
2026-02-03 22:41:35.062,2044.05,30.01,398,2.528,5.27,0.00,116.1,90.1,0.0,87.21,56.39,5.27,26.4,296.9,0.251,933.9,22.0,4,881.5,17681.5,20.0
2026-02-03 22:41:35.111,2045.05,29.79,395,0.000,0.00,0.00,0.0,84.4,0.0,87.21,56.65,0.00,26.4,0.0,0.000,933.9,22.0,4,889.8,17689.8,20.0
2026-02-03 22:41:35.162,2046.05,29.84,395,2.557,5.33,0.00,116.7,90.1,0.0,87.21,56.38,5.33,26.4,300.3,0.254,933.8,22.0,4,898.1,17698.1,20.0
2026-02-03 22:41:35.212,2047.05,29.89,396,2.548,5.31,0.00,116.5,90.1,0.0,87.20,56.38,5.31,26.4,299.3,0.253,933.7,22.0,4,906.4,17706.4,20.0
2026-02-03 22:41:35.262,2048.05,29.94,397,2.540,5.29,0.00,116.3,90.1,0.0,87.19,56.38,5.29,26.4,298.4,0.252,933.6,22.0,4,914.7,17714.7,20.0
2026-02-03 22:41:35.311,2049.05,29.99,397,2.532,5.28,0.00,116.2,90.1,0.0,87.19,56.38,5.28,26.4,297.5,0.251,933.5,22.0,4,923.0,17723.0,20.0
2026-02-03 22:41:35.361,2050.05,30.03,398,2.525,5.26,0.00,116.0,90.1,0.0,87.18,56.38,5.26,26.4,296.6,0.250,933.4,22.0,4,931.4,17731.4,20.0
2026-02-03 22:41:35.412,2051.05,29.81,395,0.000,0.00,0.00,0.0,84.4,0.0,87.18,56.65,0.00,26.4,0.0,0.000,933.4,22.0,4,939.7,17739.7,20.0
2026-02-03 22:41:35.462,2052.05,29.86,396,2.554,5.32,0.00,116.6,90.1,0.0,87.17,56.38,5.32,26.4,300.0,0.253,933.4,22.0,4,947.9,17747.9,20.0
2026-02-03 22:41:35.512,2053.05,29.91,396,2.546,5.30,0.00,116.5,90.1,0.0,87.17,56.38,5.30,26.4,299.0,0.253,933.3,22.0,4,956.3,17756.3,20.0
2026-02-03 22:41:35.561,2054.05,29.96,397,2.538,5.29,0.00,116.3,90.1,0.0,87.16,56.38,5.29,26.4,298.1,0.252,933.2,22.0,4,964.6,17764.6,20.0
2026-02-03 22:41:35.611,2055.05,30.00,397,2.530,5.27,0.00,116.1,90.1,0.0,87.15,56.38,5.27,26.4,297.1,0.251,933.1,22.0,4,972.9,17772.9,20.0
2026-02-03 22:41:35.662,2056.05,29.78,394,0.000,0.00,0.00,0.0,84.4,0.0,87.15,56.64,0.00,26.4,0.0,0.000,933.1,22.0,4,981.2,17781.2,20.0
2026-02-03 22:41:35.712,2057.05,29.83,395,2.559,5.33,0.00,116.7,90.1,0.0,87.14,56.37,5.33,26.4,300.5,0.254,933.0,22.0,4,989.5,17789.5,20.0
2026-02-03 22:41:35.762,2058.05,29.88,396,2.551,5.31,0.00,116.6,90.1,0.0,87.14,56.37,5.31,26.4,299.5,0.253,932.9,22.0,4,997.8,17797.8,20.0
2026-02-03 22:41:35.811,2059.05,29.93,396,2.542,5.30,0.00,116.4,90.1,0.0,87.13,56.37,5.30,26.4,298.6,0.252,932.9,22.0,4,1006.1,17806.1,20.0
2026-02-03 22:41:35.862,2060.05,30.19,400,4.549,9.48,0.00,206.1,91.2,0.0,87.12,56.16,9.48,26.4,532.3,0.451,932.7,22.0,4,1014.5,17814.5,20.0
2026-02-03 22:41:35.912,2061.05,30.44,403,4.472,9.32,0.00,204.5,91.1,0.0,87.11,56.17,9.32,26.4,523.3,0.444,932.6,22.0,4,1022.9,17822.9,20.0
2026-02-03 22:41:35.962,2062.05,30.68,406,4.397,9.16,0.00,203.0,91.0,0.0,87.09,56.17,9.16,26.4,514.6,0.436,932.4,22.0,4,1031.4,17831.4,20.0
2026-02-03 22:41:36.012,2063.05,30.92,410,4.325,9.01,0.00,201.4,91.0,0.0,87.08,56.18,9.01,26.4,506.2,0.429,932.3,22.0,4,1040.0,17840.0,20.0
2026-02-03 22:41:36.061,2064.05,31.14,413,4.255,8.87,0.00,199.8,90.9,0.0,87.07,56.18,8.87,26.4,498.1,0.422,932.1,22.0,4,1048.7,17848.7,20.0
2026-02-03 22:41:36.111,2065.05,31.36,415,4.188,8.73,0.00,198.3,90.8,0.0,87.06,56.19,8.73,26.4,490.3,0.416,932.0,22.0,4,1057.4,17857.4,20.0
2026-02-03 22:41:36.162,2066.05,31.57,418,4.123,8.59,0.00,196.7,90.7,0.0,87.05,56.19,8.59,26.4,482.7,0.409,931.9,22.0,4,1066.2,17866.2,20.0
2026-02-03 22:41:36.212,2067.05,31.77,421,4.061,8.46,0.00,195.2,90.7,0.0,87.04,56.20,8.46,26.4,475.4,0.403,931.7,22.0,4,1075.0,17875.0,20.0
2026-02-03 22:41:36.262,2068.05,31.96,423,3.943,8.21,0.00,191.0,90.6,0.0,87.02,56.21,8.21,26.4,461.8,0.391,931.6,22.0,4,1083.9,17883.9,20.0
2026-02-03 22:41:36.312,2069.05,32.15,426,3.887,8.10,0.00,189.5,90.5,0.0,87.01,56.21,8.10,26.4,455.3,0.386,931.5,22.0,4,1092.8,17892.8,20.0
2026-02-03 22:41:36.361,2070.05,32.32,428,3.778,7.87,0.00,185.5,90.4,0.0,87.00,56.22,7.87,26.4,442.5,0.375,931.4,22.0,4,1101.8,17901.8,20.0
2026-02-03 22:41:36.412,2071.05,32.49,430,3.728,7.77,0.00,184.2,90.3,0.0,86.99,56.23,7.77,26.4,436.7,0.370,931.2,22.0,4,1110.8,17910.8,20.0
2026-02-03 22:41:36.462,2072.05,32.64,432,3.626,7.56,0.00,180.2,90.2,0.0,86.98,56.24,7.56,26.4,424.9,0.360,931.1,22.0,4,1119.9,17919.9,20.0
2026-02-03 22:41:36.512,2073.05,32.79,434,3.582,7.46,0.00,179.0,90.2,0.0,86.97,56.24,7.46,26.4,419.7,0.355,931.0,22.0,4,1129.0,17929.0,20.0
2026-02-03 22:41:36.562,2074.05,32.93,436,3.487,7.26,0.00,175.2,90.1,0.0,86.96,56.25,7.26,26.4,408.6,0.346,930.9,22.0,4,1138.1,17938.1,20.0
2026-02-03 22:41:36.611,2075.05,33.06,438,3.448,7.18,0.00,174.1,90.0,0.0,86.95,56.25,7.18,26.4,404.1,0.342,930.8,22.0,4,1147.3,17947.3,20.0
2026-02-03 22:41:36.662,2076.05,33.19,440,3.359,7.00,0.00,170.4,89.9,0.0,86.94,56.26,7.00,26.4,393.7,0.333,930.7,22.0,4,1156.5,17956.5,20.0
2026-02-03 22:41:36.712,2077.05,33.31,441,3.325,6.93,0.00,169.4,89.9,0.0,86.94,56.26,6.93,26.4,389.7,0.330,930.6,22.0,4,1165.8,17965.8,20.0
2026-02-03 22:41:36.762,2078.05,33.42,443,3.291,6.86,0.00,168.4,89.9,0.0,86.93,56.26,6.86,26.4,385.8,0.327,930.5,22.0,4,1175.1,17975.1,20.0
2026-02-03 22:41:36.811,2079.05,33.53,444,3.209,6.69,0.00,164.9,89.8,0.0,86.92,56.27,6.69,26.4,376.2,0.318,930.3,22.0,4,1184.4,17984.4,20.0
2026-02-03 22:41:36.862,2080.05,33.64,446,3.180,6.63,0.00,164.0,89.7,0.0,86.91,56.27,6.63,26.4,372.8,0.315,930.2,22.0,4,1193.7,17993.7,20.0
2026-02-03 22:41:36.912,2081.05,33.74,447,3.152,6.57,0.00,163.1,89.7,0.0,86.90,56.27,6.57,26.4,369.5,0.313,930.1,22.0,4,1203.1,18003.1,20.0
2026-02-03 22:41:36.962,2082.05,33.83,448,3.076,6.41,0.00,159.8,89.6,0.0,86.89,56.28,6.41,26.4,360.6,0.305,930.0,22.0,4,1212.5,18012.5,20.0
2026-02-03 22:41:37.012,2083.05,33.92,449,3.051,6.36,0.00,159.0,89.6,0.0,86.88,56.28,6.36,26.4,357.7,0.303,929.9,22.0,4,1221.9,18021.9,20.0
2026-02-03 22:41:37.062,2084.05,34.00,450,3.027,6.31,0.00,158.2,89.6,0.0,86.88,56.28,6.31,26.4,354.9,0.300,929.8,22.0,4,1231.4,18031.4,20.0
2026-02-03 22:41:37.112,2085.05,34.08,452,2.956,6.16,0.00,155.0,89.5,0.0,86.87,56.29,6.16,26.4,346.7,0.293,929.7,22.0,4,1240.8,18040.8,20.0
2026-02-03 22:41:37.162,2086.05,34.16,453,2.936,6.12,0.00,154.3,89.5,0.0,86.86,56.29,6.12,26.4,344.3,0.291,929.7,22.0,4,1250.3,18050.3,20.0
2026-02-03 22:41:37.212,2087.05,34.23,454,2.916,6.07,0.00,153.6,89.5,0.0,86.85,56.29,6.07,26.4,341.9,0.289,929.6,22.0,4,1259.8,18059.8,20.0
2026-02-03 22:41:37.261,2088.05,34.19,453,1.869,3.89,0.00,98.8,89.4,0.0,86.85,56.40,3.89,26.4,219.5,0.185,929.5,22.0,4,1269.3,18069.3,20.0
2026-02-03 22:41:37.311,2089.05,33.96,450,0.000,0.00,0.00,0.0,84.4,0.0,86.85,56.59,0.00,26.4,0.0,0.000,929.5,22.0,4,1278.8,18078.8,20.0
2026-02-03 22:41:37.362,2090.05,33.73,447,0.000,0.00,0.00,0.0,84.4,0.0,86.85,56.59,0.00,26.4,0.0,0.000,929.5,22.0,4,1288.1,18088.1,20.0
2026-02-03 22:41:37.412,2091.05,33.49,444,0.000,0.00,0.00,0.0,84.4,0.0,86.85,56.59,0.00,26.4,0.0,0.000,929.5,22.0,4,1297.4,18097.4,20.0
2026-02-03 22:41:37.462,2092.05,33.26,441,0.000,0.00,0.00,0.0,84.4,0.0,86.85,56.59,0.00,26.4,0.0,0.000,929.5,22.0,4,1306.7,18106.7,20.0
2026-02-03 22:41:37.512,2093.05,33.03,438,0.000,0.00,0.00,0.0,84.4,0.0,86.85,56.59,0.00,26.4,0.0,0.000,929.5,22.0,4,1315.8,18115.8,20.0
2026-02-03 22:41:37.562,2094.05,32.80,434,0.000,0.00,0.00,0.0,84.4,0.0,86.85,56.59,0.00,26.4,0.0,0.000,929.5,22.0,4,1324.9,18124.9,20.0
2026-02-03 22:41:37.611,2095.05,32.57,431,0.000,0.00,0.00,0.0,84.4,0.0,86.85,56.59,0.00,26.4,0.0,0.000,929.5,22.0,4,1334.0,18134.0,20.0
2026-02-03 22:41:37.662,2096.05,32.34,428,0.000,0.00,0.00,0.0,84.4,0.0,86.85,56.59,0.00,26.4,0.0,0.000,929.5,22.0,4,1343.0,18143.0,20.0
2026-02-03 22:41:37.712,2097.05,32.11,425,0.000,0.00,0.00,0.0,84.4,0.0,86.85,56.59,0.00,26.4,0.0,0.000,929.5,22.0,4,1351.9,18151.9,20.0
2026-02-03 22:41:37.762,2098.05,31.88,422,0.000,0.00,0.00,0.0,84.4,0.0,86.85,56.59,0.00,26.4,0.0,0.000,929.5,22.0,4,1360.7,18160.7,20.0
2026-02-03 22:41:37.811,2099.05,31.65,419,0.000,0.00,0.00,0.0,84.4,0.0,86.85,56.59,0.00,26.4,0.0,0.000,929.5,22.0,4,1369.5,18169.5,20.0
2026-02-03 22:41:37.862,2100.05,31.42,416,0.000,0.00,0.00,0.0,84.4,0.0,86.85,56.59,0.00,26.4,0.0,0.000,929.5,22.0,4,1378.3,18178.3,20.0
2026-02-03 22:41:37.912,2101.05,31.20,413,0.000,0.00,0.00,0.0,84.4,0.0,86.85,56.59,0.00,26.4,0.0,0.000,929.5,22.0,4,1386.9,18186.9,20.0
2026-02-03 22:41:37.962,2102.05,30.97,410,0.000,0.00,0.00,0.0,84.4,0.0,86.85,56.59,0.00,26.4,0.0,0.000,929.5,22.0,4,1395.5,18195.5,20.0
2026-02-03 22:41:38.012,2103.05,30.75,407,0.000,0.00,0.00,0.0,84.4,0.0,86.85,56.59,0.00,26.4,0.0,0.000,929.5,22.0,4,1404.1,18204.1,20.0
2026-02-03 22:41:38.061,2104.05,30.52,404,0.000,0.00,0.00,0.0,84.4,0.0,86.85,56.59,0.00,26.4,0.0,0.000,929.5,22.0,4,1412.6,18212.6,20.0
2026-02-03 22:41:38.112,2105.05,30.30,401,0.000,0.00,0.00,0.0,84.4,0.0,86.85,56.59,0.00,26.4,0.0,0.000,929.5,22.0,4,1421.0,18221.0,20.0
2026-02-03 22:41:38.162,2106.05,30.08,398,0.000,0.00,0.00,0.0,84.4,0.0,86.85,56.59,0.00,26.4,0.0,0.000,929.5,22.0,4,1429.3,18229.3,20.0
2026-02-03 22:41:38.212,2107.05,29.86,395,0.000,0.00,0.00,0.0,84.4,0.0,86.85,56.59,0.00,26.4,0.0,0.000,929.5,22.0,4,1437.6,18237.6,20.0
2026-02-03 22:41:38.261,2108.05,29.64,393,0.000,0.00,0.00,0.0,84.4,0.0,86.85,56.59,0.00,26.4,0.0,0.000,929.5,22.0,4,1445.9,18245.9,20.0
2026-02-03 22:41:38.312,2109.05,29.42,390,0.000,0.00,0.00,0.0,84.4,0.0,86.85,56.59,0.00,26.4,0.0,0.000,929.5,22.0,4,1454.0,18254.0,20.0
2026-02-03 22:41:38.362,2110.05,29.20,387,0.000,0.00,0.00,0.0,84.4,0.0,86.85,56.59,0.00,26.4,0.0,0.000,929.5,22.0,4,1462.1,18262.1,20.0
2026-02-03 22:41:38.412,2111.05,28.98,384,0.000,0.00,0.00,0.0,84.4,0.0,86.85,56.59,0.00,26.4,0.0,0.000,929.5,22.0,4,1470.2,18270.2,20.0
2026-02-03 22:41:38.462,2112.05,28.76,381,0.000,0.00,0.00,0.0,84.4,0.0,86.85,56.59,0.00,26.4,0.0,0.000,929.5,22.0,4,1478.2,18278.2,20.0
2026-02-03 22:41:38.511,2113.05,28.54,378,0.000,0.00,0.00,0.0,84.4,0.0,86.85,56.59,0.00,26.4,0.0,0.000,929.5,22.0,4,1486.1,18286.1,20.0
2026-02-03 22:41:38.562,2114.05,28.32,375,0.000,0.00,0.00,0.0,84.4,0.0,86.85,56.59,0.00,26.4,0.0,0.000,929.5,22.0,4,1494.0,18294.0,20.0
2026-02-03 22:41:38.612,2115.05,28.11,372,0.000,0.00,0.00,0.0,84.4,0.0,86.85,56.59,0.00,26.4,0.0,0.000,929.5,22.0,4,1501.8,18301.8,20.0
2026-02-03 22:41:38.662,2116.05,27.89,369,0.000,0.00,0.00,0.0,84.4,0.0,86.85,56.59,0.00,26.4,0.0,0.000,929.5,22.0,4,1509.5,18309.5,20.0
2026-02-03 22:41:38.711,2117.05,27.67,367,0.000,0.00,0.00,0.0,84.4,0.0,86.85,56.59,0.00,26.4,0.0,0.000,929.5,22.0,4,1517.2,18317.2,20.0
2026-02-03 22:41:38.762,2118.05,27.46,364,0.000,0.00,0.00,0.0,84.4,0.0,86.85,56.59,0.00,26.4,0.0,0.000,929.5,22.0,4,1524.8,18324.8,20.0
2026-02-03 22:41:38.812,2119.05,27.25,361,0.000,0.00,0.00,0.0,84.4,0.0,86.85,56.59,0.00,26.4,0.0,0.000,929.5,22.0,4,1532.4,18332.4,20.0
2026-02-03 22:41:38.862,2120.05,27.03,358,0.000,0.00,0.00,0.0,84.4,0.0,86.85,56.59,0.00,26.4,0.0,0.000,929.5,22.0,4,1539.9,18339.9,20.0
2026-02-03 22:41:38.911,2121.05,26.82,355,0.000,0.00,0.00,0.0,84.4,0.0,86.85,56.59,0.00,26.4,0.0,0.000,929.5,22.0,4,1547.4,18347.4,20.0
2026-02-03 22:41:38.962,2122.05,26.61,352,0.000,0.00,0.00,0.0,84.4,0.0,86.85,56.59,0.00,26.4,0.0,0.000,929.5,22.0,4,1554.8,18354.8,20.0
2026-02-03 22:41:39.012,2123.05,26.98,357,5.536,11.53,0.00,220.5,92.2,0.0,86.83,56.01,11.53,26.4,646.0,0.549,929.3,22.0,4,1562.3,18362.3,20.0
2026-02-03 22:41:39.062,2124.05,27.33,362,5.347,11.14,0.00,216.4,92.0,0.0,86.82,56.03,11.14,26.4,624.1,0.530,929.1,22.0,4,1569.8,18369.8,20.0
2026-02-03 22:41:39.111,2125.05,27.67,366,5.168,10.77,0.00,212.4,91.8,0.0,86.80,56.04,10.77,26.4,603.4,0.513,929.0,22.0,4,1577.5,18377.5,20.0
2026-02-03 22:41:39.162,2126.05,27.98,371,4.997,10.41,0.00,208.2,91.7,0.0,86.79,56.06,10.41,26.4,583.6,0.496,928.8,22.0,4,1585.3,18385.3,20.0
2026-02-03 22:41:39.212,2127.05,28.28,375,4.834,10.07,0.00,204.1,91.5,0.0,86.77,56.07,10.07,26.4,564.8,0.480,928.7,22.0,4,1593.2,18393.2,20.0
2026-02-03 22:41:39.262,2128.05,28.56,378,4.679,9.75,0.00,200.0,91.3,0.0,86.76,56.09,9.75,26.4,546.8,0.464,928.5,22.0,4,1601.1,18401.1,20.0
2026-02-03 22:41:39.312,2129.05,28.82,382,4.532,9.44,0.00,196.0,91.2,0.0,86.75,56.10,9.44,26.4,529.7,0.450,928.4,22.0,4,1609.1,18409.1,20.0
2026-02-03 22:41:39.361,2130.05,29.06,385,4.391,9.15,0.00,191.9,91.0,0.0,86.74,56.11,9.15,26.4,513.3,0.436,928.2,22.0,4,1617.2,18417.2,20.0
2026-02-03 22:41:39.412,2131.05,29.30,388,4.256,8.87,0.00,187.9,90.9,0.0,86.73,56.13,8.87,26.4,497.7,0.422,928.1,22.0,4,1625.3,18425.3,20.0
2026-02-03 22:41:39.462,2132.05,29.52,391,4.195,8.74,0.00,186.8,90.8,0.0,86.71,56.13,8.74,26.4,490.6,0.416,927.9,22.0,4,1633.5,18433.5,20.0
2026-02-03 22:41:39.512,2133.05,29.73,394,4.069,8.48,0.00,182.9,90.7,0.0,86.70,56.14,8.48,26.4,476.0,0.404,927.8,22.0,4,1641.8,18441.8,20.0
2026-02-03 22:41:39.562,2134.05,29.93,396,3.949,8.23,0.00,179.0,90.6,0.0,86.69,56.15,8.23,26.4,462.0,0.392,927.7,22.0,4,1650.1,18450.1,20.0
2026-02-03 22:41:39.612,2135.05,30.12,399,3.899,8.12,0.00,178.0,90.5,0.0,86.68,56.16,8.12,26.4,456.1,0.387,927.6,22.0,4,1658.4,18458.4,20.0
2026-02-03 22:41:39.662,2136.05,30.30,401,3.786,7.89,0.00,174.1,90.4,0.0,86.67,56.17,7.89,26.4,443.0,0.376,927.4,22.0,4,1666.9,18466.9,20.0
2026-02-03 22:41:39.712,2137.05,30.35,402,2.536,5.28,0.00,117.7,90.1,0.0,86.66,56.30,5.28,26.4,297.5,0.252,927.3,22.0,4,1675.3,18475.3,20.0
2026-02-03 22:41:39.762,2138.05,30.39,403,2.528,5.27,0.00,117.6,90.1,0.0,86.66,56.29,5.27,26.4,296.5,0.251,927.3,22.0,4,1683.7,18483.7,20.0
2026-02-03 22:41:39.811,2139.05,30.43,403,2.521,5.25,0.00,117.4,90.0,0.0,86.65,56.29,5.25,26.4,295.6,0.250,927.2,22.0,4,1692.2,18492.2,20.0
2026-02-03 22:41:39.861,2140.05,30.48,404,2.513,5.24,0.00,117.2,90.0,0.0,86.64,56.29,5.24,26.4,294.8,0.249,927.1,22.0,4,1700.7,18500.7,20.0
2026-02-03 22:41:39.912,2141.05,30.25,401,0.000,0.00,0.00,0.0,84.4,0.0,86.64,56.56,0.00,26.4,0.0,0.000,927.1,22.0,4,1709.1,18509.1,20.0
2026-02-03 22:41:39.962,2142.05,30.03,398,0.000,0.00,0.00,0.0,84.4,0.0,86.64,56.56,0.00,26.4,0.0,0.000,927.1,22.0,4,1717.4,18517.4,20.0
2026-02-03 22:41:40.012,2143.05,29.81,395,0.000,0.00,0.00,0.0,84.4,0.0,86.64,56.56,0.00,26.4,0.0,0.000,927.1,22.0,4,1725.7,18525.7,20.0
2026-02-03 22:41:40.061,2144.05,29.59,392,0.000,0.00,0.00,0.0,84.4,0.0,86.64,56.56,0.00,26.4,0.0,0.000,927.1,22.0,4,1733.9,18533.9,20.0
2026-02-03 22:41:40.112,2145.05,29.37,389,0.000,0.00,0.00,0.0,84.4,0.0,86.64,56.56,0.00,26.4,0.0,0.000,927.1,22.0,4,1742.1,18542.1,20.0
2026-02-03 22:41:40.162,2146.05,29.15,386,0.000,0.00,0.00,0.0,84.4,0.0,86.64,56.56,0.00,26.4,0.0,0.000,927.1,22.0,4,1750.2,18550.2,20.0
2026-02-03 22:41:40.212,2147.05,28.93,383,0.000,0.00,0.00,0.0,84.4,0.0,86.64,56.56,0.00,26.4,0.0,0.000,927.1,22.0,4,1758.2,18558.2,20.0
2026-02-03 22:41:40.261,2148.05,28.71,380,0.000,0.00,0.00,0.0,84.4,0.0,86.64,56.56,0.00,26.4,0.0,0.000,927.1,22.0,4,1766.2,18566.2,20.0
2026-02-03 22:41:40.312,2149.05,28.49,377,0.000,0.00,0.00,0.0,84.4,0.0,86.64,56.56,0.00,26.4,0.0,0.000,927.1,22.0,4,1774.1,18574.1,20.0
2026-02-03 22:41:40.362,2150.05,28.28,375,0.000,0.00,0.00,0.0,84.4,0.0,86.64,56.56,0.00,26.4,0.0,0.000,927.1,22.0,4,1781.9,18581.9,20.0
2026-02-03 22:41:40.412,2151.05,28.06,372,0.000,0.00,0.00,0.0,84.4,0.0,86.64,56.56,0.00,26.4,0.0,0.000,927.1,22.0,4,1789.7,18589.7,20.0
2026-02-03 22:41:40.462,2152.05,27.84,369,0.000,0.00,0.00,0.0,84.4,0.0,86.64,56.56,0.00,26.4,0.0,0.000,927.1,22.0,4,1797.5,18597.5,20.0
2026-02-03 22:41:40.512,2153.05,27.63,366,0.000,0.00,0.00,0.0,84.4,0.0,86.64,56.56,0.00,26.4,0.0,0.000,927.1,22.0,4,1805.1,18605.1,20.0
2026-02-03 22:41:40.562,2154.05,27.41,363,0.000,0.00,0.00,0.0,84.4,0.0,86.64,56.56,0.00,26.4,0.0,0.000,927.1,22.0,4,1812.8,18612.8,20.0
2026-02-03 22:41:40.611,2155.05,27.20,360,0.000,0.00,0.00,0.0,84.4,0.0,86.64,56.56,0.00,26.4,0.0,0.000,927.1,22.0,4,1820.3,18620.3,20.0
2026-02-03 22:41:40.661,2156.05,26.99,357,0.000,0.00,0.00,0.0,84.4,0.0,86.64,56.56,0.00,26.4,0.0,0.000,927.1,22.0,4,1827.8,18627.8,20.0
2026-02-03 22:41:40.712,2157.05,27.08,359,2.944,6.13,0.00,122.5,89.5,0.0,86.63,56.25,6.13,26.4,345.0,0.292,927.0,22.0,4,1835.3,18635.3,20.0
2026-02-03 22:41:40.762,2158.05,26.87,356,0.000,0.00,0.00,0.0,84.4,0.0,86.63,56.55,0.00,26.4,0.0,0.000,927.0,22.0,4,1842.8,18642.8,20.0
2026-02-03 22:41:40.812,2159.05,26.97,357,2.962,6.17,0.00,122.7,89.5,0.0,86.63,56.24,6.17,26.4,347.1,0.294,926.9,22.0,4,1850.3,18650.3,20.0
2026-02-03 22:41:40.862,2160.05,27.07,359,2.946,6.14,0.00,122.5,89.5,0.0,86.62,56.24,6.14,26.4,345.2,0.292,926.8,22.0,4,1857.8,18657.8,20.0
2026-02-03 22:41:40.912,2161.05,26.86,356,0.000,0.00,0.00,0.0,84.4,0.0,86.62,56.55,0.00,26.4,0.0,0.000,926.8,22.0,4,1865.3,18665.3,20.0
2026-02-03 22:41:40.961,2162.05,26.96,357,2.964,6.18,0.00,122.7,89.5,0.0,86.61,56.24,6.18,26.4,347.3,0.294,926.7,22.0,4,1872.8,18672.8,20.0
2026-02-03 22:41:41.012,2163.05,27.06,358,2.948,6.14,0.00,122.6,89.5,0.0,86.60,56.24,6.14,26.4,345.4,0.292,926.6,22.0,4,1880.3,18680.3,20.0
2026-02-03 22:41:41.062,2164.05,26.85,356,0.000,0.00,0.00,0.0,84.4,0.0,86.60,56.55,0.00,26.4,0.0,0.000,926.6,22.0,4,1887.7,18687.7,20.0
2026-02-03 22:41:41.112,2165.05,26.95,357,2.966,6.18,0.00,122.8,89.5,0.0,86.59,56.24,6.18,26.4,347.6,0.294,926.5,22.0,4,1895.2,18695.2,20.0
2026-02-03 22:41:41.161,2166.05,27.05,358,2.950,6.15,0.00,122.6,89.5,0.0,86.59,56.24,6.15,26.4,345.6,0.293,926.4,22.0,4,1902.7,18702.7,20.0
2026-02-03 22:41:41.212,2167.05,27.27,361,4.092,8.53,0.00,168.4,90.7,0.0,86.57,56.12,8.53,26.4,478.4,0.406,926.3,22.0,4,1910.3,18710.3,20.0
2026-02-03 22:41:41.262,2168.05,27.48,364,4.043,8.42,0.00,167.9,90.7,0.0,86.56,56.12,8.42,26.4,472.7,0.401,926.2,22.0,4,1917.9,18717.9,20.0
2026-02-03 22:41:41.312,2169.05,27.68,367,3.919,8.16,0.00,164.2,90.5,0.0,86.55,56.13,8.16,26.4,458.3,0.389,926.0,22.0,4,1925.6,18725.6,20.0
2026-02-03 22:41:41.362,2170.05,27.87,369,3.800,7.92,0.00,160.6,90.4,0.0,86.54,56.14,7.92,26.4,444.5,0.377,925.9,22.0,4,1933.4,18733.4,20.0
2026-02-03 22:41:41.411,2171.05,28.05,372,3.760,7.83,0.00,160.1,90.4,0.0,86.53,56.15,7.83,26.4,439.8,0.373,925.8,22.0,4,1941.2,18741.2,20.0
2026-02-03 22:41:41.462,2172.05,28.14,373,2.845,5.93,0.00,121.8,90.4,0.0,86.52,56.24,5.93,26.4,333.3,0.282,925.7,22.0,4,1949.0,18749.0,20.0
2026-02-03 22:41:41.512,2173.05,28.22,374,2.831,5.90,0.00,121.6,90.4,0.0,86.52,56.24,5.90,26.4,331.7,0.281,925.6,22.0,4,1956.8,18756.8,20.0
2026-02-03 22:41:41.562,2174.05,28.30,375,2.817,5.87,0.00,121.4,90.4,0.0,86.51,56.24,5.87,26.4,330.1,0.279,925.5,22.0,4,1964.7,18764.7,20.0
2026-02-03 22:41:41.612,2175.05,28.38,376,2.803,5.84,0.00,121.2,90.3,0.0,86.50,56.24,5.84,26.4,328.5,0.278,925.4,22.0,4,1972.6,18772.6,20.0
2026-02-03 22:41:41.662,2176.05,28.46,377,2.790,5.81,0.00,121.0,90.3,0.0,86.49,56.24,5.81,26.4,326.9,0.277,925.3,22.0,4,1980.5,18780.5,20.0
2026-02-03 22:41:41.711,2177.05,28.54,378,2.777,5.79,0.00,120.8,90.3,0.0,86.48,56.24,5.79,26.4,325.4,0.276,925.2,22.0,4,1988.4,18788.4,20.0
2026-02-03 22:41:41.762,2178.05,28.61,379,2.764,5.76,0.00,120.6,90.3,0.0,86.48,56.24,5.76,26.4,323.9,0.274,925.2,22.0,4,1996.3,18796.3,20.0
2026-02-03 22:41:41.812,2179.05,28.69,380,2.752,5.73,0.00,120.4,90.3,0.0,86.47,56.24,5.73,26.4,322.4,0.273,925.1,22.0,4,2004.3,18804.3,20.0
2026-02-03 22:41:41.862,2180.05,28.76,381,2.740,5.71,0.00,120.1,90.3,0.0,86.46,56.24,5.71,26.4,321.0,0.272,925.0,22.0,4,2012.3,18812.3,20.0
2026-02-03 22:41:41.912,2181.05,28.83,382,2.728,5.68,0.00,119.9,90.3,0.0,86.45,56.24,5.68,26.4,319.6,0.271,924.9,22.0,4,2020.3,18820.3,20.0
2026-02-03 22:41:41.962,2182.05,28.90,383,2.716,5.66,0.00,119.7,90.3,0.0,86.45,56.24,5.66,26.4,318.2,0.269,924.8,22.0,4,2028.3,18828.3,20.0
2026-02-03 22:41:42.012,2183.05,28.97,384,2.705,5.63,0.00,119.5,90.2,0.0,86.44,56.24,5.63,26.4,316.9,0.268,924.7,22.0,4,2036.4,18836.4,20.0
2026-02-03 22:41:42.062,2184.05,29.03,385,2.693,5.61,0.00,119.3,90.2,0.0,86.43,56.24,5.61,26.4,315.6,0.267,924.6,22.0,4,2044.4,18844.4,20.0
2026-02-03 22:41:42.111,2185.05,29.10,385,2.682,5.59,0.00,119.1,90.2,0.0,86.42,56.24,5.59,26.4,314.3,0.266,924.5,22.0,4,2052.5,18852.5,20.0
2026-02-03 22:41:42.162,2186.05,29.16,386,2.671,5.57,0.00,118.9,90.2,0.0,86.42,56.24,5.57,26.4,313.0,0.265,924.4,22.0,4,2060.6,18860.6,20.0
2026-02-03 22:41:42.212,2187.05,29.23,387,2.661,5.54,0.00,118.7,90.2,0.0,86.41,56.24,5.54,26.4,311.8,0.264,924.4,22.0,4,2068.7,18868.7,20.0
2026-02-03 22:41:42.262,2188.05,29.29,388,2.651,5.52,0.00,118.5,90.2,0.0,86.40,56.24,5.52,26.4,310.6,0.263,924.3,22.0,4,2076.9,18876.9,20.0
2026-02-03 22:41:42.311,2189.05,29.35,389,2.640,5.50,0.00,118.3,90.2,0.0,86.40,56.24,5.50,26.4,309.4,0.262,924.2,22.0,4,2085.0,18885.0,20.0
2026-02-03 22:41:42.361,2190.05,29.41,390,2.630,5.48,0.00,118.2,90.2,0.0,86.39,56.24,5.48,26.4,308.2,0.261,924.1,22.0,4,2093.2,18893.2,20.0
2026-02-03 22:41:42.412,2191.05,29.46,390,2.621,5.46,0.00,118.0,90.2,0.0,86.38,56.24,5.46,26.4,307.1,0.260,924.0,22.0,4,2101.4,18901.4,20.0
2026-02-03 22:41:42.462,2192.05,29.52,391,2.611,5.44,0.00,117.8,90.1,0.0,86.37,56.24,5.44,26.4,305.9,0.259,923.9,22.0,4,2109.6,18909.6,20.0
2026-02-03 22:41:42.512,2193.05,29.58,392,2.602,5.42,0.00,117.6,90.1,0.0,86.37,56.24,5.42,26.4,304.8,0.258,923.8,22.0,4,2117.8,18917.8,20.0
2026-02-03 22:41:42.562,2194.05,29.63,392,2.593,5.40,0.00,117.4,90.1,0.0,86.36,56.24,5.40,26.4,303.8,0.257,923.8,22.0,4,2126.0,18926.0,20.0
2026-02-03 22:41:42.611,2195.05,29.68,393,2.584,5.38,0.00,117.2,90.1,0.0,86.35,56.24,5.38,26.4,302.7,0.256,923.7,22.0,4,2134.3,18934.3,20.0
2026-02-03 22:41:42.662,2196.05,29.73,394,2.575,5.36,0.00,117.1,90.1,0.0,86.35,56.24,5.36,26.4,301.7,0.255,923.6,22.0,4,2142.5,18942.5,20.0
2026-02-03 22:41:42.712,2197.05,29.79,395,2.566,5.35,0.00,116.9,90.1,0.0,86.34,56.24,5.35,26.4,300.7,0.255,923.5,22.0,4,2150.8,18950.8,20.0
2026-02-03 22:41:42.762,2198.05,29.84,395,2.558,5.33,0.00,116.7,90.1,0.0,86.33,56.24,5.33,26.4,299.7,0.254,923.4,22.0,4,2159.1,18959.1,20.0
2026-02-03 22:41:42.812,2199.05,29.88,396,2.550,5.31,0.00,116.5,90.1,0.0,86.32,56.24,5.31,26.4,298.7,0.253,923.3,22.0,4,2167.4,18967.4,20.0
2026-02-03 22:41:42.861,2200.05,29.93,396,2.542,5.29,0.00,116.4,90.1,0.0,86.32,56.24,5.29,26.4,297.8,0.252,923.3,22.0,4,2175.7,18975.7,20.0
2026-02-03 22:41:42.912,2201.05,29.98,397,2.534,5.28,0.00,116.2,90.1,0.0,86.31,56.24,5.28,26.4,296.8,0.251,923.2,22.0,4,2184.0,18984.0,20.0
2026-02-03 22:41:42.962,2202.05,30.02,398,2.526,5.26,0.00,116.0,90.1,0.0,86.30,56.24,5.26,26.4,295.9,0.251,923.1,22.0,4,2192.4,18992.4,20.0
2026-02-03 22:41:43.012,2203.05,30.08,398,2.583,5.38,0.00,118.8,90.1,0.0,86.30,56.23,5.38,26.4,302.6,0.256,923.0,22.0,4,2200.7,19000.7,20.0
2026-02-03 22:41:43.061,2204.05,30.33,402,4.505,9.38,0.00,205.2,91.1,0.0,86.28,56.03,9.38,26.4,525.8,0.447,922.9,22.0,4,2209.2,19009.2,20.0
2026-02-03 22:41:43.112,2205.05,30.58,405,4.429,9.23,0.00,203.7,91.1,0.0,86.27,56.03,9.23,26.4,517.0,0.439,922.7,22.0,4,2217.7,19017.7,20.0
2026-02-03 22:41:43.162,2206.05,30.82,408,4.356,9.07,0.00,202.1,91.0,0.0,86.26,56.04,9.07,26.4,508.5,0.432,922.6,22.0,4,2226.2,19026.2,20.0
2026-02-03 22:41:43.212,2207.05,31.05,411,4.285,8.93,0.00,200.5,90.9,0.0,86.25,56.04,8.93,26.4,500.3,0.425,922.4,22.0,4,2234.8,19034.8,20.0
2026-02-03 22:41:43.261,2208.05,31.27,414,4.217,8.78,0.00,198.9,90.8,0.0,86.24,56.05,8.78,26.4,492.4,0.418,922.3,22.0,4,2243.5,19043.5,20.0
2026-02-03 22:41:43.311,2209.05,31.48,417,4.151,8.65,0.00,197.4,90.8,0.0,86.22,56.05,8.65,26.4,484.7,0.412,922.2,22.0,4,2252.3,19052.3,20.0
2026-02-03 22:41:43.362,2210.05,31.69,420,4.087,8.52,0.00,195.8,90.7,0.0,86.21,56.06,8.52,26.4,477.3,0.405,922.0,22.0,4,2261.1,19061.1,20.0
2026-02-03 22:41:43.412,2211.05,31.88,422,3.968,8.27,0.00,191.6,90.6,0.0,86.20,56.07,8.27,26.4,463.6,0.394,921.9,22.0,4,2269.9,19069.9,20.0
2026-02-03 22:41:43.462,2212.05,32.07,425,3.912,8.15,0.00,190.2,90.5,0.0,86.19,56.07,8.15,26.5,457.0,0.388,921.8,22.0,4,2278.8,19078.8,20.0
2026-02-03 22:41:43.511,2213.05,32.24,427,3.801,7.92,0.00,186.1,90.4,0.0,86.18,56.08,7.92,26.5,444.1,0.377,921.7,22.0,4,2287.8,19087.8,20.0
2026-02-03 22:41:43.562,2214.05,32.41,429,3.751,7.81,0.00,184.8,90.3,0.0,86.17,56.09,7.81,26.5,438.3,0.372,921.5,22.0,4,2296.8,19096.8,20.0
2026-02-03 22:41:43.612,2215.05,32.57,431,3.648,7.60,0.00,180.8,90.2,0.0,86.16,56.10,7.60,26.5,426.3,0.362,921.4,22.0,4,2305.8,19105.8,20.0
2026-02-03 22:41:43.662,2216.05,32.72,433,3.603,7.51,0.00,179.6,90.2,0.0,86.15,56.10,7.51,26.5,421.1,0.357,921.3,22.0,4,2314.9,19114.9,20.0
2026-02-03 22:41:43.712,2217.05,32.86,435,3.507,7.31,0.00,175.8,90.1,0.0,86.14,56.11,7.31,26.5,409.9,0.348,921.2,22.0,4,2324.1,19124.1,20.0
2026-02-03 22:41:43.762,2218.05,33.00,437,3.467,7.22,0.00,174.6,90.1,0.0,86.13,56.11,7.22,26.5,405.3,0.344,921.1,22.0,4,2333.2,19133.2,20.0
2026-02-03 22:41:43.811,2219.05,33.13,439,3.429,7.14,0.00,173.5,90.0,0.0,86.12,56.11,7.14,26.5,400.8,0.340,921.0,22.0,4,2342.4,19142.4,20.0
2026-02-03 22:41:43.862,2220.05,33.25,441,3.341,6.96,0.00,169.9,89.9,0.0,86.11,56.12,6.96,26.5,390.6,0.331,920.9,22.0,4,2351.7,19151.7,20.0
2026-02-03 22:41:43.912,2221.05,33.37,442,3.307,6.89,0.00,168.9,89.9,0.0,86.10,56.12,6.89,26.5,386.6,0.328,920.8,22.0,4,2360.9,19160.9,20.0
2026-02-03 22:41:43.962,2222.05,33.48,444,3.224,6.72,0.00,165.4,89.8,0.0,86.10,56.13,6.72,26.5,377.0,0.320,920.6,22.0,4,2370.2,19170.2,20.0
2026-02-03 22:41:44.012,2223.05,33.58,445,3.194,6.65,0.00,164.4,89.8,0.0,86.09,56.13,6.65,26.5,373.5,0.317,920.5,22.0,4,2379.6,19179.6,20.0
2026-02-03 22:41:44.061,2224.05,33.69,446,3.166,6.60,0.00,163.5,89.7,0.0,86.08,56.13,6.60,26.5,370.2,0.314,920.4,22.0,4,2388.9,19188.9,20.0
2026-02-03 22:41:44.112,2225.05,33.78,448,3.089,6.44,0.00,160.2,89.7,0.0,86.07,56.14,6.44,26.5,361.3,0.306,920.3,22.0,4,2398.3,19198.3,20.0
2026-02-03 22:41:44.162,2226.05,33.87,449,3.064,6.38,0.00,159.4,89.6,0.0,86.06,56.14,6.38,26.5,358.3,0.304,920.2,22.0,4,2407.7,19207.7,20.0
2026-02-03 22:41:44.212,2227.05,33.96,450,3.040,6.33,0.00,158.6,89.6,0.0,86.05,56.14,6.33,26.5,355.5,0.302,920.1,22.0,4,2417.1,19217.1,20.0
2026-02-03 22:41:44.261,2228.05,34.04,451,3.016,6.28,0.00,157.8,89.6,0.0,86.04,56.14,6.28,26.5,352.8,0.299,920.0,22.0,4,2426.6,19226.6,20.0
2026-02-03 22:41:44.312,2229.05,34.12,452,2.946,6.14,0.00,154.6,89.5,0.0,86.04,56.15,6.14,26.5,344.6,0.292,919.9,22.0,4,2436.1,19236.1,20.0
2026-02-03 22:41:44.362,2230.05,34.20,453,2.925,6.09,0.00,154.0,89.5,0.0,86.03,56.15,6.09,26.5,342.2,0.290,919.9,22.0,4,2445.6,19245.6,20.0
2026-02-03 22:41:44.412,2231.05,34.27,454,2.906,6.05,0.00,153.3,89.5,0.0,86.02,56.15,6.05,26.5,339.9,0.288,919.8,22.0,4,2455.1,19255.1,20.0
2026-02-03 22:41:44.461,2232.05,34.34,455,2.887,6.01,0.00,152.6,89.4,0.0,86.01,56.15,6.01,26.5,337.7,0.286,919.7,22.0,4,2464.6,19264.6,20.0
2026-02-03 22:41:44.512,2233.05,34.40,456,2.822,5.88,0.00,148.0,90.4,0.0,86.00,56.15,5.88,26.5,330.1,0.280,919.6,22.0,4,2474.2,19274.2,20.0
2026-02-03 22:41:44.562,2234.05,34.46,457,2.806,5.84,0.00,147.4,90.4,0.0,86.00,56.16,5.84,26.5,328.2,0.278,919.5,22.0,4,2483.8,19283.8,20.0
2026-02-03 22:41:44.612,2235.05,34.52,457,2.790,5.81,0.00,146.9,90.3,0.0,85.99,56.16,5.81,26.5,326.4,0.277,919.4,22.0,4,2493.3,19293.3,20.0
2026-02-03 22:41:44.661,2236.05,34.58,458,2.774,5.78,0.00,146.4,90.3,0.0,85.98,56.16,5.78,26.5,324.6,0.275,919.3,22.0,4,2503.0,19303.0,20.0
2026-02-03 22:41:44.712,2237.05,34.64,459,2.759,5.75,0.00,145.8,90.3,0.0,85.97,56.16,5.75,26.5,322.8,0.274,919.2,22.0,4,2512.6,19312.6,20.0
2026-02-03 22:41:44.762,2238.05,34.69,460,2.745,5.72,0.00,145.3,90.3,0.0,85.97,56.16,5.72,26.5,321.1,0.272,919.1,22.0,4,2522.2,19322.2,20.0
2026-02-03 22:41:44.812,2239.05,34.74,460,2.686,5.60,0.00,142.5,90.2,0.0,85.96,56.16,5.60,26.5,314.3,0.266,919.0,22.0,4,2531.9,19331.9,20.0
2026-02-03 22:41:44.862,2240.05,34.78,461,2.674,5.57,0.00,142.1,90.2,0.0,85.95,56.16,5.57,26.5,312.9,0.265,918.9,22.0,4,2541.5,19341.5,20.0
2026-02-03 22:41:44.912,2241.05,34.83,461,2.662,5.55,0.00,141.7,90.2,0.0,85.94,56.16,5.55,26.5,311.5,0.264,918.9,22.0,4,2551.2,19351.2,20.0
2026-02-03 22:41:44.962,2242.05,34.87,462,2.651,5.52,0.00,141.3,90.2,0.0,85.94,56.16,5.52,26.5,310.2,0.263,918.8,22.0,4,2560.9,19360.9,20.0
2026-02-03 22:41:45.012,2243.05,34.91,463,2.640,5.50,0.00,140.9,90.2,0.0,85.93,56.16,5.50,26.5,308.9,0.262,918.7,22.0,4,2570.6,19370.6,20.0
2026-02-03 22:41:45.062,2244.05,34.96,463,2.629,5.48,0.00,140.5,90.2,0.0,85.92,56.16,5.48,26.5,307.6,0.261,918.6,22.0,4,2580.3,19380.3,20.0
2026-02-03 22:41:45.111,2245.05,34.99,464,2.619,5.46,0.00,140.1,90.2,0.0,85.91,56.16,5.46,26.5,306.4,0.260,918.5,22.0,4,2590.0,19390.0,20.0
2026-02-03 22:41:45.162,2246.05,35.03,464,2.609,5.43,0.00,139.8,90.1,0.0,85.91,56.16,5.43,26.5,305.2,0.259,918.4,22.0,4,2599.7,19399.7,20.0
2026-02-03 22:41:45.212,2247.05,35.07,465,2.556,5.32,0.00,137.2,90.1,0.0,85.90,56.17,5.32,26.5,299.0,0.254,918.4,22.0,4,2609.5,19409.5,20.0
2026-02-03 22:41:45.262,2248.05,35.10,465,2.547,5.31,0.00,136.9,90.1,0.0,85.89,56.16,5.31,26.5,298.1,0.253,918.3,22.0,4,2619.2,19419.2,20.0
2026-02-03 22:41:45.311,2249.05,35.13,465,2.540,5.29,0.00,136.6,90.1,0.0,85.89,56.16,5.29,26.5,297.1,0.252,918.2,22.0,4,2629.0,19429.0,20.0
2026-02-03 22:41:45.362,2250.05,35.16,466,2.532,5.27,0.00,136.3,90.1,0.0,85.88,56.16,5.27,26.5,296.2,0.251,918.1,22.0,4,2638.8,19438.8,20.0
2026-02-03 22:41:45.412,2251.05,35.19,466,2.524,5.26,0.00,136.0,90.1,0.0,85.87,56.16,5.26,26.5,295.4,0.250,918.0,22.0,4,2648.5,19448.5,20.0
2026-02-03 22:41:45.462,2252.05,35.21,467,2.517,5.24,0.00,135.7,90.0,0.0,85.87,56.16,5.24,26.5,294.5,0.250,917.9,22.0,4,2658.3,19458.3,20.0
2026-02-03 22:41:45.511,2253.05,35.24,467,2.510,5.23,0.00,135.5,90.0,0.0,85.86,56.16,5.23,26.5,293.7,0.249,917.9,22.0,4,2668.1,19468.1,20.0
2026-02-03 22:41:45.562,2254.05,35.27,467,2.503,5.22,0.00,135.2,90.0,0.0,85.85,56.16,5.22,26.5,292.9,0.248,917.8,22.0,4,2677.9,19477.9,20.0
2026-02-03 22:41:45.612,2255.05,35.29,468,2.497,5.20,0.00,135.0,90.0,0.0,85.84,56.16,5.20,26.5,292.1,0.248,917.7,22.0,4,2687.7,19487.7,20.0
2026-02-03 22:41:45.662,2256.05,35.32,468,2.490,5.19,0.00,134.7,90.0,0.0,85.84,56.16,5.19,26.5,291.4,0.247,917.6,22.0,4,2697.5,19497.5,20.0
2026-02-03 22:41:45.711,2257.05,35.34,468,2.484,5.18,0.00,134.5,90.0,0.0,85.83,56.16,5.18,26.5,290.7,0.246,917.5,22.0,4,2707.3,19507.3,20.0
2026-02-03 22:41:45.762,2258.05,35.36,468,2.436,5.08,0.00,132.1,90.0,0.0,85.82,56.16,5.08,26.5,285.1,0.242,917.5,22.0,4,2717.2,19517.2,20.0
2026-02-03 22:41:45.812,2259.05,35.38,469,2.432,5.07,0.00,131.9,90.0,0.0,85.82,56.16,5.07,26.5,284.5,0.241,917.4,22.0,4,2727.0,19527.0,20.0
2026-02-03 22:41:45.862,2260.05,35.32,468,1.674,3.49,0.00,91.6,89.2,0.0,85.81,56.24,3.49,26.5,196.1,0.166,917.3,22.0,4,2736.8,19536.8,20.0
2026-02-03 22:41:45.912,2261.05,35.26,467,1.684,3.51,0.00,92.1,89.2,0.0,85.81,56.24,3.51,26.5,197.3,0.167,917.3,22.0,4,2746.6,19546.6,20.0
2026-02-03 22:41:45.961,2262.05,35.20,466,1.695,3.53,0.00,92.4,89.2,0.0,85.80,56.24,3.53,26.5,198.5,0.168,917.2,22.0,4,2756.4,19556.4,20.0
2026-02-03 22:41:46.011,2263.05,35.14,466,1.705,3.55,0.00,92.8,89.2,0.0,85.80,56.24,3.55,26.5,199.7,0.169,917.2,22.0,4,2766.1,19566.1,20.0
2026-02-03 22:41:46.062,2264.05,35.08,465,1.715,3.57,0.00,93.2,89.2,0.0,85.79,56.23,3.57,26.5,200.9,0.170,917.1,22.0,4,2775.9,19575.9,20.0
2026-02-03 22:41:46.112,2265.05,35.03,464,1.724,3.59,0.00,93.6,89.2,0.0,85.79,56.23,3.59,26.5,202.0,0.171,917.0,22.0,4,2785.6,19585.6,20.0
2026-02-03 22:41:46.162,2266.05,34.97,463,1.734,3.61,0.00,93.9,89.2,0.0,85.78,56.23,3.61,26.5,203.1,0.172,917.0,22.0,4,2795.3,19595.3,20.0
2026-02-03 22:41:46.211,2267.05,34.92,463,1.743,3.63,0.00,94.3,89.2,0.0,85.78,56.23,3.63,26.5,204.2,0.173,916.9,22.0,4,2805.0,19605.0,20.0
2026-02-03 22:41:46.261,2268.05,34.87,462,1.752,3.65,0.00,94.6,89.2,0.0,85.78,56.23,3.65,26.5,205.2,0.174,916.9,22.0,4,2814.7,19614.7,20.0
2026-02-03 22:41:46.312,2269.05,34.82,461,1.761,3.67,0.00,94.9,89.2,0.0,85.77,56.23,3.67,26.5,206.3,0.175,916.8,22.0,4,2824.4,19624.4,20.0
2026-02-03 22:41:46.362,2270.05,34.77,461,1.769,3.69,0.00,95.2,89.3,0.0,85.77,56.22,3.69,26.5,207.3,0.176,916.8,22.0,4,2834.0,19634.0,20.0
2026-02-03 22:41:46.412,2271.05,34.72,460,1.778,3.70,0.00,95.5,89.3,0.0,85.76,56.22,3.70,26.5,208.2,0.176,916.7,22.0,4,2843.7,19643.7,20.0
2026-02-03 22:41:46.461,2272.05,34.67,459,1.786,3.72,0.00,95.8,89.3,0.0,85.76,56.22,3.72,26.5,209.2,0.177,916.6,22.0,4,2853.3,19653.3,20.0
2026-02-03 22:41:46.512,2273.05,34.62,459,1.794,3.74,0.00,96.1,89.3,0.0,85.75,56.22,3.74,26.5,210.2,0.178,916.6,22.0,4,2862.9,19662.9,20.0
2026-02-03 22:41:46.562,2274.05,34.58,458,1.802,3.75,0.00,96.4,89.3,0.0,85.75,56.22,3.75,26.5,211.1,0.179,916.5,22.0,4,2872.5,19672.5,20.0
2026-02-03 22:41:46.612,2275.05,34.53,458,1.810,3.77,0.00,96.7,89.3,0.0,85.74,56.22,3.77,26.5,212.0,0.180,916.5,22.0,4,2882.1,19682.1,20.0
2026-02-03 22:41:46.662,2276.05,34.49,457,1.818,3.79,0.00,97.0,89.3,0.0,85.74,56.21,3.79,26.5,212.9,0.180,916.4,22.0,4,2891.7,19691.7,20.0
2026-02-03 22:41:46.711,2277.05,34.45,456,1.825,3.80,0.00,97.2,89.3,0.0,85.73,56.21,3.80,26.5,213.7,0.181,916.3,22.0,4,2901.3,19701.3,20.0
2026-02-03 22:41:46.762,2278.05,34.40,456,1.832,3.82,0.00,97.5,89.3,0.0,85.73,56.21,3.82,26.5,214.6,0.182,916.3,22.0,4,2910.8,19710.8,20.0
2026-02-03 22:41:46.812,2279.05,34.36,455,1.839,3.83,0.00,97.8,89.3,0.0,85.72,56.21,3.83,26.5,215.4,0.182,916.2,22.0,4,2920.4,19720.4,20.0
2026-02-03 22:41:46.862,2280.05,34.32,455,1.846,3.85,0.00,98.0,89.3,0.0,85.72,56.21,3.85,26.5,216.2,0.183,916.2,22.0,4,2929.9,19729.9,20.0
2026-02-03 22:41:46.911,2281.05,34.28,454,1.853,3.86,0.00,98.2,89.3,0.0,85.71,56.21,3.86,26.5,217.0,0.184,916.1,22.0,4,2939.4,19739.4,20.0
2026-02-03 22:41:46.962,2282.05,34.24,454,1.860,3.87,0.00,98.5,89.4,0.0,85.71,56.20,3.87,26.5,217.8,0.185,916.0,22.0,4,2948.9,19748.9,20.0
2026-02-03 22:41:47.012,2283.05,34.21,453,1.866,3.89,0.00,98.7,89.4,0.0,85.70,56.20,3.89,26.4,218.5,0.185,916.0,22.0,4,2958.4,19758.4,20.0
2026-02-03 22:41:47.062,2284.05,34.17,453,1.873,3.90,0.00,98.9,89.4,0.0,85.69,56.20,3.90,26.4,219.3,0.186,915.9,22.0,4,2967.9,19767.9,20.0
2026-02-03 22:41:47.112,2285.05,34.13,452,1.879,3.91,0.00,99.1,89.4,0.0,85.69,56.20,3.91,26.4,220.0,0.186,915.9,22.0,4,2977.4,19777.4,20.0
2026-02-03 22:41:47.161,2286.05,34.10,452,1.885,3.93,0.00,99.3,89.4,0.0,85.68,56.20,3.93,26.4,220.7,0.187,915.8,22.0,4,2986.9,19786.9,20.0
2026-02-03 22:41:47.212,2287.05,34.06,451,1.891,3.94,0.00,99.6,89.4,0.0,85.68,56.20,3.94,26.4,221.4,0.188,915.7,22.0,4,2996.3,19796.3,20.0
2026-02-03 22:41:47.262,2288.05,34.03,451,1.897,3.95,0.00,99.8,89.4,0.0,85.67,56.20,3.95,26.4,222.1,0.188,915.7,22.0,4,3005.8,19805.8,20.0
2026-02-03 22:41:47.312,2289.05,34.08,451,2.664,5.55,0.00,138.7,90.2,0.0,85.67,56.11,5.55,26.4,311.4,0.264,915.6,22.0,4,3015.3,19815.3,20.0
2026-02-03 22:41:47.362,2290.05,34.12,452,2.653,5.53,0.00,138.3,90.2,0.0,85.66,56.11,5.53,26.4,310.1,0.263,915.5,22.0,4,3024.7,19824.7,20.0
2026-02-03 22:41:47.411,2291.05,34.17,453,2.642,5.50,0.00,138.0,90.2,0.0,85.65,56.11,5.50,26.4,308.8,0.262,915.4,22.0,4,3034.2,19834.2,20.0
2026-02-03 22:41:47.462,2292.05,34.21,453,2.631,5.48,0.00,137.6,90.2,0.0,85.65,56.11,5.48,26.4,307.6,0.261,915.3,22.0,4,3043.7,19843.7,20.0
2026-02-03 22:41:47.512,2293.05,34.26,454,2.621,5.46,0.00,137.2,90.2,0.0,85.64,56.11,5.46,26.4,306.4,0.260,915.3,22.0,4,3053.3,19853.3,20.0
2026-02-03 22:41:47.562,2294.05,34.30,454,2.611,5.44,0.00,136.9,90.1,0.0,85.63,56.11,5.44,26.4,305.2,0.259,915.2,22.0,4,3062.8,19862.8,20.0
2026-02-03 22:41:47.612,2295.05,34.34,455,2.601,5.42,0.00,136.6,90.1,0.0,85.62,56.11,5.42,26.4,304.0,0.258,915.1,22.0,4,3072.3,19872.3,20.0
2026-02-03 22:41:47.662,2296.05,34.37,455,2.545,5.30,0.00,133.9,90.1,0.0,85.62,56.12,5.30,26.4,297.5,0.252,915.0,22.0,4,3081.9,19881.9,20.0
2026-02-03 22:41:47.711,2297.05,34.40,456,2.537,5.29,0.00,133.6,90.1,0.0,85.61,56.12,5.29,26.4,296.6,0.252,914.9,22.0,4,3091.4,19891.4,20.0
2026-02-03 22:41:47.762,2298.05,34.44,456,2.529,5.27,0.00,133.3,90.1,0.0,85.60,56.12,5.27,26.4,295.7,0.251,914.8,22.0,4,3101.0,19901.0,20.0
2026-02-03 22:41:47.812,2299.05,34.47,457,2.522,5.25,0.00,133.1,90.1,0.0,85.60,56.12,5.25,26.4,294.8,0.250,914.8,22.0,4,3110.6,19910.6,20.0
2026-02-03 22:41:47.862,2300.05,34.50,457,2.515,5.24,0.00,132.8,90.0,0.0,85.59,56.12,5.24,26.4,294.0,0.249,914.7,22.0,4,3120.1,19920.1,20.0
2026-02-03 22:41:47.912,2301.05,34.53,457,2.508,5.22,0.00,132.6,90.0,0.0,85.58,56.12,5.22,26.4,293.2,0.249,914.6,22.0,4,3129.7,19929.7,20.0
2026-02-03 22:41:47.961,2302.05,34.55,458,2.501,5.21,0.00,132.4,90.0,0.0,85.57,56.12,5.21,26.4,292.4,0.248,914.5,22.0,4,3139.3,19939.3,20.0
2026-02-03 22:41:48.012,2303.05,34.58,458,2.494,5.20,0.00,132.1,90.0,0.0,85.57,56.12,5.20,26.4,291.6,0.247,914.4,22.0,4,3148.9,19948.9,20.0
2026-02-03 22:41:48.062,2304.05,34.61,459,2.488,5.18,0.00,131.9,90.0,0.0,85.56,56.12,5.18,26.4,290.8,0.247,914.3,22.0,4,3158.6,19958.6,20.0
2026-02-03 22:41:48.112,2305.05,34.64,459,2.481,5.17,0.00,131.7,90.0,0.0,85.55,56.11,5.17,26.4,290.1,0.246,914.3,22.0,4,3168.2,19968.2,20.0
2026-02-03 22:41:48.161,2306.05,34.66,459,2.475,5.16,0.00,131.5,90.0,0.0,85.55,56.11,5.16,26.4,289.4,0.246,914.2,22.0,4,3177.8,19977.8,20.0
2026-02-03 22:41:48.211,2307.05,34.69,460,2.469,5.14,0.00,131.2,90.0,0.0,85.54,56.11,5.14,26.4,288.7,0.245,914.1,22.0,4,3187.4,19987.4,20.0
2026-02-03 22:41:48.262,2308.05,34.70,460,2.419,5.04,0.00,128.7,89.9,0.0,85.53,56.12,5.04,26.4,282.8,0.240,914.0,22.0,4,3197.1,19997.1,20.0
2026-02-03 22:41:48.312,2309.05,34.72,460,2.414,5.03,0.00,128.6,89.9,0.0,85.53,56.12,5.03,26.4,282.3,0.240,913.9,22.0,4,3206.7,20006.7,20.0
2026-02-03 22:41:48.362,2310.05,34.74,460,2.410,5.02,0.00,128.4,89.9,0.0,85.52,56.12,5.02,26.4,281.7,0.239,913.9,22.0,4,3216.4,20016.4,20.0
2026-02-03 22:41:48.412,2311.05,34.69,460,1.782,3.71,0.00,95.7,89.3,0.0,85.52,56.18,3.71,26.4,208.6,0.177,913.8,22.0,4,3226.0,20026.0,20.0
2026-02-03 22:41:48.462,2312.05,34.46,456,0.000,0.00,0.00,0.0,84.4,0.0,85.52,56.37,0.00,26.4,0.0,0.000,913.8,22.0,4,3235.6,20035.6,20.0
2026-02-03 22:41:48.512,2313.05,34.22,453,0.000,0.00,0.00,0.0,84.4,0.0,85.52,56.37,0.00,26.4,0.0,0.000,913.8,22.0,4,3245.1,20045.1,20.0
2026-02-03 22:41:48.562,2314.05,33.99,450,0.000,0.00,0.00,0.0,84.4,0.0,85.52,56.37,0.00,26.4,0.0,0.000,913.8,22.0,4,3254.5,20054.5,20.0
2026-02-03 22:41:48.612,2315.05,33.75,447,0.000,0.00,0.00,0.0,84.4,0.0,85.52,56.37,0.00,26.4,0.0,0.000,913.8,22.0,4,3263.9,20063.9,20.0
2026-02-03 22:41:48.662,2316.05,33.52,444,0.000,0.00,0.00,0.0,84.4,0.0,85.52,56.37,0.00,26.4,0.0,0.000,913.8,22.0,4,3273.2,20073.2,20.0
2026-02-03 22:41:48.712,2317.05,33.28,441,0.000,0.00,0.00,0.0,84.4,0.0,85.52,56.37,0.00,26.4,0.0,0.000,913.8,22.0,4,3282.5,20082.5,20.0
2026-02-03 22:41:48.762,2318.05,33.05,438,0.000,0.00,0.00,0.0,84.4,0.0,85.52,56.37,0.00,26.4,0.0,0.000,913.8,22.0,4,3291.6,20091.6,20.0
2026-02-03 22:41:48.812,2319.05,32.82,435,0.000,0.00,0.00,0.0,84.4,0.0,85.52,56.37,0.00,26.4,0.0,0.000,913.8,22.0,4,3300.8,20100.8,20.0
2026-02-03 22:41:48.861,2320.05,32.59,432,0.000,0.00,0.00,0.0,84.4,0.0,85.52,56.37,0.00,26.4,0.0,0.000,913.8,22.0,4,3309.8,20109.8,20.0
2026-02-03 22:41:48.912,2321.05,32.36,429,0.000,0.00,0.00,0.0,84.4,0.0,85.52,56.37,0.00,26.4,0.0,0.000,913.8,22.0,4,3318.8,20118.8,20.0
2026-02-03 22:41:48.962,2322.05,32.13,426,0.000,0.00,0.00,0.0,84.4,0.0,85.52,56.37,0.00,26.4,0.0,0.000,913.8,22.0,4,3327.7,20127.7,20.0
2026-02-03 22:41:49.012,2323.05,31.90,423,0.000,0.00,0.00,0.0,84.4,0.0,85.52,56.37,0.00,26.4,0.0,0.000,913.8,22.0,4,3336.6,20136.6,20.0
2026-02-03 22:41:49.061,2324.05,31.68,420,0.000,0.00,0.00,0.0,84.4,0.0,85.52,56.37,0.00,26.4,0.0,0.000,913.8,22.0,4,3345.4,20145.4,20.0
2026-02-03 22:41:49.111,2325.05,31.45,417,0.000,0.00,0.00,0.0,84.4,0.0,85.52,56.37,0.00,26.4,0.0,0.000,913.8,22.0,4,3354.1,20154.1,20.0
2026-02-03 22:41:49.162,2326.05,31.22,414,0.000,0.00,0.00,0.0,84.4,0.0,85.52,56.37,0.00,26.4,0.0,0.000,913.8,22.0,4,3362.8,20162.8,20.0
2026-02-03 22:41:49.212,2327.05,31.25,414,2.379,4.96,0.00,114.0,89.9,0.0,85.51,56.12,4.96,26.4,278.2,0.236,913.7,22.0,4,3371.5,20171.5,20.0
2026-02-03 22:41:49.262,2328.05,31.28,414,2.375,4.95,0.00,113.9,89.9,0.0,85.50,56.12,4.95,26.4,277.6,0.236,913.7,22.0,4,3380.2,20180.2,20.0
2026-02-03 22:41:49.312,2329.05,31.30,415,2.370,4.94,0.00,113.8,89.9,0.0,85.50,56.12,4.94,26.4,277.1,0.235,913.6,22.0,4,3388.9,20188.9,20.0
2026-02-03 22:41:49.362,2330.05,31.08,412,0.000,0.00,0.00,0.0,84.4,0.0,85.50,56.36,0.00,26.4,0.0,0.000,913.6,22.0,4,3397.5,20197.5,20.0
2026-02-03 22:41:49.412,2331.05,30.85,409,0.000,0.00,0.00,0.0,84.4,0.0,85.50,56.36,0.00,26.4,0.0,0.000,913.6,22.0,4,3406.1,20206.1,20.0
2026-02-03 22:41:49.461,2332.05,30.63,406,0.000,0.00,0.00,0.0,84.4,0.0,85.50,56.36,0.00,26.4,0.0,0.000,913.6,22.0,4,3414.6,20214.6,20.0
2026-02-03 22:41:49.512,2333.05,30.40,403,0.000,0.00,0.00,0.0,84.4,0.0,85.50,56.36,0.00,26.4,0.0,0.000,913.6,22.0,4,3423.0,20223.0,20.0
2026-02-03 22:41:49.562,2334.05,30.18,400,0.000,0.00,0.00,0.0,84.4,0.0,85.50,56.36,0.00,26.4,0.0,0.000,913.6,22.0,4,3431.4,20231.4,20.0
2026-02-03 22:41:49.612,2335.05,29.96,397,0.000,0.00,0.00,0.0,84.4,0.0,85.50,56.36,0.00,26.4,0.0,0.000,913.6,22.0,4,3439.7,20239.7,20.0
2026-02-03 22:41:49.661,2336.05,29.74,394,0.000,0.00,0.00,0.0,84.4,0.0,85.50,56.36,0.00,26.4,0.0,0.000,913.6,22.0,4,3448.0,20248.0,20.0
2026-02-03 22:41:49.712,2337.05,29.52,391,0.000,0.00,0.00,0.0,84.4,0.0,85.50,56.36,0.00,26.4,0.0,0.000,913.6,22.0,4,3456.2,20256.2,20.0
2026-02-03 22:41:49.762,2338.05,29.30,388,0.000,0.00,0.00,0.0,84.4,0.0,85.50,56.36,0.00,26.4,0.0,0.000,913.6,22.0,4,3464.3,20264.3,20.0
2026-02-03 22:41:49.812,2339.05,29.08,385,0.000,0.00,0.00,0.0,84.4,0.0,85.50,56.36,0.00,26.4,0.0,0.000,913.6,22.0,4,3472.4,20272.4,20.0
2026-02-03 22:41:49.861,2340.05,28.86,382,0.000,0.00,0.00,0.0,84.4,0.0,85.50,56.36,0.00,26.4,0.0,0.000,913.6,22.0,4,3480.4,20280.4,20.0
2026-02-03 22:41:49.912,2341.05,28.64,379,0.000,0.00,0.00,0.0,84.4,0.0,85.50,56.36,0.00,26.4,0.0,0.000,913.6,22.0,4,3488.4,20288.4,20.0
2026-02-03 22:41:49.962,2342.05,28.42,376,0.000,0.00,0.00,0.0,84.4,0.0,85.50,56.36,0.00,26.4,0.0,0.000,913.6,22.0,4,3496.3,20296.3,20.0
2026-02-03 22:41:50.012,2343.05,28.20,374,0.000,0.00,0.00,0.0,84.4,0.0,85.50,56.36,0.00,26.4,0.0,0.000,913.6,22.0,4,3504.1,20304.1,20.0
2026-02-03 22:41:50.061,2344.05,27.99,371,0.000,0.00,0.00,0.0,84.4,0.0,85.50,56.36,0.00,26.4,0.0,0.000,913.6,22.0,4,3511.9,20311.9,20.0
2026-02-03 22:41:50.112,2345.05,27.77,368,0.000,0.00,0.00,0.0,84.4,0.0,85.50,56.36,0.00,26.4,0.0,0.000,913.6,22.0,4,3519.6,20319.6,20.0
2026-02-03 22:41:50.162,2346.05,27.56,365,0.000,0.00,0.00,0.0,84.4,0.0,85.50,56.36,0.00,26.4,0.0,0.000,913.6,22.0,4,3527.2,20327.2,20.0
2026-02-03 22:41:50.212,2347.05,27.34,362,0.000,0.00,0.00,0.0,84.4,0.0,85.50,56.36,0.00,26.4,0.0,0.000,913.6,22.0,4,3534.8,20334.8,20.0
2026-02-03 22:41:50.261,2348.05,27.13,359,0.000,0.00,0.00,0.0,84.4,0.0,85.50,56.36,0.00,26.4,0.0,0.000,913.6,22.0,4,3542.4,20342.4,20.0
2026-02-03 22:41:50.312,2349.05,26.92,356,0.000,0.00,0.00,0.0,84.4,0.0,85.50,56.36,0.00,26.4,0.0,0.000,913.6,22.0,4,3549.8,20349.8,20.0
2026-02-03 22:41:50.362,2350.05,26.70,354,0.000,0.00,0.00,0.0,84.4,0.0,85.50,56.36,0.00,26.4,0.0,0.000,913.6,22.0,4,3557.3,20357.3,20.0
2026-02-03 22:41:50.412,2351.05,26.49,351,0.000,0.00,0.00,0.0,84.4,0.0,85.50,56.36,0.00,26.4,0.0,0.000,913.6,22.0,4,3564.6,20364.6,20.0
2026-02-03 22:41:50.461,2352.05,26.28,348,0.000,0.00,0.00,0.0,84.4,0.0,85.50,56.36,0.00,26.4,0.0,0.000,913.6,22.0,4,3571.9,20371.9,20.0
2026-02-03 22:41:50.512,2353.05,26.07,345,0.000,0.00,0.00,0.0,84.4,0.0,85.50,56.36,0.00,26.4,0.0,0.000,913.6,22.0,4,3579.2,20379.2,20.0
2026-02-03 22:41:50.562,2354.05,25.86,342,0.000,0.00,0.00,0.0,84.4,0.0,85.50,56.36,0.00,26.4,0.0,0.000,913.6,22.0,4,3586.3,20386.3,20.0
2026-02-03 22:41:50.612,2355.05,25.65,340,0.000,0.00,0.00,0.0,84.4,0.0,85.50,56.36,0.00,26.4,0.0,0.000,913.6,22.0,4,3593.5,20393.5,20.0
2026-02-03 22:41:50.662,2356.05,25.44,337,0.000,0.00,0.00,0.0,84.4,0.0,85.50,56.36,0.00,26.4,0.0,0.000,913.6,22.0,4,3600.5,20400.5,20.0
2026-02-03 22:41:50.712,2357.05,25.85,342,5.883,12.26,0.00,220.6,93.7,0.0,85.48,55.75,12.26,26.4,683.2,0.584,913.4,22.0,4,3607.7,20407.7,20.0
2026-02-03 22:41:50.762,2358.05,26.25,348,5.760,12.00,0.00,222.4,92.4,0.0,85.46,55.76,12.00,26.4,669.1,0.571,913.2,22.0,4,3615.0,20415.0,20.0
2026-02-03 22:41:50.812,2359.05,26.64,353,5.641,11.75,0.00,221.4,92.3,0.0,85.45,55.77,11.75,26.4,655.4,0.560,913.0,22.0,4,3622.4,20422.4,20.0
2026-02-03 22:41:50.862,2360.05,27.01,358,5.526,11.51,0.00,220.4,92.2,0.0,85.43,55.78,11.51,26.4,642.2,0.548,912.8,22.0,4,3629.9,20429.9,20.0
2026-02-03 22:41:50.911,2361.05,27.37,363,5.416,11.28,0.00,219.3,92.1,0.0,85.42,55.79,11.28,26.4,629.4,0.537,912.7,22.0,4,3637.5,20437.5,20.0
2026-02-03 22:41:50.961,2362.05,27.72,367,5.308,11.06,0.00,218.1,92.0,0.0,85.40,55.79,11.06,26.4,617.1,0.527,912.5,22.0,4,3645.2,20445.2,20.0
2026-02-03 22:41:51.012,2363.05,28.05,372,5.205,10.84,0.00,216.8,91.9,0.0,85.39,55.80,10.84,26.4,605.1,0.516,912.3,22.0,4,3653.0,20453.0,20.0
2026-02-03 22:41:51.062,2364.05,28.38,376,5.105,10.64,0.00,215.5,91.8,0.0,85.38,55.81,10.64,26.4,593.6,0.506,912.2,22.0,4,3660.9,20460.9,20.0
2026-02-03 22:41:51.112,2365.05,28.69,380,5.009,10.43,0.00,214.1,91.7,0.0,85.36,55.82,10.43,26.4,582.5,0.497,912.0,22.0,4,3668.9,20468.9,20.0
2026-02-03 22:41:51.161,2366.05,29.00,384,4.916,10.24,0.00,212.7,91.6,0.0,85.35,55.83,10.24,26.4,571.7,0.488,911.8,22.0,4,3676.9,20476.9,20.0
2026-02-03 22:41:51.211,2367.05,29.29,388,4.826,10.05,0.00,211.2,91.5,0.0,85.33,55.83,10.05,26.4,561.3,0.479,911.7,22.0,4,3685.0,20485.0,20.0
2026-02-03 22:41:51.262,2368.05,29.57,392,4.739,9.87,0.00,209.7,91.4,0.0,85.32,55.84,9.87,26.4,551.3,0.470,911.5,22.0,4,3693.3,20493.3,20.0
2026-02-03 22:41:51.312,2369.05,29.84,395,4.655,9.70,0.00,208.1,91.3,0.0,85.31,55.85,9.70,26.4,541.6,0.462,911.4,22.0,4,3701.6,20501.6,20.0
2026-02-03 22:41:51.362,2370.05,30.10,399,4.509,9.39,0.00,203.8,91.1,0.0,85.30,55.86,9.39,26.4,524.7,0.447,911.2,22.0,4,3709.9,20509.9,20.0
2026-02-03 22:41:51.412,2371.05,30.34,402,4.369,9.10,0.00,199.5,91.0,0.0,85.28,55.87,9.10,26.4,508.6,0.433,911.1,22.0,4,3718.3,20518.3,20.0
2026-02-03 22:41:51.461,2372.05,30.57,405,4.237,8.83,0.00,195.3,90.9,0.0,85.27,55.88,8.83,26.5,493.3,0.420,911.0,22.0,4,3726.8,20526.8,20.0
2026-02-03 22:41:51.512,2373.05,30.78,408,4.172,8.69,0.00,193.9,90.8,0.0,85.26,55.89,8.69,26.5,485.8,0.414,910.8,22.0,4,3735.4,20535.4,20.0
2026-02-03 22:41:51.562,2374.05,30.99,411,4.049,8.44,0.00,189.8,90.7,0.0,85.25,55.90,8.44,26.5,471.5,0.402,910.7,22.0,4,3744.0,20544.0,20.0
2026-02-03 22:41:51.612,2375.05,31.19,413,3.992,8.32,0.00,188.5,90.6,0.0,85.24,55.90,8.32,26.5,464.9,0.396,910.6,22.0,4,3752.7,20552.7,20.0
2026-02-03 22:41:51.662,2376.05,31.37,416,3.877,8.08,0.00,184.4,90.5,0.0,85.23,55.91,8.08,26.5,451.6,0.385,910.4,22.0,4,3761.4,20561.4,20.0
2026-02-03 22:41:51.711,2377.05,31.54,418,3.767,7.85,0.00,180.5,90.4,0.0,85.22,55.92,7.85,26.5,438.8,0.374,910.3,22.0,4,3770.1,20570.1,20.0
2026-02-03 22:41:51.762,2378.05,31.56,418,2.325,4.84,0.00,112.6,89.8,0.0,85.21,56.07,4.84,26.5,271.6,0.231,910.2,22.0,4,3778.9,20578.9,20.0
2026-02-03 22:41:51.812,2379.05,31.58,418,2.321,4.84,0.00,112.6,89.8,0.0,85.21,56.07,4.84,26.5,271.2,0.230,910.2,22.0,4,3787.7,20587.7,20.0
2026-02-03 22:41:51.862,2380.05,31.60,419,2.318,4.83,0.00,112.5,89.8,0.0,85.20,56.07,4.83,26.5,270.8,0.230,910.1,22.0,4,3796.4,20596.4,20.0
2026-02-03 22:41:51.911,2381.05,31.38,416,0.000,0.00,0.00,0.0,84.4,0.0,85.20,56.31,0.00,26.5,0.0,0.000,910.1,22.0,4,3805.2,20605.2,20.0
2026-02-03 22:41:51.961,2382.05,31.15,413,0.000,0.00,0.00,0.0,84.4,0.0,85.20,56.31,0.00,26.5,0.0,0.000,910.1,22.0,4,3813.8,20613.8,20.0
2026-02-03 22:41:52.012,2383.05,30.93,410,0.000,0.00,0.00,0.0,84.4,0.0,85.20,56.31,0.00,26.5,0.0,0.000,910.1,22.0,4,3822.4,20622.4,20.0
2026-02-03 22:41:52.062,2384.05,30.70,407,0.000,0.00,0.00,0.0,84.4,0.0,85.20,56.31,0.00,26.5,0.0,0.000,910.1,22.0,4,3830.9,20630.9,20.0
2026-02-03 22:41:52.112,2385.05,30.48,404,0.000,0.00,0.00,0.0,84.4,0.0,85.20,56.31,0.00,26.5,0.0,0.000,910.1,22.0,4,3839.4,20639.4,20.0
2026-02-03 22:41:52.162,2386.05,30.25,401,0.000,0.00,0.00,0.0,84.4,0.0,85.20,56.31,0.00,26.5,0.0,0.000,910.1,22.0,4,3847.8,20647.8,20.0
2026-02-03 22:41:52.211,2387.05,30.03,398,0.000,0.00,0.00,0.0,84.4,0.0,85.20,56.31,0.00,26.5,0.0,0.000,910.1,22.0,4,3856.1,20656.1,20.0
2026-02-03 22:41:52.261,2388.05,29.81,395,0.000,0.00,0.00,0.0,84.4,0.0,85.20,56.31,0.00,26.4,0.0,0.000,910.1,22.0,4,3864.4,20664.4,20.0
2026-02-03 22:41:52.312,2389.05,29.59,392,0.000,0.00,0.00,0.0,84.4,0.0,85.20,56.31,0.00,26.4,0.0,0.000,910.1,22.0,4,3872.6,20672.6,20.0
2026-02-03 22:41:52.362,2390.05,29.37,389,0.000,0.00,0.00,0.0,84.4,0.0,85.20,56.31,0.00,26.4,0.0,0.000,910.1,22.0,4,3880.8,20680.8,20.0
2026-02-03 22:41:52.412,2391.05,29.15,386,0.000,0.00,0.00,0.0,84.4,0.0,85.20,56.31,0.00,26.4,0.0,0.000,910.1,22.0,4,3888.9,20688.9,20.0
2026-02-03 22:41:52.462,2392.05,28.93,383,0.000,0.00,0.00,0.0,84.4,0.0,85.20,56.31,0.00,26.4,0.0,0.000,910.1,22.0,4,3896.9,20696.9,20.0
2026-02-03 22:41:52.511,2393.05,28.71,380,0.000,0.00,0.00,0.0,84.4,0.0,85.20,56.31,0.00,26.4,0.0,0.000,910.1,22.0,4,3904.9,20704.9,20.0
2026-02-03 22:41:52.561,2394.05,28.49,377,0.000,0.00,0.00,0.0,84.4,0.0,85.20,56.31,0.00,26.4,0.0,0.000,910.1,22.0,4,3912.8,20712.8,20.0
2026-02-03 22:41:52.612,2395.05,28.28,375,0.000,0.00,0.00,0.0,84.4,0.0,85.20,56.31,0.00,26.4,0.0,0.000,910.1,22.0,4,3920.7,20720.7,20.0
2026-02-03 22:41:52.662,2396.05,28.06,372,0.000,0.00,0.00,0.0,84.4,0.0,85.20,56.31,0.00,26.4,0.0,0.000,910.1,22.0,4,3928.5,20728.5,20.0
2026-02-03 22:41:52.712,2397.05,27.84,369,0.000,0.00,0.00,0.0,84.4,0.0,85.20,56.31,0.00,26.4,0.0,0.000,910.1,22.0,4,3936.2,20736.2,20.0
2026-02-03 22:41:52.762,2398.05,27.93,370,2.805,5.84,0.00,119.3,90.4,0.0,85.19,56.02,5.84,26.4,327.4,0.278,910.0,22.0,4,3944.0,20744.0,20.0
2026-02-03 22:41:52.811,2399.05,28.01,371,2.792,5.82,0.00,119.1,90.3,0.0,85.18,56.02,5.82,26.4,325.9,0.277,909.9,22.0,4,3951.7,20751.7,20.0
2026-02-03 22:41:52.861,2400.05,27.79,368,0.000,0.00,0.00,0.0,84.4,0.0,85.18,56.31,0.00,26.4,0.0,0.000,909.9,22.0,4,3959.5,20759.5,20.0
2026-02-03 22:41:52.912,2401.05,27.87,369,2.814,5.86,0.00,119.4,90.4,0.0,85.18,56.02,5.86,26.4,328.4,0.279,909.8,22.0,4,3967.2,20767.2,20.0
2026-02-03 22:41:52.962,2402.05,27.95,370,2.801,5.84,0.00,119.3,90.3,0.0,85.17,56.02,5.84,26.4,326.9,0.278,909.7,22.0,4,3975.0,20775.0,20.0
2026-02-03 22:41:53.012,2403.05,28.03,371,2.788,5.81,0.00,119.1,90.3,0.0,85.16,56.02,5.81,26.4,325.3,0.277,909.6,22.0,4,3982.8,20782.8,20.0
2026-02-03 22:41:53.061,2404.05,27.82,368,0.000,0.00,0.00,0.0,84.4,0.0,85.16,56.31,0.00,26.4,0.0,0.000,909.6,22.0,4,3990.5,20790.5,20.0
2026-02-03 22:41:53.111,2405.05,27.90,370,2.810,5.85,0.00,119.4,90.4,0.0,85.15,56.01,5.85,26.4,327.9,0.279,909.5,22.0,4,3998.2,20798.2,20.0
2026-02-03 22:41:53.162,2406.05,27.98,371,2.796,5.83,0.00,119.2,90.3,0.0,85.14,56.01,5.83,26.4,326.3,0.277,909.5,22.0,4,4006.0,20806.0,20.0
2026-02-03 22:41:53.212,2407.05,28.06,372,2.783,5.80,0.00,119.0,90.3,0.0,85.14,56.01,5.80,26.4,324.8,0.276,909.4,22.0,4,4013.8,20813.8,20.0
2026-02-03 22:41:53.262,2408.05,27.84,369,0.000,0.00,0.00,0.0,84.4,0.0,85.14,56.30,0.00,26.4,0.0,0.000,909.4,22.0,4,4021.5,20821.5,20.0
2026-02-03 22:41:53.311,2409.05,27.92,370,2.806,5.84,0.00,119.3,90.4,0.0,85.13,56.01,5.84,26.4,327.4,0.278,909.3,22.0,4,4029.3,20829.3,20.0
2026-02-03 22:41:53.361,2410.05,28.00,371,2.792,5.82,0.00,119.1,90.3,0.0,85.12,56.01,5.82,26.4,325.8,0.277,909.2,22.0,4,4037.1,20837.1,20.0
2026-02-03 22:41:53.412,2411.05,27.79,368,0.000,0.00,0.00,0.0,84.4,0.0,85.12,56.30,0.00,26.4,0.0,0.000,909.2,22.0,4,4044.8,20844.8,20.0
2026-02-03 22:41:53.462,2412.05,27.87,369,2.814,5.86,0.00,119.5,90.4,0.0,85.11,56.01,5.86,26.4,328.4,0.279,909.1,22.0,4,4052.5,20852.5,20.0
2026-02-03 22:41:53.512,2413.05,28.20,374,5.160,10.75,0.00,216.2,91.8,0.0,85.10,55.76,10.75,26.4,599.4,0.512,908.9,22.0,4,4060.4,20860.4,20.0
2026-02-03 22:41:53.562,2414.05,28.52,378,5.061,10.54,0.00,214.9,91.7,0.0,85.09,55.77,10.54,26.4,588.0,0.502,908.8,22.0,4,4068.3,20868.3,20.0
2026-02-03 22:41:53.612,2415.05,28.83,382,4.966,10.35,0.00,213.4,91.6,0.0,85.07,55.77,10.35,26.4,577.1,0.493,908.6,22.0,4,4076.3,20876.3,20.0
2026-02-03 22:41:53.662,2416.05,29.13,386,4.875,10.16,0.00,212.0,91.5,0.0,85.06,55.78,10.16,26.4,566.5,0.484,908.4,22.0,4,4084.4,20884.4,20.0
2026-02-03 22:41:53.712,2417.05,29.42,390,4.786,9.97,0.00,210.5,91.4,0.0,85.05,55.79,9.97,26.5,556.3,0.475,908.3,22.0,4,4092.6,20892.6,20.0
2026-02-03 22:41:53.761,2418.05,29.69,393,4.701,9.79,0.00,209.0,91.3,0.0,85.03,55.80,9.79,26.5,546.4,0.466,908.1,22.0,4,4100.8,20900.8,20.0
2026-02-03 22:41:53.812,2419.05,29.96,397,4.618,9.62,0.00,207.5,91.3,0.0,85.02,55.80,9.62,26.5,536.9,0.458,908.0,22.0,4,4109.1,20909.1,20.0
2026-02-03 22:41:53.862,2420.05,30.22,400,4.538,9.46,0.00,205.9,91.2,0.0,85.01,55.81,9.46,26.5,527.7,0.450,907.8,22.0,4,4117.5,20917.5,20.0
2026-02-03 22:41:53.912,2421.05,30.47,404,4.462,9.29,0.00,204.3,91.1,0.0,84.99,55.81,9.29,26.5,518.8,0.443,907.7,22.0,4,4126.0,20926.0,20.0
2026-02-03 22:41:53.961,2422.05,30.71,407,4.387,9.14,0.00,202.8,91.0,0.0,84.98,55.82,9.14,26.5,510.2,0.435,907.6,22.0,4,4134.5,20934.5,20.0
2026-02-03 22:41:54.012,2423.05,30.95,410,4.315,8.99,0.00,201.2,90.9,0.0,84.97,55.83,8.99,26.5,501.9,0.428,907.4,22.0,4,4143.1,20943.1,20.0
2026-02-03 22:41:54.062,2424.05,31.17,413,4.246,8.85,0.00,199.6,90.9,0.0,84.96,55.83,8.85,26.5,493.9,0.421,907.3,22.0,4,4151.8,20951.8,20.0
2026-02-03 22:41:54.112,2425.05,31.39,416,4.179,8.71,0.00,198.1,90.8,0.0,84.95,55.84,8.71,26.5,486.2,0.415,907.1,22.0,4,4160.5,20960.5,20.0
2026-02-03 22:41:54.161,2426.05,31.60,419,4.115,8.57,0.00,196.5,90.7,0.0,84.94,55.84,8.57,26.5,478.7,0.408,907.0,22.0,4,4169.3,20969.3,20.0
2026-02-03 22:41:54.211,2427.05,31.80,421,4.052,8.44,0.00,195.0,90.7,0.0,84.93,55.85,8.44,26.5,471.5,0.402,906.9,22.0,4,4178.1,20978.1,20.0
2026-02-03 22:41:54.262,2428.05,31.99,424,3.935,8.20,0.00,190.8,90.5,0.0,84.91,55.86,8.20,26.5,457.9,0.390,906.8,22.0,4,4187.0,20987.0,20.0
2026-02-03 22:41:54.312,2429.05,32.17,426,3.880,8.08,0.00,189.3,90.5,0.0,84.90,55.86,8.08,26.5,451.5,0.385,906.6,22.0,4,4195.9,20995.9,20.0
2026-02-03 22:41:54.362,2430.05,32.34,428,3.771,7.86,0.00,185.3,90.4,0.0,84.89,55.87,7.86,26.5,438.9,0.374,906.5,22.0,5,4.9,21004.9,20.0
2026-02-03 22:41:54.412,2431.05,32.50,431,3.667,7.64,0.00,181.4,90.3,0.0,84.88,55.88,7.64,26.5,426.8,0.364,906.4,22.0,5,13.9,21013.9,20.0
2026-02-03 22:41:54.462,2432.05,32.66,433,3.621,7.54,0.00,180.1,90.2,0.0,84.87,55.88,7.54,26.5,421.6,0.359,906.3,22.0,5,23.0,21023.0,20.0
2026-02-03 22:41:54.512,2433.05,32.81,435,3.578,7.45,0.00,178.9,90.2,0.0,84.86,55.88,7.45,26.5,416.5,0.355,906.2,22.0,5,32.1,21032.1,20.0
2026-02-03 22:41:54.562,2434.05,32.94,436,3.482,7.26,0.00,175.1,90.1,0.0,84.85,55.89,7.26,26.5,405.5,0.345,906.0,22.0,5,41.3,21041.3,20.0
2026-02-03 22:41:54.611,2435.05,33.08,438,3.444,7.17,0.00,173.9,90.0,0.0,84.84,55.90,7.17,26.5,401.0,0.342,905.9,22.0,5,50.5,21050.5,20.0
2026-02-03 22:41:54.662,2436.05,33.20,440,3.355,6.99,0.00,170.3,89.9,0.0,84.83,55.90,6.99,26.5,390.7,0.333,905.8,22.0,5,59.7,21059.7,20.0
2026-02-03 22:41:54.712,2437.05,33.32,441,3.321,6.92,0.00,169.3,89.9,0.0,84.83,55.90,6.92,26.5,386.7,0.329,905.7,22.0,5,69.0,21069.0,20.0
2026-02-03 22:41:54.762,2438.05,33.44,443,3.287,6.85,0.00,168.3,89.9,0.0,84.82,55.91,6.85,26.5,382.9,0.326,905.6,22.0,5,78.2,21078.2,20.0
2026-02-03 22:41:54.812,2439.05,33.55,444,3.205,6.68,0.00,164.8,89.8,0.0,84.81,55.91,6.68,26.5,373.4,0.318,905.5,22.0,5,87.6,21087.6,20.0
2026-02-03 22:41:54.861,2440.05,33.65,446,3.176,6.62,0.00,163.9,89.7,0.0,84.80,55.92,6.62,26.5,370.0,0.315,905.4,22.0,5,96.9,21096.9,20.0
2026-02-03 22:41:54.912,2441.05,33.75,447,3.148,6.56,0.00,163.0,89.7,0.0,84.79,55.92,6.56,26.5,366.8,0.312,905.3,22.0,5,106.3,21106.3,20.0
2026-02-03 22:41:54.962,2442.05,33.84,448,3.072,6.40,0.00,159.7,89.6,0.0,84.78,55.92,6.40,26.5,357.9,0.305,905.2,22.0,5,115.7,21115.7,20.0
2026-02-03 22:41:55.012,2443.05,33.93,449,3.048,6.35,0.00,158.9,89.6,0.0,84.77,55.92,6.35,26.5,355.1,0.302,905.1,22.0,5,125.1,21125.1,20.0
2026-02-03 22:41:55.062,2444.05,34.02,451,3.024,6.30,0.00,158.1,89.6,0.0,84.77,55.93,6.30,26.5,352.3,0.300,905.0,22.0,5,134.6,21134.6,20.0
2026-02-03 22:41:55.111,2445.05,34.09,452,2.953,6.15,0.00,154.9,89.5,0.0,84.76,55.93,6.15,26.5,344.1,0.293,904.9,22.0,5,144.0,21144.0,20.0
2026-02-03 22:41:55.162,2446.05,34.17,453,2.933,6.11,0.00,154.2,89.5,0.0,84.75,55.93,6.11,26.5,341.7,0.291,904.8,22.0,5,153.5,21153.5,20.0
2026-02-03 22:41:55.212,2447.05,34.24,454,2.913,6.07,0.00,153.5,89.5,0.0,84.74,55.93,6.07,26.5,339.4,0.289,904.7,22.0,5,163.0,21163.0,20.0
2026-02-03 22:41:55.262,2448.05,34.31,455,2.894,6.03,0.00,152.9,89.4,0.0,84.73,55.93,6.03,26.5,337.2,0.287,904.6,22.0,5,172.6,21172.6,20.0
2026-02-03 22:41:55.312,2449.05,34.38,456,2.875,5.99,0.00,150.6,90.4,0.0,84.73,55.93,5.99,26.5,335.0,0.285,904.5,22.0,5,182.1,21182.1,20.0
2026-02-03 22:41:55.361,2450.05,34.44,456,2.811,5.86,0.00,147.6,90.4,0.0,84.72,55.94,5.86,26.5,327.6,0.279,904.4,22.0,5,191.7,21191.7,20.0
2026-02-03 22:41:55.412,2451.05,34.50,457,2.795,5.82,0.00,147.1,90.3,0.0,84.71,55.94,5.82,26.5,325.7,0.277,904.4,22.0,5,201.3,21201.3,20.0
2026-02-03 22:41:55.462,2452.05,34.56,458,2.779,5.79,0.00,146.5,90.3,0.0,84.70,55.94,5.79,26.5,323.9,0.276,904.3,22.0,5,210.9,21210.9,20.0
2026-02-03 22:41:55.512,2453.05,34.62,459,2.764,5.76,0.00,146.0,90.3,0.0,84.69,55.94,5.76,26.5,322.1,0.274,904.2,22.0,5,220.5,21220.5,20.0
2026-02-03 22:41:55.562,2454.05,34.67,459,2.749,5.73,0.00,145.5,90.3,0.0,84.69,55.94,5.73,26.5,320.4,0.273,904.1,22.0,5,230.1,21230.1,20.0
2026-02-03 22:41:55.611,2455.05,34.72,460,2.691,5.61,0.00,142.7,90.2,0.0,84.68,55.95,5.61,26.5,313.6,0.267,904.0,22.0,5,239.8,21239.8,20.0
2026-02-03 22:41:55.661,2456.05,34.77,461,2.678,5.58,0.00,142.3,90.2,0.0,84.67,55.95,5.58,26.5,312.2,0.266,903.9,22.0,5,249.4,21249.4,20.0
2026-02-03 22:41:55.712,2457.05,34.81,461,2.666,5.55,0.00,141.8,90.2,0.0,84.66,55.95,5.55,26.5,310.8,0.265,903.8,22.0,5,259.1,21259.1,20.0
2026-02-03 22:41:55.762,2458.05,34.86,462,2.655,5.53,0.00,141.4,90.2,0.0,84.66,55.95,5.53,26.5,309.4,0.263,903.7,22.0,5,268.8,21268.8,20.0
2026-02-03 22:41:55.812,2459.05,34.81,461,1.762,3.67,0.00,95.0,89.3,0.0,84.65,56.04,3.67,26.5,205.8,0.175,903.7,22.0,5,278.4,21278.4,20.0
2026-02-03 22:41:55.861,2460.05,34.76,460,1.771,3.69,0.00,95.3,89.3,0.0,84.65,56.04,3.69,26.5,206.8,0.176,903.6,22.0,5,288.1,21288.1,20.0
2026-02-03 22:41:55.912,2461.05,34.71,460,1.779,3.71,0.00,95.6,89.3,0.0,84.64,56.03,3.71,26.5,207.7,0.177,903.6,22.0,5,297.7,21297.7,20.0
2026-02-03 22:41:55.962,2462.05,34.66,459,1.788,3.72,0.00,95.9,89.3,0.0,84.64,56.03,3.72,26.5,208.7,0.177,903.5,22.0,5,307.4,21307.4,20.0
2026-02-03 22:41:56.012,2463.05,34.61,459,1.796,3.74,0.00,96.2,89.3,0.0,84.63,56.03,3.74,26.5,209.6,0.178,903.5,22.0,5,317.0,21317.0,20.0
2026-02-03 22:41:56.062,2464.05,34.57,458,1.804,3.76,0.00,96.5,89.3,0.0,84.63,56.03,3.76,26.5,210.5,0.179,903.4,22.0,5,326.6,21326.6,20.0
2026-02-03 22:41:56.113,2465.05,34.52,457,1.811,3.77,0.00,96.8,89.3,0.0,84.62,56.03,3.77,26.5,211.4,0.180,903.3,22.0,5,336.2,21336.2,20.0
2026-02-03 22:41:56.162,2466.05,34.29,454,0.000,0.00,0.00,0.0,84.4,0.0,84.62,56.22,0.00,26.5,0.0,0.000,903.3,22.0,5,345.7,21345.7,20.0
2026-02-03 22:41:56.212,2467.05,34.05,451,0.000,0.00,0.00,0.0,84.4,0.0,84.62,56.22,0.00,26.5,0.0,0.000,903.3,22.0,5,355.1,21355.1,20.0
2026-02-03 22:41:56.262,2468.05,33.82,448,0.000,0.00,0.00,0.0,84.4,0.0,84.62,56.22,0.00,26.5,0.0,0.000,903.3,22.0,5,364.5,21364.5,20.0
2026-02-03 22:41:56.312,2469.05,33.79,448,1.939,4.04,0.00,101.2,89.4,0.0,84.62,56.01,4.04,26.5,226.3,0.192,903.3,22.0,5,373.9,21373.9,20.0
2026-02-03 22:41:56.361,2470.05,33.76,447,1.944,4.05,0.00,101.3,89.4,0.0,84.61,56.01,4.05,26.5,226.8,0.193,903.2,22.0,5,383.3,21383.3,20.0
2026-02-03 22:41:56.412,2471.05,33.73,447,1.949,4.06,0.00,101.5,89.4,0.0,84.61,56.01,4.06,26.5,227.4,0.193,903.1,22.0,5,392.7,21392.7,20.0
2026-02-03 22:41:56.462,2472.05,33.71,447,1.953,4.07,0.00,101.6,89.5,0.0,84.60,56.01,4.07,26.5,227.9,0.194,903.1,22.0,5,402.0,21402.0,20.0
2026-02-03 22:41:56.512,2473.05,33.68,446,1.958,4.08,0.00,101.8,89.5,0.0,84.60,56.01,4.08,26.5,228.4,0.194,903.0,22.0,5,411.4,21411.4,20.0
2026-02-03 22:41:56.561,2474.05,33.66,446,1.962,4.09,0.00,101.9,89.5,0.0,84.59,56.01,4.09,26.5,228.9,0.195,903.0,22.0,5,420.7,21420.7,20.0
2026-02-03 22:41:56.612,2475.05,33.63,446,1.966,4.10,0.00,102.1,89.5,0.0,84.59,56.01,4.10,26.5,229.4,0.195,902.9,22.0,5,430.1,21430.1,20.0
2026-02-03 22:41:56.662,2476.05,33.61,445,1.971,4.11,0.00,102.2,89.5,0.0,84.58,56.00,4.11,26.5,229.9,0.196,902.8,22.0,5,439.4,21439.4,20.0
2026-02-03 22:41:56.712,2477.05,33.58,445,1.975,4.11,0.00,102.4,89.5,0.0,84.57,56.00,4.11,26.5,230.4,0.196,902.8,22.0,5,448.7,21448.7,20.0
2026-02-03 22:41:56.761,2478.05,33.56,445,1.979,4.12,0.00,102.5,89.5,0.0,84.57,56.00,4.12,26.5,230.9,0.196,902.7,22.0,5,458.1,21458.1,20.0
2026-02-03 22:41:56.812,2479.05,33.54,444,1.983,4.13,0.00,102.6,89.5,0.0,84.56,56.00,4.13,26.5,231.3,0.197,902.6,22.0,5,467.4,21467.4,20.0
2026-02-03 22:41:56.862,2480.05,33.51,444,1.987,4.14,0.00,102.7,89.5,0.0,84.56,56.00,4.14,26.5,231.8,0.197,902.6,22.0,5,476.7,21476.7,20.0
2026-02-03 22:41:56.912,2481.05,33.49,444,1.991,4.15,0.00,102.9,89.5,0.0,84.55,56.00,4.15,26.5,232.2,0.197,902.5,22.0,5,486.0,21486.0,20.0
2026-02-03 22:41:56.962,2482.05,33.47,443,1.994,4.15,0.00,103.0,89.5,0.0,84.55,56.00,4.15,26.5,232.7,0.198,902.4,22.0,5,495.3,21495.3,20.0
2026-02-03 22:41:57.011,2483.05,33.45,443,1.998,4.16,0.00,103.1,89.5,0.0,84.54,55.99,4.16,26.5,233.1,0.198,902.4,22.0,5,504.6,21504.6,20.0
2026-02-03 22:41:57.062,2484.05,33.52,444,2.902,6.05,0.00,149.8,89.5,0.0,84.53,55.90,6.05,26.5,338.0,0.288,902.3,22.0,5,513.9,21513.9,20.0
2026-02-03 22:41:57.112,2485.05,33.60,445,2.884,6.01,0.00,149.2,89.4,0.0,84.53,55.90,6.01,26.5,335.9,0.286,902.2,22.0,5,523.2,21523.2,20.0
2026-02-03 22:41:57.162,2486.05,33.67,446,2.866,5.97,0.00,147.0,90.4,0.0,84.52,55.90,5.97,26.5,333.8,0.284,902.1,22.0,5,532.6,21532.6,20.0
2026-02-03 22:41:57.212,2487.05,33.73,447,2.849,5.93,0.00,146.4,90.4,0.0,84.51,55.90,5.93,26.5,331.8,0.283,902.0,22.0,5,542.0,21542.0,20.0
2026-02-03 22:41:57.261,2488.05,33.80,448,2.783,5.80,0.00,143.5,90.3,0.0,84.50,55.91,5.80,26.5,324.2,0.276,901.9,22.0,5,551.3,21551.3,20.0
2026-02-03 22:41:57.312,2489.05,33.85,449,2.768,5.77,0.00,143.0,90.3,0.0,84.49,55.91,5.77,26.5,322.4,0.275,901.8,22.0,5,560.7,21560.7,20.0
2026-02-03 22:41:57.362,2490.05,33.91,449,2.754,5.74,0.00,142.5,90.3,0.0,84.49,55.91,5.74,26.5,320.8,0.273,901.7,22.0,5,570.2,21570.2,20.0
2026-02-03 22:41:57.412,2491.05,33.97,450,2.740,5.71,0.00,142.0,90.3,0.0,84.48,55.91,5.71,26.5,319.1,0.272,901.6,22.0,5,579.6,21579.6,20.0
2026-02-03 22:41:57.461,2492.05,34.02,451,2.726,5.68,0.00,141.6,90.3,0.0,84.47,55.91,5.68,26.5,317.6,0.270,901.6,22.0,5,589.1,21589.1,20.0
2026-02-03 22:41:57.512,2493.05,34.07,451,2.666,5.55,0.00,138.8,90.2,0.0,84.46,55.91,5.55,26.5,310.5,0.264,901.5,22.0,5,598.5,21598.5,20.0
2026-02-03 22:41:57.562,2494.05,34.12,452,2.654,5.53,0.00,138.4,90.2,0.0,84.46,55.91,5.53,26.5,309.2,0.263,901.4,22.0,5,608.0,21608.0,20.0
2026-02-03 22:41:57.612,2495.05,34.16,453,2.643,5.51,0.00,138.0,90.2,0.0,84.45,55.91,5.51,26.5,307.9,0.262,901.3,22.0,5,617.5,21617.5,20.0
2026-02-03 22:41:57.661,2496.05,34.13,452,1.880,3.92,0.00,99.2,89.4,0.0,84.44,55.99,3.92,26.5,219.3,0.187,901.2,22.0,5,627.0,21627.0,20.0
2026-02-03 22:41:57.712,2497.05,34.09,452,1.887,3.93,0.00,99.4,89.4,0.0,84.44,55.99,3.93,26.5,220.1,0.187,901.2,22.0,5,636.4,21636.4,20.0
2026-02-03 22:41:57.762,2498.05,34.06,451,1.892,3.94,0.00,99.6,89.4,0.0,84.43,55.99,3.94,26.5,220.7,0.188,901.1,22.0,5,645.9,21645.9,20.0
2026-02-03 22:41:57.812,2499.05,33.82,448,0.000,0.00,0.00,0.0,84.4,0.0,84.43,56.18,0.00,26.5,0.0,0.000,901.1,22.0,5,655.3,21655.3,20.0
2026-02-03 22:41:57.862,2500.05,33.59,445,0.000,0.00,0.00,0.0,84.4,0.0,84.43,56.18,0.00,26.5,0.0,0.000,901.1,22.0,5,664.6,21664.6,20.0
2026-02-03 22:41:57.911,2501.05,33.36,442,0.000,0.00,0.00,0.0,84.4,0.0,84.43,56.18,0.00,26.5,0.0,0.000,901.1,22.0,5,673.9,21673.9,20.0
2026-02-03 22:41:57.962,2502.05,33.12,439,0.000,0.00,0.00,0.0,84.4,0.0,84.43,56.18,0.00,26.5,0.0,0.000,901.1,22.0,5,683.1,21683.1,20.0
2026-02-03 22:41:58.012,2503.05,32.89,436,0.000,0.00,0.00,0.0,84.4,0.0,84.43,56.18,0.00,26.5,0.0,0.000,901.1,22.0,5,692.2,21692.2,20.0
2026-02-03 22:41:58.061,2504.05,32.66,433,0.000,0.00,0.00,0.0,84.4,0.0,84.43,56.18,0.00,26.5,0.0,0.000,901.1,22.0,5,701.3,21701.3,20.0
2026-02-03 22:41:58.111,2505.05,32.43,430,0.000,0.00,0.00,0.0,84.4,0.0,84.43,56.18,0.00,26.5,0.0,0.000,901.1,22.0,5,710.3,21710.3,20.0
2026-02-03 22:41:58.162,2506.05,32.20,427,0.000,0.00,0.00,0.0,84.4,0.0,84.43,56.18,0.00,26.5,0.0,0.000,901.1,22.0,5,719.2,21719.2,20.0
2026-02-03 22:41:58.212,2507.05,31.97,424,0.000,0.00,0.00,0.0,84.4,0.0,84.43,56.18,0.00,26.5,0.0,0.000,901.1,22.0,5,728.1,21728.1,20.0
2026-02-03 22:41:58.262,2508.05,31.75,421,0.000,0.00,0.00,0.0,84.4,0.0,84.43,56.18,0.00,26.5,0.0,0.000,901.1,22.0,5,736.9,21736.9,20.0
2026-02-03 22:41:58.311,2509.05,31.52,418,0.000,0.00,0.00,0.0,84.4,0.0,84.43,56.18,0.00,26.5,0.0,0.000,901.1,22.0,5,745.7,21745.7,20.0
2026-02-03 22:41:58.361,2510.05,31.29,415,0.000,0.00,0.00,0.0,84.4,0.0,84.43,56.18,0.00,26.5,0.0,0.000,901.1,22.0,5,754.4,21754.4,20.0
2026-02-03 22:41:58.412,2511.05,31.07,412,0.000,0.00,0.00,0.0,84.4,0.0,84.43,56.18,0.00,26.5,0.0,0.000,901.1,22.0,5,763.0,21763.0,20.0
2026-02-03 22:41:58.462,2512.05,30.84,409,0.000,0.00,0.00,0.0,84.4,0.0,84.43,56.18,0.00,26.5,0.0,0.000,901.1,22.0,5,771.6,21771.6,20.0
2026-02-03 22:41:58.512,2513.05,30.88,409,2.444,5.09,0.00,115.6,90.0,0.0,84.43,55.93,5.09,26.5,284.8,0.242,901.0,22.0,5,780.2,21780.2,20.0
2026-02-03 22:41:58.561,2514.05,30.91,409,2.438,5.08,0.00,115.5,90.0,0.0,84.42,55.93,5.08,26.5,284.1,0.242,901.0,22.0,5,788.8,21788.8,20.0
2026-02-03 22:41:58.612,2515.05,30.94,410,2.433,5.07,0.00,115.3,90.0,0.0,84.41,55.93,5.07,26.5,283.4,0.241,900.9,22.0,5,797.3,21797.3,20.0
2026-02-03 22:41:58.662,2516.05,30.98,410,2.427,5.06,0.00,115.2,90.0,0.0,84.41,55.93,5.06,26.5,282.8,0.241,900.8,22.0,5,806.0,21806.0,20.0
2026-02-03 22:41:58.712,2517.05,31.01,411,2.421,5.04,0.00,115.1,89.9,0.0,84.40,55.93,5.04,26.5,282.1,0.240,900.7,22.0,5,814.6,21814.6,20.0
2026-02-03 22:41:58.762,2518.05,31.04,411,2.416,5.03,0.00,114.9,89.9,0.0,84.39,55.93,5.03,26.5,281.5,0.240,900.6,22.0,5,823.2,21823.2,20.0
2026-02-03 22:41:58.811,2519.05,30.81,408,0.000,0.00,0.00,0.0,84.4,0.0,84.39,56.18,0.00,26.5,0.0,0.000,900.6,22.0,5,831.7,21831.7,20.0
2026-02-03 22:41:58.862,2520.05,30.59,405,0.000,0.00,0.00,0.0,84.4,0.0,84.39,56.18,0.00,26.5,0.0,0.000,900.6,22.0,5,840.2,21840.2,20.0
2026-02-03 22:41:58.912,2521.05,30.37,402,0.000,0.00,0.00,0.0,84.4,0.0,84.39,56.18,0.00,26.5,0.0,0.000,900.6,22.0,5,848.7,21848.7,20.0
2026-02-03 22:41:58.962,2522.05,30.14,399,0.000,0.00,0.00,0.0,84.4,0.0,84.39,56.18,0.00,26.5,0.0,0.000,900.6,22.0,5,857.1,21857.1,20.0
2026-02-03 22:41:59.012,2523.05,29.92,396,0.000,0.00,0.00,0.0,84.4,0.0,84.39,56.18,0.00,26.5,0.0,0.000,900.6,22.0,5,865.4,21865.4,20.0
2026-02-03 22:41:59.061,2524.05,29.97,397,2.535,5.28,0.00,116.2,90.1,0.0,84.39,55.91,5.28,26.5,295.3,0.252,900.6,22.0,5,873.7,21873.7,20.0
2026-02-03 22:41:59.112,2525.05,30.01,398,2.528,5.27,0.00,116.1,90.1,0.0,84.38,55.91,5.27,26.5,294.4,0.251,900.5,22.0,5,882.0,21882.0,20.0
2026-02-03 22:41:59.162,2526.05,29.79,395,0.000,0.00,0.00,0.0,84.4,0.0,84.38,56.18,0.00,26.4,0.0,0.000,900.5,22.0,5,890.3,21890.3,20.0
2026-02-03 22:41:59.212,2527.05,29.84,395,2.557,5.33,0.00,116.7,90.1,0.0,84.37,55.91,5.33,26.4,297.8,0.254,900.4,22.0,5,898.6,21898.6,20.0
2026-02-03 22:41:59.262,2528.05,29.89,396,2.548,5.31,0.00,116.5,90.1,0.0,84.37,55.91,5.31,26.4,296.8,0.253,900.3,22.0,5,906.9,21906.9,20.0
2026-02-03 22:41:59.311,2529.05,29.94,397,2.540,5.29,0.00,116.3,90.1,0.0,84.36,55.91,5.29,26.4,295.9,0.252,900.2,22.0,5,915.2,21915.2,20.0
2026-02-03 22:41:59.361,2530.05,29.99,397,2.532,5.28,0.00,116.2,90.1,0.0,84.35,55.91,5.28,26.4,295.0,0.251,900.2,22.0,5,923.5,21923.5,20.0
2026-02-03 22:41:59.412,2531.05,30.03,398,2.525,5.26,0.00,116.0,90.1,0.0,84.35,55.91,5.26,26.4,294.1,0.250,900.1,22.0,5,931.9,21931.9,20.0
2026-02-03 22:41:59.462,2532.05,29.81,395,0.000,0.00,0.00,0.0,84.4,0.0,84.35,56.17,0.00,26.4,0.0,0.000,900.1,22.0,5,940.2,21940.2,20.0
2026-02-03 22:41:59.512,2533.05,29.86,396,2.554,5.32,0.00,116.6,90.1,0.0,84.34,55.90,5.32,26.4,297.4,0.253,900.0,22.0,5,948.5,21948.5,20.0
2026-02-03 22:41:59.562,2534.05,29.91,396,2.546,5.30,0.00,116.5,90.1,0.0,84.33,55.90,5.30,26.4,296.5,0.253,899.9,22.0,5,956.8,21956.8,20.0
2026-02-03 22:41:59.611,2535.05,29.96,397,2.538,5.29,0.00,116.3,90.1,0.0,84.32,55.90,5.29,26.4,295.5,0.252,899.8,22.0,5,965.1,21965.1,20.0
2026-02-03 22:41:59.661,2536.05,30.00,397,2.530,5.27,0.00,116.1,90.1,0.0,84.32,55.90,5.27,26.4,294.6,0.251,899.7,22.0,5,973.4,21973.4,20.0
2026-02-03 22:41:59.712,2537.05,29.78,394,0.000,0.00,0.00,0.0,84.4,0.0,84.32,56.17,0.00,26.4,0.0,0.000,899.7,22.0,5,981.7,21981.7,20.0
2026-02-03 22:41:59.762,2538.05,29.83,395,2.559,5.33,0.00,116.7,90.1,0.0,84.31,55.90,5.33,26.4,298.0,0.254,899.7,22.0,5,990.0,21990.0,20.0
2026-02-03 22:41:59.812,2539.05,29.88,396,2.551,5.31,0.00,116.6,90.1,0.0,84.30,55.90,5.31,26.4,297.0,0.253,899.6,22.0,5,998.3,21998.3,20.0
2026-02-03 22:41:59.862,2540.05,29.93,396,2.542,5.30,0.00,116.4,90.1,0.0,84.30,55.90,5.30,26.4,296.1,0.252,899.5,22.0,5,1006.6,22006.6,20.0
2026-02-03 22:41:59.911,2541.05,30.19,400,4.549,9.48,0.00,206.1,91.2,0.0,84.28,55.69,9.48,26.4,527.7,0.451,899.3,22.0,5,1015.0,22015.0,20.0
2026-02-03 22:41:59.962,2542.05,30.44,403,4.472,9.32,0.00,204.5,91.1,0.0,84.27,55.69,9.32,26.5,518.8,0.444,899.2,22.0,5,1023.4,22023.4,20.0
2026-02-03 22:42:00.012,2543.05,30.68,406,4.397,9.16,0.00,203.0,91.0,0.0,84.26,55.70,9.16,26.5,510.2,0.436,899.1,22.0,5,1032.0,22032.0,20.0
2026-02-03 22:42:00.062,2544.05,30.92,410,4.325,9.01,0.00,201.4,91.0,0.0,84.25,55.70,9.01,26.5,501.9,0.429,898.9,22.0,5,1040.5,22040.5,20.0
2026-02-03 22:42:00.112,2545.05,31.14,413,4.255,8.87,0.00,199.8,90.9,0.0,84.24,55.71,8.87,26.5,493.9,0.422,898.8,22.0,5,1049.2,22049.2,20.0
2026-02-03 22:42:00.161,2546.05,31.36,415,4.188,8.73,0.00,198.3,90.8,0.0,84.22,55.71,8.73,26.5,486.1,0.415,898.7,22.0,5,1057.9,22057.9,20.0
2026-02-03 22:42:00.212,2547.05,31.57,418,4.123,8.59,0.00,196.7,90.7,0.0,84.21,55.72,8.59,26.5,478.6,0.409,898.5,22.0,5,1066.7,22066.7,20.0
2026-02-03 22:42:00.262,2548.05,31.77,421,4.061,8.46,0.00,195.2,90.7,0.0,84.20,55.72,8.46,26.5,471.4,0.403,898.4,22.0,5,1075.5,22075.5,20.0
2026-02-03 22:42:00.312,2549.05,31.96,423,3.943,8.21,0.00,191.0,90.6,0.0,84.19,55.73,8.21,26.5,457.8,0.391,898.3,22.0,5,1084.4,22084.4,20.0
2026-02-03 22:42:00.361,2550.05,32.15,426,3.887,8.10,0.00,189.5,90.5,0.0,84.18,55.74,8.10,26.5,451.4,0.386,898.1,22.0,5,1093.3,22093.3,20.0
2026-02-03 22:42:00.412,2551.05,32.32,428,3.778,7.87,0.00,185.5,90.4,0.0,84.17,55.75,7.87,26.5,438.8,0.375,898.0,22.0,5,1102.3,22102.3,20.0
2026-02-03 22:42:00.462,2552.05,32.49,430,3.728,7.77,0.00,184.2,90.3,0.0,84.16,55.75,7.77,26.5,433.0,0.370,897.9,22.0,5,1111.3,22111.3,20.0
2026-02-03 22:42:00.512,2553.05,32.64,432,3.626,7.55,0.00,180.2,90.2,0.0,84.15,55.76,7.55,26.5,421.3,0.360,897.8,22.0,5,1120.4,22120.4,20.0
2026-02-03 22:42:00.561,2554.05,32.79,434,3.582,7.46,0.00,179.0,90.2,0.0,84.14,55.76,7.46,26.5,416.2,0.355,897.7,22.0,5,1129.5,22129.5,20.0
2026-02-03 22:42:00.611,2555.05,32.93,436,3.487,7.26,0.00,175.2,90.1,0.0,84.13,55.77,7.26,26.5,405.2,0.346,897.5,22.0,5,1138.6,22138.6,20.0
2026-02-03 22:42:00.662,2556.05,33.06,438,3.448,7.18,0.00,174.1,90.0,0.0,84.12,55.77,7.18,26.5,400.7,0.342,897.4,22.0,5,1147.8,22147.8,20.0
2026-02-03 22:42:00.712,2557.05,33.19,440,3.359,7.00,0.00,170.4,89.9,0.0,84.11,55.78,7.00,26.5,390.3,0.333,897.3,22.0,5,1157.0,22157.0,20.0
2026-02-03 22:42:00.762,2558.05,33.31,441,3.325,6.93,0.00,169.4,89.9,0.0,84.10,55.78,6.93,26.5,386.4,0.330,897.2,22.0,5,1166.3,22166.3,20.0
2026-02-03 22:42:00.811,2559.05,33.42,443,3.291,6.86,0.00,168.4,89.9,0.0,84.09,55.78,6.86,26.5,382.5,0.327,897.1,22.0,5,1175.6,22175.6,20.0
2026-02-03 22:42:00.862,2560.05,33.53,444,3.209,6.69,0.00,164.9,89.8,0.0,84.08,55.79,6.69,26.5,373.0,0.318,897.0,22.0,5,1184.9,22184.9,20.0
2026-02-03 22:42:00.912,2561.05,33.64,446,3.180,6.63,0.00,164.0,89.8,0.0,84.07,55.79,6.63,26.5,369.6,0.315,896.9,22.0,5,1194.2,22194.2,20.0
2026-02-03 22:42:00.962,2562.05,33.74,447,3.152,6.57,0.00,163.1,89.7,0.0,84.07,55.79,6.57,26.5,366.4,0.313,896.8,22.0,5,1203.6,22203.6,20.0
2026-02-03 22:42:01.011,2563.05,33.83,448,3.076,6.41,0.00,159.8,89.6,0.0,84.06,55.80,6.41,26.5,357.6,0.305,896.7,22.0,5,1213.0,22213.0,20.0
2026-02-03 22:42:01.062,2564.05,33.92,449,3.051,6.36,0.00,159.0,89.6,0.0,84.05,55.80,6.36,26.5,354.7,0.303,896.6,22.0,5,1222.4,22222.4,20.0
2026-02-03 22:42:01.112,2565.05,34.00,450,3.027,6.31,0.00,158.2,89.6,0.0,84.04,55.80,6.31,26.5,351.9,0.300,896.5,22.0,5,1231.9,22231.9,20.0
2026-02-03 22:42:01.162,2566.05,34.08,452,2.956,6.16,0.00,155.0,89.5,0.0,84.03,55.81,6.16,26.5,343.7,0.293,896.4,22.0,5,1241.3,22241.3,20.0
2026-02-03 22:42:01.212,2567.05,34.16,453,2.936,6.12,0.00,154.3,89.5,0.0,84.02,55.81,6.12,26.5,341.3,0.291,896.3,22.0,5,1250.8,22250.8,20.0
2026-02-03 22:42:01.262,2568.05,34.23,454,2.916,6.07,0.00,153.6,89.5,0.0,84.02,55.81,6.07,26.5,339.0,0.289,896.2,22.0,5,1260.3,22260.3,20.0
2026-02-03 22:42:01.312,2569.05,34.19,453,1.869,3.89,0.00,98.8,89.4,0.0,84.01,55.92,3.89,26.5,217.7,0.185,896.2,22.0,5,1269.8,22269.8,20.0
2026-02-03 22:42:01.362,2570.05,33.96,450,0.000,0.00,0.00,0.0,84.4,0.0,84.01,56.11,0.00,26.5,0.0,0.000,896.2,22.0,5,1279.3,22279.3,20.0
2026-02-03 22:42:01.412,2571.05,33.73,447,0.000,0.00,0.00,0.0,84.4,0.0,84.01,56.11,0.00,26.5,0.0,0.000,896.2,22.0,5,1288.6,22288.6,20.0
2026-02-03 22:42:01.462,2572.05,33.49,444,0.000,0.00,0.00,0.0,84.4,0.0,84.01,56.11,0.00,26.5,0.0,0.000,896.2,22.0,5,1297.9,22297.9,20.0
2026-02-03 22:42:01.512,2573.05,33.26,441,0.000,0.00,0.00,0.0,84.4,0.0,84.01,56.11,0.00,26.5,0.0,0.000,896.2,22.0,5,1307.2,22307.2,20.0
2026-02-03 22:42:01.561,2574.05,33.03,438,0.000,0.00,0.00,0.0,84.4,0.0,84.01,56.11,0.00,26.5,0.0,0.000,896.2,22.0,5,1316.3,22316.3,20.0
2026-02-03 22:42:01.612,2575.05,32.80,434,0.000,0.00,0.00,0.0,84.4,0.0,84.01,56.11,0.00,26.5,0.0,0.000,896.2,22.0,5,1325.5,22325.5,20.0
2026-02-03 22:42:01.662,2576.05,32.57,431,0.000,0.00,0.00,0.0,84.4,0.0,84.01,56.11,0.00,26.5,0.0,0.000,896.2,22.0,5,1334.5,22334.5,20.0
2026-02-03 22:42:01.712,2577.05,32.34,428,0.000,0.00,0.00,0.0,84.4,0.0,84.01,56.11,0.00,26.5,0.0,0.000,896.2,22.0,5,1343.5,22343.5,20.0
2026-02-03 22:42:01.761,2578.05,32.11,425,0.000,0.00,0.00,0.0,84.4,0.0,84.01,56.11,0.00,26.5,0.0,0.000,896.2,22.0,5,1352.4,22352.4,20.0
2026-02-03 22:42:01.812,2579.05,31.88,422,0.000,0.00,0.00,0.0,84.4,0.0,84.01,56.11,0.00,26.5,0.0,0.000,896.2,22.0,5,1361.3,22361.3,20.0
2026-02-03 22:42:01.862,2580.05,31.65,419,0.000,0.00,0.00,0.0,84.4,0.0,84.01,56.11,0.00,26.5,0.0,0.000,896.2,22.0,5,1370.0,22370.0,20.0
2026-02-03 22:42:01.912,2581.05,31.42,416,0.000,0.00,0.00,0.0,84.4,0.0,84.01,56.11,0.00,26.5,0.0,0.000,896.2,22.0,5,1378.8,22378.8,20.0
2026-02-03 22:42:01.961,2582.05,31.20,413,0.000,0.00,0.00,0.0,84.4,0.0,84.01,56.11,0.00,26.5,0.0,0.000,896.2,22.0,5,1387.4,22387.4,20.0
2026-02-03 22:42:02.012,2583.05,30.97,410,0.000,0.00,0.00,0.0,84.4,0.0,84.01,56.11,0.00,26.5,0.0,0.000,896.2,22.0,5,1396.0,22396.0,20.0
2026-02-03 22:42:02.062,2584.05,30.75,407,0.000,0.00,0.00,0.0,84.4,0.0,84.01,56.11,0.00,26.5,0.0,0.000,896.2,22.0,5,1404.6,22404.6,20.0
2026-02-03 22:42:02.112,2585.05,30.52,404,0.000,0.00,0.00,0.0,84.4,0.0,84.01,56.11,0.00,26.5,0.0,0.000,896.2,22.0,5,1413.1,22413.1,20.0
2026-02-03 22:42:02.161,2586.05,30.30,401,0.000,0.00,0.00,0.0,84.4,0.0,84.01,56.11,0.00,26.5,0.0,0.000,896.2,22.0,5,1421.5,22421.5,20.0
2026-02-03 22:42:02.212,2587.05,30.08,398,0.000,0.00,0.00,0.0,84.4,0.0,84.01,56.11,0.00,26.5,0.0,0.000,896.2,22.0,5,1429.8,22429.8,20.0
2026-02-03 22:42:02.262,2588.05,29.86,395,0.000,0.00,0.00,0.0,84.4,0.0,84.01,56.11,0.00,26.5,0.0,0.000,896.2,22.0,5,1438.1,22438.1,20.0
2026-02-03 22:42:02.312,2589.05,29.64,393,0.000,0.00,0.00,0.0,84.4,0.0,84.01,56.11,0.00,26.5,0.0,0.000,896.2,22.0,5,1446.4,22446.4,20.0
2026-02-03 22:42:02.361,2590.05,29.42,390,0.000,0.00,0.00,0.0,84.4,0.0,84.01,56.11,0.00,26.5,0.0,0.000,896.2,22.0,5,1454.5,22454.5,20.0
2026-02-03 22:42:02.412,2591.05,29.20,387,0.000,0.00,0.00,0.0,84.4,0.0,84.01,56.11,0.00,26.5,0.0,0.000,896.2,22.0,5,1462.6,22462.6,20.0
2026-02-03 22:42:02.462,2592.05,28.98,384,0.000,0.00,0.00,0.0,84.4,0.0,84.01,56.11,0.00,26.5,0.0,0.000,896.2,22.0,5,1470.7,22470.7,20.0
2026-02-03 22:42:02.512,2593.05,28.76,381,0.000,0.00,0.00,0.0,84.4,0.0,84.01,56.11,0.00,26.5,0.0,0.000,896.2,22.0,5,1478.7,22478.7,20.0
2026-02-03 22:42:02.561,2594.05,28.54,378,0.000,0.00,0.00,0.0,84.4,0.0,84.01,56.11,0.00,26.4,0.0,0.000,896.2,22.0,5,1486.6,22486.6,20.0
2026-02-03 22:42:02.612,2595.05,28.32,375,0.000,0.00,0.00,0.0,84.4,0.0,84.01,56.11,0.00,26.4,0.0,0.000,896.2,22.0,5,1494.5,22494.5,20.0
2026-02-03 22:42:02.662,2596.05,28.11,372,0.000,0.00,0.00,0.0,84.4,0.0,84.01,56.11,0.00,26.4,0.0,0.000,896.2,22.0,5,1502.3,22502.3,20.0
2026-02-03 22:42:02.712,2597.05,27.89,369,0.000,0.00,0.00,0.0,84.4,0.0,84.01,56.11,0.00,26.4,0.0,0.000,896.2,22.0,5,1510.0,22510.0,20.0
2026-02-03 22:42:02.762,2598.05,27.67,367,0.000,0.00,0.00,0.0,84.4,0.0,84.01,56.11,0.00,26.4,0.0,0.000,896.2,22.0,5,1517.7,22517.7,20.0
2026-02-03 22:42:02.812,2599.05,27.46,364,0.000,0.00,0.00,0.0,84.4,0.0,84.01,56.11,0.00,26.4,0.0,0.000,896.2,22.0,5,1525.4,22525.4,20.0
2026-02-03 22:42:02.861,2600.05,27.25,361,0.000,0.00,0.00,0.0,84.4,0.0,84.01,56.11,0.00,26.4,0.0,0.000,896.2,22.0,5,1532.9,22532.9,20.0
2026-02-03 22:42:02.911,2601.05,27.03,358,0.000,0.00,0.00,0.0,84.4,0.0,84.01,56.11,0.00,26.4,0.0,0.000,896.2,22.0,5,1540.4,22540.4,20.0
2026-02-03 22:42:02.962,2602.05,26.82,355,0.000,0.00,0.00,0.0,84.4,0.0,84.01,56.11,0.00,26.4,0.0,0.000,896.2,22.0,5,1547.9,22547.9,20.0
2026-02-03 22:42:03.012,2603.05,26.61,352,0.000,0.00,0.00,0.0,84.4,0.0,84.01,56.11,0.00,26.4,0.0,0.000,896.2,22.0,5,1555.3,22555.3,20.0
2026-02-03 22:42:03.062,2604.05,26.98,357,5.536,11.53,0.00,220.5,92.2,0.0,84.00,55.53,11.53,26.4,640.5,0.549,896.0,22.0,5,1562.8,22562.8,20.0
2026-02-03 22:42:03.112,2605.05,27.33,362,5.347,11.14,0.00,216.4,92.0,0.0,83.98,55.55,11.14,26.4,618.8,0.530,895.8,22.0,5,1570.4,22570.4,20.0
2026-02-03 22:42:03.161,2606.05,27.67,366,5.168,10.77,0.00,212.4,91.8,0.0,83.97,55.57,10.77,26.5,598.2,0.513,895.6,22.0,5,1578.0,22578.0,20.0
2026-02-03 22:42:03.212,2607.05,27.98,371,4.997,10.41,0.00,208.2,91.7,0.0,83.95,55.58,10.41,26.5,578.6,0.496,895.5,22.0,5,1585.8,22585.8,20.0
2026-02-03 22:42:03.262,2608.05,28.28,375,4.834,10.07,0.00,204.1,91.5,0.0,83.94,55.60,10.07,26.5,560.0,0.480,895.3,22.0,5,1593.7,22593.7,20.0
2026-02-03 22:42:03.312,2609.05,28.56,378,4.679,9.75,0.00,200.0,91.3,0.0,83.93,55.61,9.75,26.5,542.2,0.464,895.2,22.0,5,1601.6,22601.6,20.0
2026-02-03 22:42:03.361,2610.05,28.82,382,4.532,9.44,0.00,196.0,91.2,0.0,83.91,55.63,9.44,26.5,525.2,0.450,895.0,22.0,5,1609.6,22609.6,20.0
2026-02-03 22:42:03.412,2611.05,29.06,385,4.391,9.15,0.00,191.9,91.0,0.0,83.90,55.64,9.15,26.5,508.9,0.436,894.9,22.0,5,1617.7,22617.7,20.0
2026-02-03 22:42:03.462,2612.05,29.30,388,4.256,8.87,0.00,187.9,90.9,0.0,83.89,55.65,8.87,26.5,493.4,0.422,894.8,22.0,5,1625.8,22625.8,20.0
2026-02-03 22:42:03.512,2613.05,29.52,391,4.195,8.74,0.00,186.8,90.8,0.0,83.88,55.65,8.74,26.5,486.4,0.416,894.6,22.0,5,1634.0,22634.0,20.0
2026-02-03 22:42:03.562,2614.05,29.73,394,4.069,8.48,0.00,182.9,90.7,0.0,83.87,55.67,8.48,26.5,471.9,0.404,894.5,22.0,5,1642.3,22642.3,20.0
2026-02-03 22:42:03.611,2615.05,29.93,396,3.949,8.23,0.00,179.0,90.6,0.0,83.86,55.68,8.23,26.5,458.0,0.392,894.4,22.0,5,1650.6,22650.6,20.0
2026-02-03 22:42:03.661,2616.05,30.12,399,3.899,8.12,0.00,178.0,90.5,0.0,83.85,55.68,8.12,26.5,452.2,0.387,894.2,22.0,5,1659.0,22659.0,20.0
2026-02-03 22:42:03.712,2617.05,30.30,401,3.786,7.89,0.00,174.1,90.4,0.0,83.84,55.69,7.89,26.5,439.2,0.376,894.1,22.0,5,1667.4,22667.4,20.0
2026-02-03 22:42:03.762,2618.05,30.35,402,2.536,5.28,0.00,117.7,90.1,0.0,83.83,55.82,5.28,26.5,294.9,0.252,894.0,22.0,5,1675.8,22675.8,20.0
2026-02-03 22:42:03.812,2619.05,30.39,403,2.528,5.27,0.00,117.6,90.1,0.0,83.82,55.82,5.27,26.5,294.0,0.251,894.0,22.0,5,1684.2,22684.2,20.0
2026-02-03 22:42:03.862,2620.05,30.43,403,2.521,5.25,0.00,117.4,90.1,0.0,83.82,55.82,5.25,26.5,293.1,0.250,893.9,22.0,5,1692.7,22692.7,20.0
2026-02-03 22:42:03.911,2621.05,30.48,404,2.513,5.24,0.00,117.2,90.0,0.0,83.81,55.82,5.24,26.5,292.3,0.249,893.8,22.0,5,1701.2,22701.2,20.0
2026-02-03 22:42:03.962,2622.05,30.25,401,0.000,0.00,0.00,0.0,84.4,0.0,83.81,56.08,0.00,26.5,0.0,0.000,893.8,22.0,5,1709.6,22709.6,20.0
2026-02-03 22:42:04.012,2623.05,30.03,398,0.000,0.00,0.00,0.0,84.4,0.0,83.81,56.08,0.00,26.5,0.0,0.000,893.8,22.0,5,1717.9,22717.9,20.0
2026-02-03 22:42:04.062,2624.05,29.81,395,0.000,0.00,0.00,0.0,84.4,0.0,83.81,56.08,0.00,26.5,0.0,0.000,893.8,22.0,5,1726.2,22726.2,20.0
2026-02-03 22:42:04.112,2625.05,29.59,392,0.000,0.00,0.00,0.0,84.4,0.0,83.81,56.08,0.00,26.5,0.0,0.000,893.8,22.0,5,1734.4,22734.4,20.0
2026-02-03 22:42:04.161,2626.05,29.37,389,0.000,0.00,0.00,0.0,84.4,0.0,83.81,56.08,0.00,26.5,0.0,0.000,893.8,22.0,5,1742.6,22742.6,20.0
2026-02-03 22:42:04.212,2627.05,29.15,386,0.000,0.00,0.00,0.0,84.4,0.0,83.81,56.08,0.00,26.5,0.0,0.000,893.8,22.0,5,1750.7,22750.7,20.0
2026-02-03 22:42:04.262,2628.05,28.93,383,0.000,0.00,0.00,0.0,84.4,0.0,83.81,56.08,0.00,26.5,0.0,0.000,893.8,22.0,5,1758.7,22758.7,20.0
2026-02-03 22:42:04.312,2629.05,28.71,380,0.000,0.00,0.00,0.0,84.4,0.0,83.81,56.08,0.00,26.5,0.0,0.000,893.8,22.0,5,1766.7,22766.7,20.0
2026-02-03 22:42:04.362,2630.05,28.49,377,0.000,0.00,0.00,0.0,84.4,0.0,83.81,56.08,0.00,26.5,0.0,0.000,893.8,22.0,5,1774.6,22774.6,20.0
2026-02-03 22:42:04.411,2631.05,28.28,375,0.000,0.00,0.00,0.0,84.4,0.0,83.81,56.08,0.00,26.5,0.0,0.000,893.8,22.0,5,1782.4,22782.4,20.0
2026-02-03 22:42:04.462,2632.05,28.06,372,0.000,0.00,0.00,0.0,84.4,0.0,83.81,56.08,0.00,26.5,0.0,0.000,893.8,22.0,5,1790.2,22790.2,20.0
2026-02-03 22:42:04.512,2633.05,27.84,369,0.000,0.00,0.00,0.0,84.4,0.0,83.81,56.08,0.00,26.5,0.0,0.000,893.8,22.0,5,1798.0,22798.0,20.0
2026-02-03 22:42:04.562,2634.05,27.63,366,0.000,0.00,0.00,0.0,84.4,0.0,83.81,56.08,0.00,26.5,0.0,0.000,893.8,22.0,5,1805.6,22805.6,20.0
2026-02-03 22:42:04.612,2635.05,27.41,363,0.000,0.00,0.00,0.0,84.4,0.0,83.81,56.08,0.00,26.5,0.0,0.000,893.8,22.0,5,1813.3,22813.3,20.0
2026-02-03 22:42:04.662,2636.05,27.20,360,0.000,0.00,0.00,0.0,84.4,0.0,83.81,56.08,0.00,26.5,0.0,0.000,893.8,22.0,5,1820.8,22820.8,20.0
2026-02-03 22:42:04.711,2637.05,26.99,357,0.000,0.00,0.00,0.0,84.4,0.0,83.81,56.08,0.00,26.5,0.0,0.000,893.8,22.0,5,1828.3,22828.3,20.0
2026-02-03 22:42:04.762,2638.05,27.08,359,2.944,6.13,0.00,122.5,89.5,0.0,83.80,55.77,6.13,26.5,342.0,0.292,893.7,22.0,5,1835.8,22835.8,20.0
2026-02-03 22:42:04.812,2639.05,26.87,356,0.000,0.00,0.00,0.0,84.4,0.0,83.80,56.08,0.00,26.5,0.0,0.000,893.7,22.0,5,1843.3,22843.3,20.0
2026-02-03 22:42:04.862,2640.05,26.97,357,2.962,6.17,0.00,122.7,89.5,0.0,83.79,55.77,6.17,26.5,344.2,0.294,893.6,22.0,5,1850.8,22850.8,20.0
2026-02-03 22:42:04.912,2641.05,27.07,359,2.946,6.14,0.00,122.5,89.5,0.0,83.78,55.77,6.14,26.5,342.3,0.292,893.5,22.0,5,1858.3,22858.3,20.0
2026-02-03 22:42:04.961,2642.05,26.86,356,0.000,0.00,0.00,0.0,84.4,0.0,83.78,56.08,0.00,26.5,0.0,0.000,893.5,22.0,5,1865.8,22865.8,20.0
2026-02-03 22:42:05.012,2643.05,26.96,357,2.964,6.18,0.00,122.7,89.5,0.0,83.78,55.77,6.18,26.5,344.4,0.294,893.4,22.0,5,1873.3,22873.3,20.0
2026-02-03 22:42:05.062,2644.05,27.06,358,2.948,6.14,0.00,122.6,89.5,0.0,83.77,55.77,6.14,26.5,342.5,0.292,893.3,22.0,5,1880.8,22880.8,20.0
2026-02-03 22:42:05.111,2645.05,26.85,356,0.000,0.00,0.00,0.0,84.4,0.0,83.77,56.07,0.00,26.5,0.0,0.000,893.3,22.0,5,1888.2,22888.2,20.0
2026-02-03 22:42:05.162,2646.05,26.95,357,2.966,6.18,0.00,122.8,89.5,0.0,83.76,55.76,6.18,26.5,344.6,0.294,893.2,22.0,5,1895.7,22895.7,20.0
2026-02-03 22:42:05.212,2647.05,27.05,358,2.950,6.15,0.00,122.6,89.5,0.0,83.75,55.76,6.15,26.5,342.7,0.293,893.1,22.0,5,1903.2,22903.2,20.0
2026-02-03 22:42:05.262,2648.05,27.27,361,4.092,8.53,0.00,168.4,90.7,0.0,83.74,55.64,8.53,26.5,474.4,0.406,893.0,22.0,5,1910.8,22910.8,20.0
2026-02-03 22:42:05.312,2649.05,27.48,364,4.043,8.42,0.00,167.9,90.7,0.0,83.73,55.65,8.42,26.5,468.7,0.401,892.9,22.0,5,1918.4,22918.4,20.0
2026-02-03 22:42:05.361,2650.05,27.68,367,3.919,8.16,0.00,164.2,90.5,0.0,83.72,55.66,8.16,26.5,454.4,0.389,892.7,22.0,5,1926.1,22926.1,20.0
2026-02-03 22:42:05.412,2651.05,27.87,369,3.800,7.92,0.00,160.6,90.4,0.0,83.71,55.67,7.92,26.5,440.7,0.377,892.6,22.0,5,1933.9,22933.9,20.0
2026-02-03 22:42:05.462,2652.05,28.05,372,3.760,7.83,0.00,160.1,90.4,0.0,83.70,55.67,7.83,26.5,436.1,0.373,892.5,22.0,5,1941.7,22941.7,20.0
2026-02-03 22:42:05.512,2653.05,28.14,373,2.845,5.93,0.00,121.8,90.4,0.0,83.69,55.76,5.93,26.5,330.5,0.282,892.4,22.0,5,1949.5,22949.5,20.0
2026-02-03 22:42:05.561,2654.05,28.22,374,2.831,5.90,0.00,121.6,90.4,0.0,83.68,55.76,5.90,26.5,328.9,0.281,892.3,22.0,5,1957.3,22957.3,20.0
2026-02-03 22:42:05.612,2655.05,28.30,375,2.817,5.87,0.00,121.4,90.4,0.0,83.67,55.76,5.87,26.5,327.3,0.279,892.2,22.0,5,1965.2,22965.2,20.0
2026-02-03 22:42:05.662,2656.05,28.38,376,2.803,5.84,0.00,121.2,90.4,0.0,83.67,55.76,5.84,26.5,325.7,0.278,892.1,22.0,5,1973.1,22973.1,20.0
2026-02-03 22:42:05.712,2657.05,28.46,377,2.790,5.81,0.00,121.0,90.3,0.0,83.66,55.76,5.81,26.5,324.1,0.277,892.0,22.0,5,1981.0,22981.0,20.0
2026-02-03 22:42:05.762,2658.05,28.54,378,2.777,5.79,0.00,120.8,90.3,0.0,83.65,55.76,5.79,26.5,322.6,0.276,891.9,22.0,5,1988.9,22988.9,20.0
2026-02-03 22:42:05.811,2659.05,28.61,379,2.764,5.76,0.00,120.6,90.3,0.0,83.64,55.76,5.76,26.5,321.2,0.274,891.9,22.0,5,1996.8,22996.8,20.0
2026-02-03 22:42:05.861,2660.05,28.69,380,2.752,5.73,0.00,120.4,90.3,0.0,83.64,55.76,5.73,26.5,319.7,0.273,891.8,22.0,5,2004.8,23004.8,20.0
2026-02-03 22:42:05.912,2661.05,28.76,381,2.740,5.71,0.00,120.1,90.3,0.0,83.63,55.76,5.71,26.5,318.3,0.272,891.7,22.0,5,2012.8,23012.8,20.0
2026-02-03 22:42:05.962,2662.05,28.83,382,2.728,5.68,0.00,119.9,90.3,0.0,83.62,55.76,5.68,26.5,316.9,0.271,891.6,22.0,5,2020.8,23020.8,20.0
2026-02-03 22:42:06.012,2663.05,28.90,383,2.716,5.66,0.00,119.7,90.3,0.0,83.61,55.76,5.66,26.5,315.5,0.269,891.5,22.0,5,2028.8,23028.8,20.0
2026-02-03 22:42:06.062,2664.05,28.97,384,2.705,5.63,0.00,119.5,90.2,0.0,83.61,55.76,5.63,26.5,314.2,0.268,891.4,22.0,5,2036.9,23036.9,20.0
2026-02-03 22:42:06.111,2665.05,29.03,385,2.693,5.61,0.00,119.3,90.2,0.0,83.60,55.76,5.61,26.5,312.9,0.267,891.3,22.0,5,2045.0,23045.0,20.0
2026-02-03 22:42:06.161,2666.05,29.10,385,2.682,5.59,0.00,119.1,90.2,0.0,83.59,55.76,5.59,26.5,311.6,0.266,891.2,22.0,5,2053.0,23053.0,20.0
2026-02-03 22:42:06.212,2667.05,29.16,386,2.671,5.57,0.00,118.9,90.2,0.0,83.58,55.76,5.57,26.5,310.4,0.265,891.2,22.0,5,2061.1,23061.1,20.0
2026-02-03 22:42:06.262,2668.05,29.23,387,2.661,5.54,0.00,118.7,90.2,0.0,83.58,55.76,5.54,26.5,309.1,0.264,891.1,22.0,5,2069.3,23069.3,20.0
2026-02-03 22:42:06.312,2669.05,29.29,388,2.651,5.52,0.00,118.5,90.2,0.0,83.57,55.76,5.52,26.5,307.9,0.263,891.0,22.0,5,2077.4,23077.4,20.0
2026-02-03 22:42:06.362,2670.05,29.35,389,2.640,5.50,0.00,118.3,90.2,0.0,83.56,55.76,5.50,26.5,306.7,0.262,890.9,22.0,5,2085.5,23085.5,20.0
2026-02-03 22:42:06.411,2671.05,29.41,390,2.630,5.48,0.00,118.2,90.2,0.0,83.55,55.76,5.48,26.5,305.6,0.261,890.8,22.0,5,2093.7,23093.7,20.0
2026-02-03 22:42:06.462,2672.05,29.46,390,2.621,5.46,0.00,118.0,90.2,0.0,83.55,55.76,5.46,26.5,304.5,0.260,890.7,22.0,5,2101.9,23101.9,20.0
2026-02-03 22:42:06.512,2673.05,29.52,391,2.611,5.44,0.00,117.8,90.2,0.0,83.54,55.76,5.44,26.5,303.3,0.259,890.6,22.0,5,2110.1,23110.1,20.0
2026-02-03 22:42:06.562,2674.05,29.58,392,2.602,5.42,0.00,117.6,90.1,0.0,83.53,55.76,5.42,26.5,302.3,0.258,890.6,22.0,5,2118.3,23118.3,20.0
2026-02-03 22:42:06.612,2675.05,29.63,392,2.593,5.40,0.00,117.4,90.1,0.0,83.53,55.76,5.40,26.5,301.2,0.257,890.5,22.0,5,2126.5,23126.5,20.0
2026-02-03 22:42:06.662,2676.05,29.68,393,2.584,5.38,0.00,117.2,90.1,0.0,83.52,55.76,5.38,26.5,300.1,0.256,890.4,22.0,5,2134.8,23134.8,20.0
2026-02-03 22:42:06.712,2677.05,29.73,394,2.575,5.36,0.00,117.1,90.1,0.0,83.51,55.76,5.36,26.5,299.1,0.255,890.3,22.0,5,2143.0,23143.0,20.0
2026-02-03 22:42:06.762,2678.05,29.79,395,2.566,5.35,0.00,116.9,90.1,0.0,83.50,55.76,5.35,26.5,298.1,0.255,890.2,22.0,5,2151.3,23151.3,20.0
2026-02-03 22:42:06.812,2679.05,29.84,395,2.558,5.33,0.00,116.7,90.1,0.0,83.50,55.76,5.33,26.5,297.1,0.254,890.1,22.0,5,2159.6,23159.6,20.0
2026-02-03 22:42:06.862,2680.05,29.88,396,2.550,5.31,0.00,116.5,90.1,0.0,83.49,55.76,5.31,26.5,296.2,0.253,890.1,22.0,5,2167.9,23167.9,20.0
2026-02-03 22:42:06.911,2681.05,29.93,396,2.542,5.29,0.00,116.4,90.1,0.0,83.48,55.76,5.29,26.5,295.2,0.252,890.0,22.0,5,2176.2,23176.2,20.0
2026-02-03 22:42:06.962,2682.05,29.98,397,2.534,5.28,0.00,116.2,90.1,0.0,83.48,55.76,5.28,26.5,294.3,0.251,889.9,22.0,5,2184.5,23184.5,20.0
2026-02-03 22:42:07.012,2683.05,30.02,398,2.526,5.26,0.00,116.0,90.1,0.0,83.47,55.76,5.26,26.5,293.4,0.251,889.8,22.0,5,2192.9,23192.9,20.0
2026-02-03 22:42:07.061,2684.05,30.08,398,2.583,5.38,0.00,118.8,90.1,0.0,83.46,55.75,5.38,26.5,300.0,0.256,889.7,22.0,5,2201.2,23201.2,20.0
2026-02-03 22:42:07.112,2685.05,30.33,402,4.505,9.38,0.00,205.2,91.1,0.0,83.45,55.55,9.38,26.5,521.3,0.447,889.6,22.0,5,2209.7,23209.7,20.0
2026-02-03 22:42:07.162,2686.05,30.58,405,4.429,9.23,0.00,203.7,91.1,0.0,83.44,55.56,9.23,26.5,512.6,0.439,889.5,22.0,5,2218.2,23218.2,20.0
2026-02-03 22:42:07.212,2687.05,30.82,408,4.356,9.07,0.00,202.1,91.0,0.0,83.43,55.56,9.07,26.5,504.2,0.432,889.3,22.0,5,2226.7,23226.7,20.0
2026-02-03 22:42:07.262,2688.05,31.05,411,4.285,8.93,0.00,200.5,90.9,0.0,83.41,55.57,8.93,26.5,496.0,0.425,889.2,22.0,5,2235.3,23235.3,20.0
2026-02-03 22:42:07.311,2689.05,31.27,414,4.217,8.78,0.00,198.9,90.8,0.0,83.40,55.57,8.78,26.5,488.2,0.418,889.0,22.0,5,2244.0,23244.0,20.0
2026-02-03 22:42:07.362,2690.05,31.48,417,4.151,8.65,0.00,197.4,90.8,0.0,83.39,55.58,8.65,26.5,480.6,0.412,888.9,22.0,5,2252.8,23252.8,20.0
2026-02-03 22:42:07.412,2691.05,31.69,420,4.087,8.52,0.00,195.8,90.7,0.0,83.38,55.58,8.52,26.5,473.3,0.405,888.8,22.0,5,2261.6,23261.6,20.0
2026-02-03 22:42:07.461,2692.05,31.88,422,3.968,8.27,0.00,191.6,90.6,0.0,83.37,55.59,8.27,26.5,459.6,0.394,888.6,22.0,5,2270.4,23270.4,20.0
2026-02-03 22:42:07.512,2693.05,32.07,425,3.912,8.15,0.00,190.2,90.5,0.0,83.36,55.60,8.15,26.5,453.1,0.388,888.5,22.0,5,2279.3,23279.3,20.0
2026-02-03 22:42:07.562,2694.05,32.24,427,3.801,7.92,0.00,186.1,90.4,0.0,83.35,55.61,7.92,26.5,440.4,0.377,888.4,22.0,5,2288.3,23288.3,20.0
2026-02-03 22:42:07.612,2695.05,32.41,429,3.751,7.81,0.00,184.8,90.4,0.0,83.34,55.61,7.81,26.5,434.6,0.372,888.3,22.0,5,2297.3,23297.3,20.0
2026-02-03 22:42:07.661,2696.05,32.57,431,3.648,7.60,0.00,180.8,90.2,0.0,83.33,55.62,7.60,26.5,422.7,0.362,888.2,22.0,5,2306.3,23306.3,20.0
2026-02-03 22:42:07.711,2697.05,32.72,433,3.603,7.51,0.00,179.6,90.2,0.0,83.32,55.62,7.51,26.5,417.5,0.357,888.0,22.0,5,2315.4,23315.4,20.0
2026-02-03 22:42:07.762,2698.05,32.86,435,3.507,7.31,0.00,175.8,90.1,0.0,83.31,55.63,7.31,26.5,406.4,0.348,887.9,22.0,5,2324.6,23324.6,20.0
2026-02-03 22:42:07.812,2699.05,33.00,437,3.467,7.22,0.00,174.6,90.1,0.0,83.30,55.63,7.22,26.5,401.9,0.344,887.8,22.0,5,2333.7,23333.7,20.0
2026-02-03 22:42:07.862,2700.05,33.13,439,3.429,7.14,0.00,173.5,90.0,0.0,83.29,55.64,7.14,26.5,397.4,0.340,887.7,22.0,5,2342.9,23342.9,20.0
2026-02-03 22:42:07.911,2701.05,33.25,441,3.341,6.96,0.00,169.9,89.9,0.0,83.28,55.64,6.96,26.5,387.3,0.331,887.6,22.0,5,2352.2,23352.2,20.0
2026-02-03 22:42:07.962,2702.05,33.37,442,3.307,6.89,0.00,168.9,89.9,0.0,83.27,55.64,6.89,26.5,383.4,0.328,887.5,22.0,5,2361.4,23361.4,20.0
2026-02-03 22:42:08.012,2703.05,33.48,444,3.224,6.72,0.00,165.4,89.8,0.0,83.26,55.65,6.72,26.5,373.8,0.320,887.4,22.0,5,2370.7,23370.7,20.0
2026-02-03 22:42:08.062,2704.05,33.58,445,3.194,6.65,0.00,164.4,89.8,0.0,83.25,55.65,6.65,26.5,370.4,0.317,887.3,22.0,5,2380.1,23380.1,20.0
2026-02-03 22:42:08.112,2705.05,33.69,446,3.166,6.60,0.00,163.5,89.7,0.0,83.24,55.66,6.60,26.5,367.1,0.314,887.2,22.0,5,2389.4,23389.4,20.0
2026-02-03 22:42:08.161,2706.05,33.78,448,3.089,6.44,0.00,160.2,89.7,0.0,83.24,55.66,6.44,26.5,358.2,0.306,887.1,22.0,5,2398.8,23398.8,20.0
2026-02-03 22:42:08.211,2707.05,33.87,449,3.064,6.38,0.00,159.4,89.6,0.0,83.23,55.66,6.38,26.5,355.3,0.304,887.0,22.0,5,2408.2,23408.2,20.0
2026-02-03 22:42:08.262,2708.05,33.96,450,3.040,6.33,0.00,158.6,89.6,0.0,83.22,55.66,6.33,26.5,352.5,0.302,886.9,22.0,5,2417.6,23417.6,20.0
2026-02-03 22:42:08.312,2709.05,34.04,451,3.016,6.28,0.00,157.8,89.6,0.0,83.21,55.67,6.28,26.5,349.8,0.299,886.8,22.0,5,2427.1,23427.1,20.0
2026-02-03 22:42:08.362,2710.05,34.12,452,2.946,6.14,0.00,154.6,89.5,0.0,83.20,55.67,6.14,26.5,341.7,0.292,886.7,22.0,5,2436.6,23436.6,20.0
2026-02-03 22:42:08.411,2711.05,34.20,453,2.925,6.09,0.00,154.0,89.5,0.0,83.19,55.67,6.09,26.5,339.3,0.290,886.6,22.0,5,2446.1,23446.1,20.0
2026-02-03 22:42:08.462,2712.05,34.27,454,2.906,6.05,0.00,153.3,89.5,0.0,83.19,55.67,6.05,26.5,337.0,0.288,886.5,22.0,5,2455.6,23455.6,20.0
2026-02-03 22:42:08.512,2713.05,34.34,455,2.887,6.01,0.00,152.6,89.4,0.0,83.18,55.67,6.01,26.5,334.8,0.286,886.4,22.0,5,2465.1,23465.1,20.0
2026-02-03 22:42:08.562,2714.05,34.40,456,2.822,5.88,0.00,148.0,90.4,0.0,83.17,55.68,5.88,26.5,327.3,0.280,886.3,22.0,5,2474.7,23474.7,20.0
2026-02-03 22:42:08.612,2715.05,34.46,457,2.806,5.84,0.00,147.4,90.4,0.0,83.16,55.68,5.84,26.5,325.4,0.278,886.2,22.0,5,2484.3,23484.3,20.0
2026-02-03 22:42:08.661,2716.05,34.52,457,2.790,5.81,0.00,146.9,90.3,0.0,83.15,55.68,5.81,26.5,323.6,0.277,886.1,22.0,5,2493.9,23493.9,20.0
2026-02-03 22:42:08.711,2717.05,34.58,458,2.774,5.78,0.00,146.4,90.3,0.0,83.15,55.68,5.78,26.5,321.8,0.275,886.1,22.0,5,2503.5,23503.5,20.0
2026-02-03 22:42:08.762,2718.05,34.64,459,2.759,5.75,0.00,145.8,90.3,0.0,83.14,55.68,5.75,26.5,320.1,0.274,886.0,22.0,5,2513.1,23513.1,20.0
2026-02-03 22:42:08.812,2719.05,34.69,460,2.745,5.72,0.00,145.3,90.3,0.0,83.13,55.68,5.72,26.5,318.4,0.272,885.9,22.0,5,2522.7,23522.7,20.0
2026-02-03 22:42:08.862,2720.05,34.74,460,2.686,5.60,0.00,142.5,90.2,0.0,83.12,55.69,5.60,26.5,311.6,0.266,885.8,22.0,5,2532.4,23532.4,20.0
2026-02-03 22:42:08.912,2721.05,34.78,461,2.674,5.57,0.00,142.1,90.2,0.0,83.12,55.69,5.57,26.5,310.2,0.265,885.7,22.0,5,2542.0,23542.0,20.0
2026-02-03 22:42:08.962,2722.05,34.83,461,2.662,5.55,0.00,141.7,90.2,0.0,83.11,55.69,5.55,26.5,308.9,0.264,885.6,22.0,5,2551.7,23551.7,20.0
2026-02-03 22:42:09.012,2723.05,34.87,462,2.651,5.52,0.00,141.3,90.2,0.0,83.10,55.69,5.52,26.5,307.5,0.263,885.5,22.0,5,2561.4,23561.4,20.0
2026-02-03 22:42:09.061,2724.05,34.91,463,2.640,5.50,0.00,140.9,90.2,0.0,83.10,55.68,5.50,26.5,306.3,0.262,885.4,22.0,5,2571.1,23571.1,20.0
2026-02-03 22:42:09.112,2725.05,34.96,463,2.629,5.48,0.00,140.5,90.2,0.0,83.09,55.68,5.48,26.5,305.0,0.261,885.4,22.0,5,2580.8,23580.8,20.0
2026-02-03 22:42:09.162,2726.05,34.99,464,2.619,5.46,0.00,140.1,90.2,0.0,83.08,55.68,5.46,26.5,303.8,0.260,885.3,22.0,5,2590.5,23590.5,20.0
2026-02-03 22:42:09.212,2727.05,35.03,464,2.609,5.43,0.00,139.8,90.1,0.0,83.07,55.68,5.43,26.5,302.6,0.259,885.2,22.0,5,2600.3,23600.3,20.0
2026-02-03 22:42:09.262,2728.05,35.07,465,2.556,5.32,0.00,137.2,90.1,0.0,83.07,55.69,5.32,26.5,296.5,0.254,885.1,22.0,5,2610.0,23610.0,20.0
2026-02-03 22:42:09.311,2729.05,35.10,465,2.547,5.31,0.00,136.9,90.1,0.0,83.06,55.69,5.31,26.5,295.6,0.253,885.0,22.0,5,2619.7,23619.7,20.0
2026-02-03 22:42:09.362,2730.05,35.13,465,2.540,5.29,0.00,136.6,90.1,0.0,83.05,55.69,5.29,26.5,294.6,0.252,884.9,22.0,5,2629.5,23629.5,20.0
2026-02-03 22:42:09.412,2731.05,35.16,466,2.532,5.27,0.00,136.3,90.1,0.0,83.05,55.69,5.27,26.5,293.7,0.251,884.9,22.0,5,2639.3,23639.3,20.0
2026-02-03 22:42:09.462,2732.05,35.19,466,2.524,5.26,0.00,136.0,90.1,0.0,83.04,55.69,5.26,26.5,292.9,0.250,884.8,22.0,5,2649.0,23649.0,20.0
2026-02-03 22:42:09.512,2733.05,35.21,467,2.517,5.24,0.00,135.7,90.1,0.0,83.03,55.69,5.24,26.5,292.0,0.250,884.7,22.0,5,2658.8,23658.8,20.0
2026-02-03 22:42:09.561,2734.05,35.24,467,2.510,5.23,0.00,135.5,90.0,0.0,83.02,55.69,5.23,26.5,291.2,0.249,884.6,22.0,5,2668.6,23668.6,20.0
2026-02-03 22:42:09.612,2735.05,35.27,467,2.503,5.22,0.00,135.2,90.0,0.0,83.02,55.69,5.22,26.5,290.4,0.248,884.5,22.0,5,2678.4,23678.4,20.0
2026-02-03 22:42:09.662,2736.05,35.29,468,2.497,5.20,0.00,135.0,90.0,0.0,83.01,55.69,5.20,26.5,289.7,0.248,884.5,22.0,5,2688.2,23688.2,20.0
2026-02-03 22:42:09.712,2737.05,35.32,468,2.490,5.19,0.00,134.7,90.0,0.0,83.00,55.69,5.19,26.5,288.9,0.247,884.4,22.0,5,2698.0,23698.0,20.0
2026-02-03 22:42:09.762,2738.05,35.34,468,2.484,5.18,0.00,134.5,90.0,0.0,83.00,55.68,5.18,26.5,288.2,0.246,884.3,22.0,5,2707.8,23707.8,20.0
2026-02-03 22:42:09.811,2739.05,35.36,468,2.436,5.08,0.00,132.1,90.0,0.0,82.99,55.69,5.08,26.5,282.6,0.242,884.2,22.0,5,2717.7,23717.7,20.0
2026-02-03 22:42:09.862,2740.05,35.30,468,1.677,3.49,0.00,91.8,89.2,0.0,82.99,55.77,3.49,26.5,194.8,0.166,884.2,22.0,5,2727.5,23727.5,20.0
2026-02-03 22:42:09.912,2741.05,35.24,467,1.687,3.52,0.00,92.2,89.2,0.0,82.98,55.77,3.52,26.5,196.0,0.167,884.1,22.0,5,2737.3,23737.3,20.0
2026-02-03 22:42:09.961,2742.05,35.18,466,1.698,3.54,0.00,92.6,89.2,0.0,82.98,55.76,3.54,26.5,197.2,0.168,884.1,22.0,5,2747.0,23747.0,20.0
2026-02-03 22:42:10.012,2743.05,35.12,465,1.708,3.56,0.00,92.9,89.2,0.0,82.97,55.76,3.56,26.5,198.4,0.169,884.0,22.0,5,2756.8,23756.8,20.0
2026-02-03 22:42:10.062,2744.05,35.07,465,1.717,3.58,0.00,93.3,89.2,0.0,82.97,55.76,3.58,26.5,199.5,0.170,883.9,22.0,5,2766.5,23766.5,20.0
2026-02-03 22:42:10.112,2745.05,35.01,464,1.727,3.60,0.00,93.7,89.2,0.0,82.96,55.76,3.60,26.5,200.6,0.171,883.9,22.0,5,2776.3,23776.3,20.0
2026-02-03 22:42:10.162,2746.05,34.96,463,1.736,3.62,0.00,94.0,89.2,0.0,82.96,55.76,3.62,26.5,201.7,0.172,883.8,22.0,5,2786.0,23786.0,20.0
2026-02-03 22:42:10.211,2747.05,34.90,462,1.746,3.64,0.00,94.4,89.2,0.0,82.95,55.75,3.64,26.5,202.8,0.173,883.8,22.0,5,2795.7,23795.7,20.0
2026-02-03 22:42:10.261,2748.05,34.85,462,1.755,3.66,0.00,94.7,89.2,0.0,82.95,55.75,3.66,26.5,203.8,0.174,883.7,22.0,5,2805.3,23805.3,20.0
2026-02-03 22:42:10.312,2749.05,34.80,461,1.763,3.67,0.00,95.0,89.3,0.0,82.94,55.75,3.67,26.5,204.8,0.175,883.7,22.0,5,2815.0,23815.0,20.0
2026-02-03 22:42:10.362,2750.05,34.75,460,1.772,3.69,0.00,95.3,89.3,0.0,82.94,55.75,3.69,26.5,205.8,0.176,883.6,22.0,5,2824.7,23824.7,20.0
2026-02-03 22:42:10.412,2751.05,34.70,460,1.780,3.71,0.00,95.6,89.3,0.0,82.93,55.75,3.71,26.5,206.8,0.177,883.6,22.0,5,2834.3,23834.3,20.0
2026-02-03 22:42:10.461,2752.05,34.66,459,1.789,3.73,0.00,95.9,89.3,0.0,82.93,55.75,3.73,26.5,207.7,0.177,883.5,22.0,5,2843.9,23843.9,20.0
2026-02-03 22:42:10.512,2753.05,34.61,459,1.797,3.74,0.00,96.2,89.3,0.0,82.92,55.74,3.74,26.5,208.6,0.178,883.4,22.0,5,2853.5,23853.5,20.0
2026-02-03 22:42:10.562,2754.05,34.56,458,1.805,3.76,0.00,96.5,89.3,0.0,82.92,55.74,3.76,26.5,209.6,0.179,883.4,22.0,5,2863.1,23863.1,20.0
2026-02-03 22:42:10.612,2755.05,34.52,457,1.812,3.78,0.00,96.8,89.3,0.0,82.91,55.74,3.78,26.5,210.4,0.180,883.3,22.0,5,2872.7,23872.7,20.0
2026-02-03 22:42:10.661,2756.05,34.48,457,1.820,3.79,0.00,97.1,89.3,0.0,82.91,55.74,3.79,26.5,211.3,0.181,883.3,22.0,5,2882.3,23882.3,20.0
2026-02-03 22:42:10.712,2757.05,34.43,456,1.827,3.81,0.00,97.3,89.3,0.0,82.90,55.74,3.81,26.5,212.2,0.181,883.2,22.0,5,2891.9,23891.9,20.0
2026-02-03 22:42:10.762,2758.05,34.39,456,1.834,3.82,0.00,97.6,89.3,0.0,82.90,55.74,3.82,26.5,213.0,0.182,883.1,22.0,5,2901.4,23901.4,20.0
2026-02-03 22:42:10.812,2759.05,34.35,455,1.841,3.84,0.00,97.8,89.3,0.0,82.89,55.73,3.84,26.5,213.8,0.183,883.1,22.0,5,2911.0,23911.0,20.0
2026-02-03 22:42:10.862,2760.05,34.31,455,1.848,3.85,0.00,98.1,89.3,0.0,82.89,55.73,3.85,26.5,214.6,0.183,883.0,22.0,5,2920.5,23920.5,20.0
2026-02-03 22:42:10.911,2761.05,34.27,454,1.855,3.86,0.00,98.3,89.4,0.0,82.88,55.73,3.86,26.5,215.4,0.184,883.0,22.0,5,2930.0,23930.0,20.0
2026-02-03 22:42:10.962,2762.05,34.23,454,1.862,3.88,0.00,98.5,89.4,0.0,82.88,55.73,3.88,26.5,216.2,0.185,882.9,22.0,5,2939.5,23939.5,20.0
2026-02-03 22:42:11.012,2763.05,34.20,453,1.868,3.89,0.00,98.8,89.4,0.0,82.87,55.73,3.89,26.5,216.9,0.185,882.8,22.0,5,2949.0,23949.0,20.0
2026-02-03 22:42:11.062,2764.05,34.16,453,1.875,3.91,0.00,99.0,89.4,0.0,82.87,55.73,3.91,26.5,217.6,0.186,882.8,22.0,5,2958.5,23958.5,20.0
2026-02-03 22:42:11.112,2765.05,34.12,452,1.881,3.92,0.00,99.2,89.4,0.0,82.86,55.72,3.92,26.5,218.4,0.187,882.7,22.0,5,2968.0,23968.0,20.0
2026-02-03 22:42:11.161,2766.05,34.09,452,1.887,3.93,0.00,99.4,89.4,0.0,82.86,55.72,3.93,26.5,219.1,0.187,882.7,22.0,5,2977.5,23977.5,20.0
2026-02-03 22:42:11.212,2767.05,34.05,451,1.893,3.94,0.00,99.6,89.4,0.0,82.85,55.72,3.94,26.5,219.7,0.188,882.6,22.0,5,2986.9,23986.9,20.0
2026-02-03 22:42:11.262,2768.05,34.02,451,1.899,3.96,0.00,99.8,89.4,0.0,82.85,55.72,3.96,26.5,220.4,0.188,882.5,22.0,5,2996.4,23996.4,20.0
2026-02-03 22:42:11.312,2769.05,33.99,450,1.904,3.97,0.00,100.0,89.4,0.0,82.84,55.72,3.97,26.5,221.1,0.189,882.5,22.0,5,3005.8,24005.8,20.0
2026-02-03 22:42:11.362,2770.05,34.04,451,2.722,5.67,0.00,141.4,90.3,0.0,82.83,55.63,5.67,26.5,315.5,0.270,882.4,22.0,5,3015.3,24015.3,20.0
2026-02-03 22:42:11.412,2771.05,34.09,452,2.661,5.54,0.00,138.6,90.2,0.0,82.83,55.64,5.54,26.5,308.5,0.264,882.3,22.0,5,3024.7,24024.7,20.0
2026-02-03 22:42:11.462,2772.05,34.13,452,2.650,5.52,0.00,138.2,90.2,0.0,82.82,55.64,5.52,26.5,307.2,0.263,882.2,22.0,5,3034.2,24034.2,20.0
2026-02-03 22:42:11.512,2773.05,34.18,453,2.639,5.50,0.00,137.9,90.2,0.0,82.81,55.64,5.50,26.5,305.9,0.262,882.1,22.0,5,3043.7,24043.7,20.0
2026-02-03 22:42:11.562,2774.05,34.22,453,2.629,5.48,0.00,137.5,90.2,0.0,82.80,55.64,5.48,26.5,304.7,0.261,882.1,22.0,5,3053.2,24053.2,20.0
2026-02-03 22:42:11.611,2775.05,34.26,454,2.618,5.45,0.00,137.2,90.2,0.0,82.80,55.64,5.45,26.5,303.5,0.260,882.0,22.0,5,3062.7,24062.7,20.0
2026-02-03 22:42:11.662,2776.05,34.31,454,2.608,5.43,0.00,136.8,90.1,0.0,82.79,55.64,5.43,26.5,302.3,0.259,881.9,22.0,5,3072.3,24072.3,20.0
2026-02-03 22:42:11.712,2777.05,34.35,455,2.599,5.41,0.00,136.5,90.1,0.0,82.78,55.64,5.41,26.5,301.2,0.258,881.8,22.0,5,3081.8,24081.8,20.0
2026-02-03 22:42:11.762,2778.05,34.38,455,2.543,5.30,0.00,133.8,90.1,0.0,82.78,55.64,5.30,26.5,294.8,0.252,881.7,22.0,5,3091.4,24091.4,20.0
2026-02-03 22:42:11.812,2779.05,34.41,456,2.535,5.28,0.00,133.5,90.1,0.0,82.77,55.64,5.28,26.5,293.9,0.251,881.6,22.0,5,3100.9,24100.9,20.0
2026-02-03 22:42:11.861,2780.05,34.44,456,2.527,5.27,0.00,133.3,90.1,0.0,82.76,55.64,5.27,26.5,293.0,0.251,881.6,22.0,5,3110.5,24110.5,20.0
2026-02-03 22:42:11.911,2781.05,34.47,457,2.520,5.25,0.00,133.0,90.1,0.0,82.76,55.64,5.25,26.5,292.1,0.250,881.5,22.0,5,3120.1,24120.1,20.0
2026-02-03 22:42:11.962,2782.05,34.50,457,2.513,5.23,0.00,132.8,90.0,0.0,82.75,55.64,5.23,26.5,291.3,0.249,881.4,22.0,5,3129.6,24129.6,20.0
2026-02-03 22:42:12.012,2783.05,34.53,458,2.506,5.22,0.00,132.5,90.0,0.0,82.74,55.64,5.22,26.5,290.5,0.249,881.3,22.0,5,3139.2,24139.2,20.0
2026-02-03 22:42:12.062,2784.05,34.56,458,2.499,5.21,0.00,132.3,90.0,0.0,82.73,55.64,5.21,26.5,289.7,0.248,881.2,22.0,5,3148.8,24148.8,20.0
2026-02-03 22:42:12.112,2785.05,34.59,458,2.492,5.19,0.00,132.1,90.0,0.0,82.73,55.64,5.19,26.5,288.9,0.247,881.2,22.0,5,3158.4,24158.4,20.0
2026-02-03 22:42:12.161,2786.05,34.62,459,2.486,5.18,0.00,131.8,90.0,0.0,82.72,55.64,5.18,26.5,288.1,0.247,881.1,22.0,5,3168.1,24168.1,20.0
2026-02-03 22:42:12.212,2787.05,34.64,459,2.480,5.17,0.00,131.6,90.0,0.0,82.71,55.64,5.17,26.5,287.4,0.246,881.0,22.0,5,3177.7,24177.7,20.0
2026-02-03 22:42:12.262,2788.05,34.67,459,2.474,5.15,0.00,131.4,90.0,0.0,82.71,55.64,5.15,26.5,286.7,0.245,880.9,22.0,5,3187.3,24187.3,20.0
2026-02-03 22:42:12.312,2789.05,34.69,460,2.423,5.05,0.00,128.9,90.0,0.0,82.70,55.64,5.05,26.5,280.9,0.240,880.8,22.0,5,3197.0,24197.0,20.0
2026-02-03 22:42:12.362,2790.05,34.71,460,2.418,5.04,0.00,128.7,89.9,0.0,82.69,55.64,5.04,26.5,280.3,0.240,880.8,22.0,5,3206.6,24206.6,20.0
2026-02-03 22:42:12.411,2791.05,34.73,460,2.414,5.03,0.00,128.6,89.9,0.0,82.69,55.64,5.03,26.5,279.8,0.239,880.7,22.0,5,3216.2,24216.2,20.0
2026-02-03 22:42:12.461,2792.05,34.68,459,1.785,3.72,0.00,95.8,89.3,0.0,82.68,55.70,3.72,26.5,207.1,0.177,880.6,22.0,5,3225.9,24225.9,20.0
2026-02-03 22:42:12.512,2793.05,34.44,456,0.000,0.00,0.00,0.0,84.4,0.0,82.68,55.89,0.00,26.5,0.0,0.000,880.6,22.0,5,3235.4,24235.4,20.0
2026-02-03 22:42:12.562,2794.05,34.20,453,0.000,0.00,0.00,0.0,84.4,0.0,82.68,55.89,0.00,26.5,0.0,0.000,880.6,22.0,5,3244.9,24244.9,20.0
2026-02-03 22:42:12.612,2795.05,33.97,450,0.000,0.00,0.00,0.0,84.4,0.0,82.68,55.89,0.00,26.5,0.0,0.000,880.6,22.0,5,3254.4,24254.4,20.0
2026-02-03 22:42:12.662,2796.05,33.74,447,0.000,0.00,0.00,0.0,84.4,0.0,82.68,55.89,0.00,26.5,0.0,0.000,880.6,22.0,5,3263.7,24263.7,20.0
2026-02-03 22:42:12.711,2797.05,33.50,444,0.000,0.00,0.00,0.0,84.4,0.0,82.68,55.89,0.00,26.5,0.0,0.000,880.6,22.0,5,3273.1,24273.1,20.0
2026-02-03 22:42:12.762,2798.05,33.27,441,0.000,0.00,0.00,0.0,84.4,0.0,82.68,55.89,0.00,26.5,0.0,0.000,880.6,22.0,5,3282.3,24282.3,20.0
2026-02-03 22:42:12.812,2799.05,33.04,438,0.000,0.00,0.00,0.0,84.4,0.0,82.68,55.89,0.00,26.5,0.0,0.000,880.6,22.0,5,3291.5,24291.5,20.0
2026-02-03 22:42:12.862,2800.05,32.81,435,0.000,0.00,0.00,0.0,84.4,0.0,82.68,55.89,0.00,26.5,0.0,0.000,880.6,22.0,5,3300.6,24300.6,20.0
2026-02-03 22:42:12.911,2801.05,32.58,432,0.000,0.00,0.00,0.0,84.4,0.0,82.68,55.89,0.00,26.5,0.0,0.000,880.6,22.0,5,3309.6,24309.6,20.0
2026-02-03 22:42:12.961,2802.05,32.35,428,0.000,0.00,0.00,0.0,84.4,0.0,82.68,55.89,0.00,26.5,0.0,0.000,880.6,22.0,5,3318.6,24318.6,20.0
2026-02-03 22:42:13.012,2803.05,32.12,425,0.000,0.00,0.00,0.0,84.4,0.0,82.68,55.89,0.00,26.5,0.0,0.000,880.6,22.0,5,3327.5,24327.5,20.0
2026-02-03 22:42:13.062,2804.05,31.89,422,0.000,0.00,0.00,0.0,84.4,0.0,82.68,55.89,0.00,26.5,0.0,0.000,880.6,22.0,5,3336.4,24336.4,20.0
2026-02-03 22:42:13.112,2805.05,31.66,419,0.000,0.00,0.00,0.0,84.4,0.0,82.68,55.89,0.00,26.5,0.0,0.000,880.6,22.0,5,3345.2,24345.2,20.0
2026-02-03 22:42:13.161,2806.05,31.43,416,0.000,0.00,0.00,0.0,84.4,0.0,82.68,55.89,0.00,26.5,0.0,0.000,880.6,22.0,5,3353.9,24353.9,20.0
2026-02-03 22:42:13.212,2807.05,31.21,413,0.000,0.00,0.00,0.0,84.4,0.0,82.68,55.89,0.00,26.5,0.0,0.000,880.6,22.0,5,3362.6,24362.6,20.0
2026-02-03 22:42:13.262,2808.05,31.24,414,2.382,4.96,0.00,114.1,89.9,0.0,82.68,55.64,4.96,26.5,276.1,0.236,880.5,22.0,5,3371.3,24371.3,20.0
2026-02-03 22:42:13.312,2809.05,31.26,414,2.377,4.95,0.00,114.0,89.9,0.0,82.67,55.64,4.95,26.5,275.6,0.236,880.5,22.0,5,3380.0,24380.0,20.0
2026-02-03 22:42:13.361,2810.05,31.29,414,2.373,4.94,0.00,113.9,89.9,0.0,82.66,55.64,4.94,26.5,275.1,0.235,880.4,22.0,5,3388.6,24388.6,20.0
2026-02-03 22:42:13.412,2811.05,31.06,411,0.000,0.00,0.00,0.0,84.4,0.0,82.66,55.89,0.00,26.5,0.0,0.000,880.4,22.0,5,3397.3,24397.3,20.0
2026-02-03 22:42:13.462,2812.05,30.84,408,0.000,0.00,0.00,0.0,84.4,0.0,82.66,55.89,0.00,26.5,0.0,0.000,880.4,22.0,5,3405.8,24405.8,20.0
2026-02-03 22:42:13.512,2813.05,30.61,406,0.000,0.00,0.00,0.0,84.4,0.0,82.66,55.89,0.00,26.5,0.0,0.000,880.4,22.0,5,3414.3,24414.3,20.0
2026-02-03 22:42:13.561,2814.05,30.39,403,0.000,0.00,0.00,0.0,84.4,0.0,82.66,55.89,0.00,26.4,0.0,0.000,880.4,22.0,5,3422.8,24422.8,20.0
2026-02-03 22:42:13.611,2815.05,30.17,400,0.000,0.00,0.00,0.0,84.4,0.0,82.66,55.89,0.00,26.4,0.0,0.000,880.4,22.0,5,3431.2,24431.2,20.0
2026-02-03 22:42:13.662,2816.05,29.94,397,0.000,0.00,0.00,0.0,84.4,0.0,82.66,55.89,0.00,26.4,0.0,0.000,880.4,22.0,5,3439.5,24439.5,20.0
2026-02-03 22:42:13.712,2817.05,29.72,394,0.000,0.00,0.00,0.0,84.4,0.0,82.66,55.89,0.00,26.4,0.0,0.000,880.4,22.0,5,3447.7,24447.7,20.0
2026-02-03 22:42:13.762,2818.05,29.50,391,0.000,0.00,0.00,0.0,84.4,0.0,82.66,55.89,0.00,26.4,0.0,0.000,880.4,22.0,5,3455.9,24455.9,20.0
2026-02-03 22:42:13.812,2819.05,29.28,388,0.000,0.00,0.00,0.0,84.4,0.0,82.66,55.89,0.00,26.4,0.0,0.000,880.4,22.0,5,3464.1,24464.1,20.0
2026-02-03 22:42:13.861,2820.05,29.06,385,0.000,0.00,0.00,0.0,84.4,0.0,82.66,55.89,0.00,26.4,0.0,0.000,880.4,22.0,5,3472.1,24472.1,20.0
2026-02-03 22:42:13.912,2821.05,28.84,382,0.000,0.00,0.00,0.0,84.4,0.0,82.66,55.89,0.00,26.4,0.0,0.000,880.4,22.0,5,3480.1,24480.1,20.0
2026-02-03 22:42:13.962,2822.05,28.63,379,0.000,0.00,0.00,0.0,84.4,0.0,82.66,55.89,0.00,26.4,0.0,0.000,880.4,22.0,5,3488.1,24488.1,20.0
2026-02-03 22:42:14.012,2823.05,28.41,376,0.000,0.00,0.00,0.0,84.4,0.0,82.66,55.89,0.00,26.4,0.0,0.000,880.4,22.0,5,3496.0,24496.0,20.0
2026-02-03 22:42:14.062,2824.05,28.19,373,0.000,0.00,0.00,0.0,84.4,0.0,82.66,55.89,0.00,26.4,0.0,0.000,880.4,22.0,5,3503.8,24503.8,20.0
2026-02-03 22:42:14.111,2825.05,27.97,371,0.000,0.00,0.00,0.0,84.4,0.0,82.66,55.89,0.00,26.4,0.0,0.000,880.4,22.0,5,3511.6,24511.6,20.0
2026-02-03 22:42:14.162,2826.05,27.76,368,0.000,0.00,0.00,0.0,84.4,0.0,82.66,55.89,0.00,26.4,0.0,0.000,880.4,22.0,5,3519.3,24519.3,20.0
2026-02-03 22:42:14.212,2827.05,27.54,365,0.000,0.00,0.00,0.0,84.4,0.0,82.66,55.89,0.00,26.4,0.0,0.000,880.4,22.0,5,3527.0,24527.0,20.0
2026-02-03 22:42:14.262,2828.05,27.33,362,0.000,0.00,0.00,0.0,84.4,0.0,82.66,55.89,0.00,26.4,0.0,0.000,880.4,22.0,5,3534.5,24534.5,20.0
2026-02-03 22:42:14.312,2829.05,27.12,359,0.000,0.00,0.00,0.0,84.4,0.0,82.66,55.89,0.00,26.4,0.0,0.000,880.4,22.0,5,3542.1,24542.1,20.0
2026-02-03 22:42:14.362,2830.05,26.90,356,0.000,0.00,0.00,0.0,84.4,0.0,82.66,55.89,0.00,26.4,0.0,0.000,880.4,22.0,5,3549.6,24549.6,20.0
2026-02-03 22:42:14.412,2831.05,26.69,353,0.000,0.00,0.00,0.0,84.4,0.0,82.66,55.89,0.00,26.4,0.0,0.000,880.4,22.0,5,3557.0,24557.0,20.0
2026-02-03 22:42:14.462,2832.05,26.48,351,0.000,0.00,0.00,0.0,84.4,0.0,82.66,55.89,0.00,26.4,0.0,0.000,880.4,22.0,5,3564.3,24564.3,20.0
2026-02-03 22:42:14.511,2833.05,26.26,348,0.000,0.00,0.00,0.0,84.4,0.0,82.66,55.89,0.00,26.4,0.0,0.000,880.4,22.0,5,3571.6,24571.6,20.0
2026-02-03 22:42:14.562,2834.05,26.05,345,0.000,0.00,0.00,0.0,84.4,0.0,82.66,55.89,0.00,26.4,0.0,0.000,880.4,22.0,5,3578.9,24578.9,20.0
2026-02-03 22:42:14.612,2835.05,25.84,342,0.000,0.00,0.00,0.0,84.4,0.0,82.66,55.89,0.00,26.4,0.0,0.000,880.4,22.0,5,3586.0,24586.0,20.0
2026-02-03 22:42:14.662,2836.05,25.63,339,0.000,0.00,0.00,0.0,84.4,0.0,82.66,55.89,0.00,26.4,0.0,0.000,880.4,22.0,5,3593.2,24593.2,20.0
2026-02-03 22:42:14.712,2837.05,25.42,337,0.000,0.00,0.00,0.0,84.4,0.0,82.66,55.89,0.00,26.4,0.0,0.000,880.4,22.0,5,3600.2,24600.2,20.0
2026-02-03 22:42:14.761,2838.05,25.84,342,5.887,12.26,0.00,220.6,93.7,0.0,82.65,55.27,12.26,26.4,677.9,0.584,880.2,22.0,5,3607.4,24607.4,20.0
2026-02-03 22:42:14.812,2839.05,26.24,347,5.764,12.01,0.00,219.6,93.6,0.0,82.63,55.28,12.01,26.4,663.8,0.572,880.0,22.0,5,3614.7,24614.7,20.0
2026-02-03 22:42:14.862,2840.05,26.63,353,5.645,11.76,0.00,221.5,92.3,0.0,82.61,55.29,11.76,26.4,650.2,0.560,879.8,22.0,5,3622.1,24622.1,20.0
2026-02-03 22:42:14.912,2841.05,27.00,358,5.530,11.52,0.00,220.5,92.2,0.0,82.60,55.30,11.52,26.4,637.1,0.549,879.7,22.0,5,3629.6,24629.6,20.0
2026-02-03 22:42:14.961,2842.05,27.36,362,5.419,11.29,0.00,219.3,92.1,0.0,82.58,55.31,11.29,26.4,624.4,0.538,879.5,22.0,5,3637.2,24637.2,20.0
2026-02-03 22:42:15.011,2843.05,27.71,367,5.312,11.07,0.00,218.1,92.0,0.0,82.57,55.32,11.07,26.4,612.2,0.527,879.3,22.0,5,3644.9,24644.9,20.0
2026-02-03 22:42:15.062,2844.05,28.04,371,5.208,10.85,0.00,216.9,91.9,0.0,82.56,55.33,10.85,26.5,600.3,0.517,879.2,22.0,5,3652.7,24652.7,20.0
2026-02-03 22:42:15.112,2845.05,28.37,376,5.108,10.64,0.00,215.5,91.8,0.0,82.54,55.33,10.64,26.5,588.9,0.507,879.0,22.0,5,3660.5,24660.5,20.0
2026-02-03 22:42:15.162,2846.05,28.68,380,5.012,10.44,0.00,214.1,91.7,0.0,82.53,55.34,10.44,26.5,577.8,0.497,878.8,22.0,5,3668.5,24668.5,20.0
2026-02-03 22:42:15.211,2847.05,28.99,384,4.919,10.25,0.00,212.7,91.6,0.0,82.51,55.35,10.25,26.5,567.2,0.488,878.7,22.0,5,3676.6,24676.6,20.0
2026-02-03 22:42:15.262,2848.05,29.28,388,4.829,10.06,0.00,211.2,91.5,0.0,82.50,55.36,10.06,26.5,556.9,0.479,878.5,22.0,5,3684.7,24684.7,20.0
2026-02-03 22:42:15.312,2849.05,29.56,392,4.742,9.88,0.00,209.7,91.4,0.0,82.49,55.36,9.88,26.5,546.9,0.470,878.4,22.0,5,3692.9,24692.9,20.0
2026-02-03 22:42:15.361,2850.05,29.83,395,4.658,9.70,0.00,208.2,91.3,0.0,82.48,55.37,9.70,26.5,537.3,0.462,878.2,22.0,5,3701.2,24701.2,20.0
2026-02-03 22:42:15.412,2851.05,30.09,399,4.511,9.40,0.00,203.8,91.2,0.0,82.46,55.38,9.40,26.5,520.5,0.448,878.1,22.0,5,3709.6,24709.6,20.0
2026-02-03 22:42:15.462,2852.05,30.33,402,4.372,9.11,0.00,199.6,91.0,0.0,82.45,55.40,9.11,26.5,504.5,0.434,877.9,22.0,5,3718.0,24718.0,20.0
2026-02-03 22:42:15.512,2853.05,30.56,405,4.302,8.96,0.00,198.1,90.9,0.0,82.44,55.40,8.96,26.5,496.6,0.427,877.8,22.0,5,3726.5,24726.5,20.0
2026-02-03 22:42:15.562,2854.05,30.78,408,4.173,8.69,0.00,193.9,90.8,0.0,82.43,55.41,8.69,26.5,481.7,0.414,877.7,22.0,5,3735.0,24735.0,20.0
2026-02-03 22:42:15.611,2855.05,30.99,410,4.049,8.44,0.00,189.8,90.7,0.0,82.42,55.42,8.44,26.5,467.6,0.402,877.5,22.0,5,3743.6,24743.6,20.0
2026-02-03 22:42:15.662,2856.05,31.19,413,3.992,8.32,0.00,188.5,90.6,0.0,82.41,55.43,8.32,26.5,461.0,0.396,877.4,22.0,5,3752.3,24752.3,20.0
2026-02-03 22:42:15.712,2857.05,31.37,416,3.877,8.08,0.00,184.4,90.5,0.0,82.39,55.44,8.08,26.5,447.8,0.385,877.3,22.0,5,3761.0,24761.0,20.0
2026-02-03 22:42:15.762,2858.05,31.54,418,3.767,7.85,0.00,180.5,90.4,0.0,82.38,55.45,7.85,26.5,435.1,0.374,877.2,22.0,5,3769.8,24769.8,20.0
2026-02-03 22:42:15.811,2859.05,31.56,418,2.325,4.84,0.00,112.6,89.8,0.0,82.38,55.60,4.84,26.5,269.3,0.231,877.1,22.0,5,3778.5,24778.5,20.0
2026-02-03 22:42:15.862,2860.05,31.58,418,2.322,4.84,0.00,112.6,89.8,0.0,82.37,55.60,4.84,26.5,268.9,0.230,877.0,22.0,5,3787.3,24787.3,20.0
2026-02-03 22:42:15.912,2861.05,31.60,419,2.318,4.83,0.00,112.5,89.8,0.0,82.36,55.60,4.83,26.5,268.5,0.230,876.9,22.0,5,3796.1,24796.1,20.0
2026-02-03 22:42:15.962,2862.05,31.38,416,0.000,0.00,0.00,0.0,84.4,0.0,82.36,55.84,0.00,26.5,0.0,0.000,876.9,22.0,5,3804.8,24804.8,20.0
2026-02-03 22:42:16.012,2863.05,31.15,413,0.000,0.00,0.00,0.0,84.4,0.0,82.36,55.84,0.00,26.5,0.0,0.000,876.9,22.0,5,3813.5,24813.5,20.0
2026-02-03 22:42:16.062,2864.05,30.92,410,0.000,0.00,0.00,0.0,84.4,0.0,82.36,55.84,0.00,26.5,0.0,0.000,876.9,22.0,5,3822.0,24822.0,20.0
2026-02-03 22:42:16.112,2865.05,30.70,407,0.000,0.00,0.00,0.0,84.4,0.0,82.36,55.84,0.00,26.5,0.0,0.000,876.9,22.0,5,3830.6,24830.6,20.0
2026-02-03 22:42:16.162,2866.05,30.48,404,0.000,0.00,0.00,0.0,84.4,0.0,82.36,55.84,0.00,26.5,0.0,0.000,876.9,22.0,5,3839.0,24839.0,20.0
2026-02-03 22:42:16.212,2867.05,30.25,401,0.000,0.00,0.00,0.0,84.4,0.0,82.36,55.84,0.00,26.5,0.0,0.000,876.9,22.0,5,3847.4,24847.4,20.0
2026-02-03 22:42:16.261,2868.05,30.03,398,0.000,0.00,0.00,0.0,84.4,0.0,82.36,55.84,0.00,26.5,0.0,0.000,876.9,22.0,5,3855.8,24855.8,20.0
2026-02-03 22:42:16.312,2869.05,29.81,395,0.000,0.00,0.00,0.0,84.4,0.0,82.36,55.84,0.00,26.5,0.0,0.000,876.9,22.0,5,3864.1,24864.1,20.0
2026-02-03 22:42:16.362,2870.05,29.59,392,0.000,0.00,0.00,0.0,84.4,0.0,82.36,55.84,0.00,26.5,0.0,0.000,876.9,22.0,5,3872.3,24872.3,20.0
2026-02-03 22:42:16.412,2871.05,29.37,389,0.000,0.00,0.00,0.0,84.4,0.0,82.36,55.84,0.00,26.5,0.0,0.000,876.9,22.0,5,3880.4,24880.4,20.0
2026-02-03 22:42:16.461,2872.05,29.15,386,0.000,0.00,0.00,0.0,84.4,0.0,82.36,55.84,0.00,26.5,0.0,0.000,876.9,22.0,5,3888.5,24888.5,20.0
2026-02-03 22:42:16.512,2873.05,28.93,383,0.000,0.00,0.00,0.0,84.4,0.0,82.36,55.84,0.00,26.5,0.0,0.000,876.9,22.0,5,3896.6,24896.6,20.0
2026-02-03 22:42:16.562,2874.05,28.71,380,0.000,0.00,0.00,0.0,84.4,0.0,82.36,55.84,0.00,26.5,0.0,0.000,876.9,22.0,5,3904.5,24904.5,20.0
2026-02-03 22:42:16.612,2875.05,28.49,377,0.000,0.00,0.00,0.0,84.4,0.0,82.36,55.84,0.00,26.5,0.0,0.000,876.9,22.0,5,3912.5,24912.5,20.0
2026-02-03 22:42:16.662,2876.05,28.28,375,0.000,0.00,0.00,0.0,84.4,0.0,82.36,55.84,0.00,26.5,0.0,0.000,876.9,22.0,5,3920.3,24920.3,20.0
2026-02-03 22:42:16.711,2877.05,28.06,372,0.000,0.00,0.00,0.0,84.4,0.0,82.36,55.84,0.00,26.5,0.0,0.000,876.9,22.0,5,3928.1,24928.1,20.0
2026-02-03 22:42:16.762,2878.05,27.84,369,0.000,0.00,0.00,0.0,84.4,0.0,82.36,55.84,0.00,26.5,0.0,0.000,876.9,22.0,5,3935.8,24935.8,20.0
2026-02-03 22:42:16.812,2879.05,27.92,370,2.806,5.84,0.00,119.3,90.4,0.0,82.36,55.54,5.84,26.5,324.6,0.278,876.8,22.0,5,3943.6,24943.6,20.0
2026-02-03 22:42:16.862,2880.05,28.00,371,2.792,5.82,0.00,119.1,90.3,0.0,82.35,55.54,5.82,26.5,323.1,0.277,876.7,22.0,5,3951.4,24951.4,20.0
2026-02-03 22:42:16.911,2881.05,27.79,368,0.000,0.00,0.00,0.0,84.4,0.0,82.35,55.83,0.00,26.5,0.0,0.000,876.7,22.0,5,3959.1,24959.1,20.0
2026-02-03 22:42:16.961,2882.05,27.87,369,2.814,5.86,0.00,119.5,90.4,0.0,82.34,55.54,5.86,26.5,325.6,0.279,876.7,22.0,5,3966.8,24966.8,20.0
2026-02-03 22:42:17.012,2883.05,27.95,370,2.801,5.84,0.00,119.3,90.4,0.0,82.33,55.54,5.84,26.5,324.1,0.278,876.6,22.0,5,3974.6,24974.6,20.0
2026-02-03 22:42:17.062,2884.05,28.03,371,2.788,5.81,0.00,119.1,90.3,0.0,82.33,55.54,5.81,26.5,322.6,0.277,876.5,22.0,5,3982.4,24982.4,20.0
2026-02-03 22:42:17.112,2885.05,27.82,368,0.000,0.00,0.00,0.0,84.4,0.0,82.33,55.83,0.00,26.5,0.0,0.000,876.5,22.0,5,3990.1,24990.1,20.0
2026-02-03 22:42:17.161,2886.05,27.90,370,2.810,5.85,0.00,119.4,90.4,0.0,82.32,55.54,5.85,26.5,325.1,0.279,876.4,22.0,5,3997.9,24997.9,20.0
2026-02-03 22:42:17.212,2887.05,27.98,371,2.797,5.83,0.00,119.2,90.3,0.0,82.31,55.54,5.83,26.5,323.6,0.277,876.3,22.0,5,4005.6,25005.6,20.0
2026-02-03 22:42:17.262,2888.05,28.06,372,2.784,5.80,0.00,119.0,90.3,0.0,82.30,55.54,5.80,26.5,322.1,0.276,876.2,22.0,5,4013.4,25013.4,20.0
2026-02-03 22:42:17.312,2889.05,27.84,369,0.000,0.00,0.00,0.0,84.4,0.0,82.30,55.83,0.00,26.5,0.0,0.000,876.2,22.0,5,4021.2,25021.2,20.0
2026-02-03 22:42:17.362,2890.05,27.92,370,2.806,5.85,0.00,119.3,90.4,0.0,82.30,55.53,5.85,26.5,324.6,0.278,876.1,22.0,5,4028.9,25028.9,20.0
2026-02-03 22:42:17.412,2891.05,28.00,371,2.793,5.82,0.00,119.1,90.3,0.0,82.29,55.53,5.82,26.5,323.1,0.277,876.0,22.0,5,4036.7,25036.7,20.0
2026-02-03 22:42:17.462,2892.05,27.79,368,0.000,0.00,0.00,0.0,84.4,0.0,82.29,55.82,0.00,26.5,0.0,0.000,876.0,22.0,5,4044.4,25044.4,20.0
2026-02-03 22:42:17.511,2893.05,27.87,369,2.814,5.86,0.00,119.5,90.4,0.0,82.28,55.53,5.86,26.5,325.6,0.279,875.9,22.0,5,4052.2,25052.2,20.0
2026-02-03 22:42:17.562,2894.05,28.20,374,5.160,10.75,0.00,216.2,91.8,0.0,82.27,55.28,10.75,26.5,594.3,0.512,875.8,22.0,5,4060.0,25060.0,20.0
2026-02-03 22:42:17.612,2895.05,28.52,378,5.062,10.54,0.00,214.9,91.7,0.0,82.25,55.29,10.54,26.5,583.0,0.502,875.6,22.0,5,4067.9,25067.9,20.0
2026-02-03 22:42:17.662,2896.05,28.83,382,4.967,10.35,0.00,213.4,91.6,0.0,82.24,55.30,10.35,26.5,572.2,0.493,875.5,22.0,5,4075.9,25075.9,20.0
2026-02-03 22:42:17.711,2897.05,29.13,386,4.875,10.16,0.00,212.0,91.5,0.0,82.22,55.31,10.16,26.5,561.7,0.484,875.3,22.0,5,4084.0,25084.0,20.0
2026-02-03 22:42:17.762,2898.05,29.42,390,4.786,9.97,0.00,210.5,91.4,0.0,82.21,55.31,9.97,26.5,551.6,0.475,875.1,22.0,5,4092.2,25092.2,20.0
2026-02-03 22:42:17.812,2899.05,29.69,393,4.701,9.79,0.00,209.0,91.4,0.0,82.20,55.32,9.79,26.5,541.8,0.466,875.0,22.0,5,4100.4,25100.4,20.0
2026-02-03 22:42:17.862,2900.05,29.96,397,4.618,9.62,0.00,207.5,91.3,0.0,82.19,55.33,9.62,26.5,532.3,0.458,874.8,22.0,5,4108.8,25108.8,20.0
2026-02-03 22:42:17.911,2901.05,30.22,400,4.539,9.46,0.00,205.9,91.2,0.0,82.17,55.33,9.46,26.5,523.2,0.450,874.7,22.0,5,4117.2,25117.2,20.0
2026-02-03 22:42:17.962,2902.05,30.47,404,4.462,9.30,0.00,204.3,91.1,0.0,82.16,55.34,9.30,26.5,514.4,0.443,874.6,22.0,5,4125.6,25125.6,20.0
2026-02-03 22:42:18.012,2903.05,30.71,407,4.387,9.14,0.00,202.8,91.0,0.0,82.15,55.34,9.14,26.5,505.9,0.435,874.4,22.0,5,4134.2,25134.2,20.0
2026-02-03 22:42:18.062,2904.05,30.95,410,4.316,8.99,0.00,201.2,91.0,0.0,82.14,55.35,8.99,26.5,497.6,0.428,874.3,22.0,5,4142.7,25142.7,20.0
2026-02-03 22:42:18.111,2905.05,31.17,413,4.246,8.85,0.00,199.6,90.9,0.0,82.13,55.35,8.85,26.5,489.7,0.421,874.1,22.0,5,4151.4,25151.4,20.0
2026-02-03 22:42:18.162,2906.05,31.39,416,4.179,8.71,0.00,198.1,90.8,0.0,82.11,55.36,8.71,26.5,482.0,0.415,874.0,22.0,5,4160.1,25160.1,20.0
2026-02-03 22:42:18.212,2907.05,31.60,419,4.115,8.57,0.00,196.5,90.7,0.0,82.10,55.36,8.57,26.5,474.6,0.408,873.9,22.0,5,4168.9,25168.9,20.0
2026-02-03 22:42:18.262,2908.05,31.80,421,4.053,8.44,0.00,195.0,90.7,0.0,82.09,55.37,8.44,26.5,467.5,0.402,873.7,22.0,5,4177.7,25177.7,20.0
2026-02-03 22:42:18.312,2909.05,31.99,424,3.935,8.20,0.00,190.8,90.6,0.0,82.08,55.38,8.20,26.5,454.0,0.390,873.6,22.0,5,4186.6,25186.6,20.0
2026-02-03 22:42:18.361,2910.05,32.17,426,3.880,8.08,0.00,189.3,90.5,0.0,82.07,55.38,8.08,26.5,447.7,0.385,873.5,22.0,5,4195.6,25195.6,20.0
2026-02-03 22:42:18.411,2911.05,32.34,428,3.771,7.86,0.00,185.3,90.4,0.0,82.06,55.39,7.86,26.5,435.2,0.374,873.4,22.0,6,4.5,25204.5,20.0
2026-02-03 22:42:18.462,2912.05,32.50,431,3.667,7.64,0.00,181.4,90.3,0.0,82.05,55.40,7.64,26.5,423.2,0.364,873.3,22.0,6,13.6,25213.6,20.0
2026-02-03 22:42:18.512,2913.05,32.66,433,3.621,7.54,0.00,180.1,90.2,0.0,82.04,55.41,7.54,26.5,418.0,0.359,873.1,22.0,6,22.6,25222.6,20.0
2026-02-03 22:42:18.562,2914.05,32.81,435,3.578,7.45,0.00,178.9,90.2,0.0,82.03,55.41,7.45,26.5,413.0,0.355,873.0,22.0,6,31.8,25231.8,20.0
2026-02-03 22:42:18.611,2915.05,32.94,436,3.483,7.26,0.00,175.1,90.1,0.0,82.02,55.42,7.26,26.5,402.1,0.345,872.9,22.0,6,40.9,25240.9,20.0
2026-02-03 22:42:18.662,2916.05,33.08,438,3.444,7.17,0.00,174.0,90.0,0.0,82.01,55.42,7.17,26.5,397.6,0.342,872.8,22.0,6,50.1,25250.1,20.0
2026-02-03 22:42:18.712,2917.05,33.20,440,3.355,6.99,0.00,170.3,89.9,0.0,82.00,55.43,6.99,26.5,387.4,0.333,872.7,22.0,6,59.3,25259.3,20.0
2026-02-03 22:42:18.762,2918.05,33.32,441,3.321,6.92,0.00,169.3,89.9,0.0,81.99,55.43,6.92,26.5,383.4,0.329,872.6,22.0,6,68.6,25268.6,20.0
2026-02-03 22:42:18.812,2919.05,33.44,443,3.288,6.85,0.00,168.3,89.9,0.0,81.98,55.43,6.85,26.5,379.6,0.326,872.5,22.0,6,77.9,25277.9,20.0
2026-02-03 22:42:18.861,2920.05,33.54,444,3.205,6.68,0.00,164.8,89.8,0.0,81.97,55.44,6.68,26.5,370.2,0.318,872.4,22.0,6,87.2,25287.2,20.0
2026-02-03 22:42:18.912,2921.05,33.65,446,3.176,6.62,0.00,163.9,89.8,0.0,81.97,55.44,6.62,26.5,366.9,0.315,872.3,22.0,6,96.5,25296.5,20.0
2026-02-03 22:42:18.962,2922.05,33.75,447,3.148,6.56,0.00,163.0,89.7,0.0,81.96,55.44,6.56,26.5,363.6,0.312,872.2,22.0,6,105.9,25305.9,20.0
2026-02-03 22:42:19.012,2923.05,33.84,448,3.072,6.40,0.00,159.7,89.6,0.0,81.95,55.45,6.40,26.5,354.9,0.305,872.1,22.0,6,115.3,25315.3,20.0
2026-02-03 22:42:19.062,2924.05,33.93,449,3.048,6.35,0.00,158.9,89.6,0.0,81.94,55.45,6.35,26.5,352.1,0.302,872.0,22.0,6,124.7,25324.7,20.0
2026-02-03 22:42:19.111,2925.05,34.01,451,3.024,6.30,0.00,158.1,89.6,0.0,81.93,55.45,6.30,26.5,349.3,0.300,871.9,22.0,6,134.2,25334.2,20.0
2026-02-03 22:42:19.161,2926.05,34.09,452,2.953,6.15,0.00,154.9,89.5,0.0,81.92,55.46,6.15,26.5,341.2,0.293,871.8,22.0,6,143.6,25343.6,20.0
2026-02-03 22:42:19.212,2927.05,34.17,453,2.933,6.11,0.00,154.2,89.5,0.0,81.92,55.46,6.11,26.5,338.8,0.291,871.7,22.0,6,153.1,25353.1,20.0
2026-02-03 22:42:19.262,2928.05,34.24,454,2.913,6.07,0.00,153.5,89.5,0.0,81.91,55.46,6.07,26.5,336.5,0.289,871.6,22.0,6,162.7,25362.7,20.0
2026-02-03 22:42:19.312,2929.05,34.31,455,2.894,6.03,0.00,152.9,89.5,0.0,81.90,55.46,6.03,26.5,334.3,0.287,871.5,22.0,6,172.2,25372.2,20.0
2026-02-03 22:42:19.361,2930.05,34.38,456,2.875,5.99,0.00,150.6,90.4,0.0,81.89,55.46,5.99,26.5,332.2,0.285,871.4,22.0,6,181.7,25381.7,20.0
2026-02-03 22:42:19.411,2931.05,34.44,456,2.811,5.86,0.00,147.6,90.4,0.0,81.88,55.46,5.86,26.5,324.8,0.279,871.3,22.0,6,191.3,25391.3,20.0
2026-02-03 22:42:19.462,2932.05,34.50,457,2.795,5.82,0.00,147.1,90.3,0.0,81.88,55.46,5.82,26.5,322.9,0.277,871.2,22.0,6,200.9,25400.9,20.0
2026-02-03 22:42:19.512,2933.05,34.56,458,2.779,5.79,0.00,146.5,90.3,0.0,81.87,55.46,5.79,26.5,321.1,0.276,871.1,22.0,6,210.5,25410.5,20.0
2026-02-03 22:42:19.562,2934.05,34.62,459,2.764,5.76,0.00,146.0,90.3,0.0,81.86,55.46,5.76,26.5,319.4,0.274,871.1,22.0,6,220.1,25420.1,20.0
2026-02-03 22:42:19.612,2935.05,34.67,459,2.750,5.73,0.00,145.5,90.3,0.0,81.85,55.46,5.73,26.5,317.7,0.273,871.0,22.0,6,229.7,25429.7,20.0
2026-02-03 22:42:19.661,2936.05,34.72,460,2.691,5.61,0.00,142.7,90.2,0.0,81.85,55.47,5.61,26.5,310.9,0.267,870.9,22.0,6,239.4,25439.4,20.0
2026-02-03 22:42:19.712,2937.05,34.77,461,2.678,5.58,0.00,142.3,90.2,0.0,81.84,55.47,5.58,26.5,309.5,0.266,870.8,22.0,6,249.0,25449.0,20.0
2026-02-03 22:42:19.762,2938.05,34.81,461,2.666,5.55,0.00,141.8,90.2,0.0,81.83,55.47,5.55,26.5,308.1,0.265,870.7,22.0,6,258.7,25458.7,20.0
2026-02-03 22:42:19.812,2939.05,34.86,462,2.655,5.53,0.00,141.4,90.2,0.0,81.82,55.47,5.53,26.5,306.8,0.263,870.6,22.0,6,268.4,25468.4,20.0
2026-02-03 22:42:19.861,2940.05,34.81,461,1.762,3.67,0.00,95.0,89.3,0.0,81.82,55.56,3.67,26.5,204.0,0.175,870.6,22.0,6,278.1,25478.1,20.0
2026-02-03 22:42:19.912,2941.05,34.76,460,1.771,3.69,0.00,95.3,89.3,0.0,81.81,55.56,3.69,26.5,205.0,0.176,870.5,22.0,6,287.7,25487.7,20.0
2026-02-03 22:42:19.962,2942.05,34.71,460,1.780,3.71,0.00,95.6,89.3,0.0,81.81,55.56,3.71,26.5,206.0,0.177,870.5,22.0,6,297.4,25497.4,20.0
2026-02-03 22:42:20.012,2943.05,34.66,459,1.788,3.72,0.00,95.9,89.3,0.0,81.80,55.56,3.72,26.5,206.9,0.177,870.4,22.0,6,307.0,25507.0,20.0
2026-02-03 22:42:20.061,2944.05,34.61,459,1.796,3.74,0.00,96.2,89.3,0.0,81.80,55.56,3.74,26.5,207.9,0.178,870.3,22.0,6,316.6,25516.6,20.0
2026-02-03 22:42:20.111,2945.05,34.57,458,1.804,3.76,0.00,96.5,89.3,0.0,81.79,55.55,3.76,26.5,208.8,0.179,870.3,22.0,6,326.2,25526.2,20.0
2026-02-03 22:42:20.162,2946.05,34.52,457,1.811,3.77,0.00,96.8,89.3,0.0,81.79,55.55,3.77,26.5,209.6,0.180,870.2,22.0,6,335.8,25535.8,20.0
2026-02-03 22:42:20.212,2947.05,34.29,454,0.000,0.00,0.00,0.0,84.4,0.0,81.79,55.74,0.00,26.5,0.0,0.000,870.2,22.0,6,345.3,25545.3,20.0
2026-02-03 22:42:20.262,2948.05,34.05,451,0.000,0.00,0.00,0.0,84.4,0.0,81.79,55.74,0.00,26.5,0.0,0.000,870.2,22.0,6,354.8,25554.8,20.0
2026-02-03 22:42:20.312,2949.05,33.82,448,0.000,0.00,0.00,0.0,84.4,0.0,81.79,55.74,0.00,26.5,0.0,0.000,870.2,22.0,6,364.2,25564.2,20.0
2026-02-03 22:42:20.361,2950.05,33.79,448,1.939,4.04,0.00,101.2,89.4,0.0,81.78,55.54,4.04,26.5,224.3,0.192,870.2,22.0,6,373.6,25573.6,20.0
2026-02-03 22:42:20.412,2951.05,33.76,447,1.944,4.05,0.00,101.3,89.4,0.0,81.78,55.54,4.05,26.5,224.9,0.193,870.1,22.0,6,382.9,25582.9,20.0
2026-02-03 22:42:20.462,2952.05,33.73,447,1.949,4.06,0.00,101.5,89.5,0.0,81.77,55.53,4.06,26.5,225.4,0.193,870.0,22.0,6,392.3,25592.3,20.0
2026-02-03 22:42:20.512,2953.05,33.71,447,1.953,4.07,0.00,101.6,89.5,0.0,81.77,55.53,4.07,26.5,226.0,0.194,870.0,22.0,6,401.7,25601.7,20.0
2026-02-03 22:42:20.562,2954.05,33.68,446,1.958,4.08,0.00,101.8,89.5,0.0,81.76,55.53,4.08,26.5,226.5,0.194,869.9,22.0,6,411.0,25611.0,20.0
2026-02-03 22:42:20.611,2955.05,33.66,446,1.962,4.09,0.00,101.9,89.5,0.0,81.76,55.53,4.09,26.5,227.0,0.195,869.9,22.0,6,420.4,25620.4,20.0
2026-02-03 22:42:20.662,2956.05,33.63,446,1.966,4.10,0.00,102.1,89.5,0.0,81.75,55.53,4.10,26.5,227.5,0.195,869.8,22.0,6,429.7,25629.7,20.0
2026-02-03 22:42:20.712,2957.05,33.61,445,1.971,4.11,0.00,102.2,89.5,0.0,81.75,55.53,4.11,26.5,228.0,0.196,869.7,22.0,6,439.0,25639.0,20.0
2026-02-03 22:42:20.762,2958.05,33.58,445,1.975,4.11,0.00,102.4,89.5,0.0,81.74,55.53,4.11,26.5,228.5,0.196,869.7,22.0,6,448.4,25648.4,20.0
2026-02-03 22:42:20.811,2959.05,33.56,445,1.979,4.12,0.00,102.5,89.5,0.0,81.74,55.53,4.12,26.5,228.9,0.196,869.6,22.0,6,457.7,25657.7,20.0
2026-02-03 22:42:20.862,2960.05,33.54,444,1.983,4.13,0.00,102.6,89.5,0.0,81.73,55.52,4.13,26.5,229.4,0.197,869.5,22.0,6,467.0,25667.0,20.0
2026-02-03 22:42:20.912,2961.05,33.51,444,1.987,4.14,0.00,102.7,89.5,0.0,81.72,55.52,4.14,26.5,229.8,0.197,869.5,22.0,6,476.3,25676.3,20.0
2026-02-03 22:42:20.962,2962.05,33.49,444,1.991,4.15,0.00,102.9,89.5,0.0,81.72,55.52,4.15,26.5,230.3,0.197,869.4,22.0,6,485.6,25685.6,20.0
2026-02-03 22:42:21.012,2963.05,33.47,443,1.994,4.16,0.00,103.0,89.5,0.0,81.71,55.52,4.16,26.5,230.7,0.198,869.3,22.0,6,494.9,25694.9,20.0
2026-02-03 22:42:21.062,2964.05,33.45,443,1.998,4.16,0.00,103.1,89.5,0.0,81.71,55.52,4.16,26.5,231.1,0.198,869.3,22.0,6,504.2,25704.2,20.0
2026-02-03 22:42:21.111,2965.05,33.52,444,2.902,6.05,0.00,149.8,89.5,0.0,81.70,55.42,6.05,26.5,335.1,0.288,869.2,22.0,6,513.5,25713.5,20.0
2026-02-03 22:42:21.162,2966.05,33.60,445,2.884,6.01,0.00,149.2,89.4,0.0,81.69,55.42,6.01,26.5,333.0,0.286,869.1,22.0,6,522.9,25722.9,20.0
2026-02-03 22:42:21.212,2967.05,33.67,446,2.866,5.97,0.00,147.0,90.4,0.0,81.68,55.42,5.97,26.5,330.9,0.284,869.0,22.0,6,532.2,25732.2,20.0
2026-02-03 22:42:21.262,2968.05,33.73,447,2.849,5.93,0.00,146.4,90.4,0.0,81.68,55.42,5.93,26.5,328.9,0.283,868.9,22.0,6,541.6,25741.6,20.0
2026-02-03 22:42:21.312,2969.05,33.80,448,2.783,5.80,0.00,143.5,90.3,0.0,81.67,55.43,5.80,26.5,321.4,0.276,868.8,22.0,6,551.0,25751.0,20.0
2026-02-03 22:42:21.361,2970.05,33.85,449,2.768,5.77,0.00,143.0,90.3,0.0,81.66,55.43,5.77,26.5,319.7,0.275,868.7,22.0,6,560.4,25760.4,20.0
2026-02-03 22:42:21.411,2971.05,33.91,449,2.754,5.74,0.00,142.5,90.3,0.0,81.65,55.43,5.74,26.5,318.0,0.273,868.6,22.0,6,569.8,25769.8,20.0
2026-02-03 22:42:21.462,2972.05,33.97,450,2.740,5.71,0.00,142.0,90.3,0.0,81.65,55.43,5.71,26.5,316.4,0.272,868.6,22.0,6,579.2,25779.2,20.0
2026-02-03 22:42:21.512,2973.05,34.02,451,2.726,5.68,0.00,141.6,90.3,0.0,81.64,55.43,5.68,26.5,314.9,0.270,868.5,22.0,6,588.7,25788.7,20.0
2026-02-03 22:42:21.562,2974.05,34.07,451,2.666,5.55,0.00,138.8,90.2,0.0,81.63,55.44,5.55,26.5,307.9,0.264,868.4,22.0,6,598.1,25798.1,20.0
2026-02-03 22:42:21.612,2975.05,34.12,452,2.654,5.53,0.00,138.4,90.2,0.0,81.62,55.44,5.53,26.5,306.6,0.263,868.3,22.0,6,607.6,25807.6,20.0
2026-02-03 22:42:21.661,2976.05,34.16,453,2.643,5.51,0.00,138.0,90.2,0.0,81.62,55.44,5.51,26.5,305.3,0.262,868.2,22.0,6,617.1,25817.1,20.0
2026-02-03 22:42:21.712,2977.05,34.13,452,1.880,3.92,0.00,99.2,89.4,0.0,81.61,55.51,3.92,26.5,217.5,0.187,868.2,22.0,6,626.6,25826.6,20.0
2026-02-03 22:42:21.762,2978.05,34.09,452,1.887,3.93,0.00,99.4,89.4,0.0,81.61,55.51,3.93,26.5,218.2,0.187,868.1,22.0,6,636.1,25836.1,20.0
2026-02-03 22:42:21.812,2979.05,34.06,451,1.893,3.94,0.00,99.6,89.4,0.0,81.60,55.51,3.94,26.5,218.9,0.188,868.0,22.0,6,645.5,25845.5,20.0
2026-02-03 22:42:21.862,2980.05,33.82,448,0.000,0.00,0.00,0.0,84.4,0.0,81.60,55.71,0.00,26.5,0.0,0.000,868.0,22.0,6,654.9,25854.9,20.0
2026-02-03 22:42:21.911,2981.05,33.59,445,0.000,0.00,0.00,0.0,84.4,0.0,81.60,55.71,0.00,26.5,0.0,0.000,868.0,22.0,6,664.2,25864.2,20.0
2026-02-03 22:42:21.962,2982.05,33.36,442,0.000,0.00,0.00,0.0,84.4,0.0,81.60,55.71,0.00,26.5,0.0,0.000,868.0,22.0,6,673.5,25873.5,20.0
2026-02-03 22:42:22.012,2983.05,33.12,439,0.000,0.00,0.00,0.0,84.4,0.0,81.60,55.71,0.00,26.5,0.0,0.000,868.0,22.0,6,682.7,25882.7,20.0
2026-02-03 22:42:22.062,2984.05,32.89,436,0.000,0.00,0.00,0.0,84.4,0.0,81.60,55.71,0.00,26.5,0.0,0.000,868.0,22.0,6,691.8,25891.8,20.0
2026-02-03 22:42:22.112,2985.05,32.66,433,0.000,0.00,0.00,0.0,84.4,0.0,81.60,55.71,0.00,26.5,0.0,0.000,868.0,22.0,6,700.9,25900.9,20.0
2026-02-03 22:42:22.162,2986.05,32.43,430,0.000,0.00,0.00,0.0,84.4,0.0,81.60,55.71,0.00,26.5,0.0,0.000,868.0,22.0,6,709.9,25909.9,20.0
2026-02-03 22:42:22.212,2987.05,32.20,427,0.000,0.00,0.00,0.0,84.4,0.0,81.60,55.71,0.00,26.5,0.0,0.000,868.0,22.0,6,718.9,25918.9,20.0
2026-02-03 22:42:22.262,2988.05,31.97,424,0.000,0.00,0.00,0.0,84.4,0.0,81.60,55.71,0.00,26.5,0.0,0.000,868.0,22.0,6,727.8,25927.8,20.0
2026-02-03 22:42:22.312,2989.05,31.75,421,0.000,0.00,0.00,0.0,84.4,0.0,81.60,55.71,0.00,26.5,0.0,0.000,868.0,22.0,6,736.6,25936.6,20.0
2026-02-03 22:42:22.362,2990.05,31.52,418,0.000,0.00,0.00,0.0,84.4,0.0,81.60,55.71,0.00,26.5,0.0,0.000,868.0,22.0,6,745.3,25945.3,20.0
2026-02-03 22:42:22.412,2991.05,31.29,415,0.000,0.00,0.00,0.0,84.4,0.0,81.60,55.71,0.00,26.5,0.0,0.000,868.0,22.0,6,754.0,25954.0,20.0
2026-02-03 22:42:22.461,2992.05,31.07,412,0.000,0.00,0.00,0.0,84.4,0.0,81.60,55.71,0.00,26.5,0.0,0.000,868.0,22.0,6,762.6,25962.6,20.0
2026-02-03 22:42:22.512,2993.05,30.84,409,0.000,0.00,0.00,0.0,84.4,0.0,81.60,55.71,0.00,26.5,0.0,0.000,868.0,22.0,6,771.2,25971.2,20.0
2026-02-03 22:42:22.562,2994.05,30.88,409,2.444,5.09,0.00,115.6,90.0,0.0,81.59,55.45,5.09,26.5,282.4,0.242,868.0,22.0,6,779.8,25979.8,20.0
2026-02-03 22:42:22.612,2995.05,30.91,409,2.438,5.08,0.00,115.5,90.0,0.0,81.59,55.45,5.08,26.5,281.7,0.242,867.9,22.0,6,788.4,25988.4,20.0
2026-02-03 22:42:22.662,2996.05,30.94,410,2.433,5.07,0.00,115.3,90.0,0.0,81.58,55.45,5.07,26.5,281.0,0.241,867.8,22.0,6,797.0,25997.0,20.0
2026-02-03 22:42:22.712,2997.05,30.98,410,2.427,5.06,0.00,115.2,90.0,0.0,81.57,55.45,5.06,26.5,280.4,0.241,867.7,22.0,6,805.6,26005.6,20.0
2026-02-03 22:42:22.762,2998.05,31.01,411,2.421,5.04,0.00,115.1,90.0,0.0,81.57,55.45,5.04,26.5,279.7,0.240,867.6,22.0,6,814.2,26014.2,20.0
2026-02-03 22:42:22.811,2999.05,31.04,411,2.416,5.03,0.00,114.9,89.9,0.0,81.56,55.45,5.03,26.5,279.1,0.240,867.6,22.0,6,822.8,26022.8,20.0
2026-02-03 22:42:22.862,3000.05,30.81,408,0.000,0.00,0.00,0.0,84.4,0.0,81.56,55.70,0.00,26.5,0.0,0.000,867.6,22.0,6,831.4,26031.4,20.0
2026-02-03 22:42:22.912,3001.05,30.59,405,0.000,0.00,0.00,0.0,84.4,0.0,81.56,55.70,0.00,26.5,0.0,0.000,867.6,22.0,6,839.9,26039.9,20.0
2026-02-03 22:42:22.962,3002.05,30.37,402,0.000,0.00,0.00,0.0,84.4,0.0,81.56,55.70,0.00,26.5,0.0,0.000,867.6,22.0,6,848.3,26048.3,20.0
2026-02-03 22:42:23.011,3003.05,30.14,399,0.000,0.00,0.00,0.0,84.4,0.0,81.56,55.70,0.00,26.5,0.0,0.000,867.6,22.0,6,856.7,26056.7,20.0
2026-02-03 22:42:23.062,3004.05,29.92,396,0.000,0.00,0.00,0.0,84.4,0.0,81.56,55.70,0.00,26.5,0.0,0.000,867.6,22.0,6,865.0,26065.0,20.0
2026-02-03 22:42:23.112,3005.05,29.97,397,2.535,5.28,0.00,116.2,90.1,0.0,81.55,55.44,5.28,26.5,292.8,0.252,867.5,22.0,6,873.3,26073.3,20.0
2026-02-03 22:42:23.162,3006.05,30.01,398,2.528,5.27,0.00,116.1,90.1,0.0,81.55,55.44,5.27,26.5,291.9,0.251,867.4,22.0,6,881.6,26081.6,20.0
2026-02-03 22:42:23.212,3007.05,29.79,395,0.000,0.00,0.00,0.0,84.4,0.0,81.55,55.70,0.00,26.5,0.0,0.000,867.4,22.0,6,889.9,26089.9,20.0
2026-02-03 22:42:23.262,3008.05,29.84,395,2.557,5.33,0.00,116.7,90.1,0.0,81.54,55.43,5.33,26.5,295.2,0.254,867.3,22.0,6,898.2,26098.2,20.0
2026-02-03 22:42:23.312,3009.05,29.89,396,2.548,5.31,0.00,116.5,90.1,0.0,81.53,55.43,5.31,26.5,294.3,0.253,867.2,22.0,6,906.5,26106.5,20.0
2026-02-03 22:42:23.361,3010.05,29.94,397,2.540,5.29,0.00,116.3,90.1,0.0,81.53,55.43,5.29,26.5,293.4,0.252,867.2,22.0,6,914.8,26114.8,20.0
2026-02-03 22:42:23.411,3011.05,29.99,397,2.532,5.28,0.00,116.2,90.1,0.0,81.52,55.43,5.28,26.5,292.4,0.251,867.1,22.0,6,923.2,26123.2,20.0
2026-02-03 22:42:23.462,3012.05,30.03,398,2.525,5.26,0.00,116.0,90.1,0.0,81.51,55.43,5.26,26.5,291.6,0.250,867.0,22.0,6,931.5,26131.5,20.0
2026-02-03 22:42:23.512,3013.05,29.81,395,0.000,0.00,0.00,0.0,84.4,0.0,81.51,55.69,0.00,26.5,0.0,0.000,867.0,22.0,6,939.8,26139.8,20.0
2026-02-03 22:42:23.562,3014.05,29.86,396,2.554,5.32,0.00,116.6,90.1,0.0,81.50,55.43,5.32,26.5,294.9,0.253,866.9,22.0,6,948.1,26148.1,20.0
2026-02-03 22:42:23.612,3015.05,29.91,396,2.546,5.30,0.00,116.5,90.1,0.0,81.50,55.43,5.30,26.5,293.9,0.253,866.8,22.0,6,956.4,26156.4,20.0
2026-02-03 22:42:23.661,3016.05,29.96,397,2.538,5.29,0.00,116.3,90.1,0.0,81.49,55.43,5.29,26.5,293.0,0.252,866.7,22.0,6,964.7,26164.7,20.0
2026-02-03 22:42:23.712,3017.05,30.00,397,2.530,5.27,0.00,116.1,90.1,0.0,81.48,55.43,5.27,26.5,292.1,0.251,866.7,22.0,6,973.0,26173.0,20.0
2026-02-03 22:42:23.762,3018.05,29.78,394,0.000,0.00,0.00,0.0,84.4,0.0,81.48,55.69,0.00,26.5,0.0,0.000,866.7,22.0,6,981.3,26181.3,20.0
2026-02-03 22:42:23.812,3019.05,29.83,395,2.559,5.33,0.00,116.7,90.1,0.0,81.48,55.42,5.33,26.5,295.4,0.254,866.6,22.0,6,989.6,26189.6,20.0
2026-02-03 22:42:23.862,3020.05,29.88,396,2.551,5.31,0.00,116.6,90.1,0.0,81.47,55.42,5.31,26.5,294.5,0.253,866.5,22.0,6,997.9,26197.9,20.0
2026-02-03 22:42:23.912,3021.05,29.93,396,2.542,5.30,0.00,116.4,90.1,0.0,81.46,55.42,5.30,26.5,293.5,0.252,866.4,22.0,6,1006.2,26206.2,20.0
2026-02-03 22:42:23.962,3022.05,30.19,400,4.549,9.48,0.00,206.1,91.2,0.0,81.45,55.21,9.48,26.5,523.2,0.451,866.3,22.0,6,1014.6,26214.6,20.0
2026-02-03 22:42:24.012,3023.05,30.44,403,4.472,9.32,0.00,204.5,91.1,0.0,81.44,55.22,9.32,26.5,514.4,0.444,866.1,22.0,6,1023.1,26223.1,20.0
2026-02-03 22:42:24.061,3024.05,30.68,406,4.397,9.16,0.00,203.0,91.0,0.0,81.43,55.22,9.16,26.5,505.9,0.436,866.0,22.0,6,1031.6,26231.6,20.0
2026-02-03 22:42:24.112,3025.05,30.92,410,4.325,9.01,0.00,201.4,91.0,0.0,81.41,55.23,9.01,26.5,497.6,0.429,865.9,22.0,6,1040.2,26240.2,20.0
2026-02-03 22:42:24.162,3026.05,31.14,413,4.255,8.87,0.00,199.8,90.9,0.0,81.40,55.23,8.87,26.5,489.7,0.422,865.7,22.0,6,1048.8,26248.8,20.0
2026-02-03 22:42:24.212,3027.05,31.36,415,4.188,8.73,0.00,198.3,90.8,0.0,81.39,55.24,8.73,26.5,482.0,0.416,865.6,22.0,6,1057.5,26257.5,20.0
2026-02-03 22:42:24.262,3028.05,31.57,418,4.123,8.59,0.00,196.7,90.8,0.0,81.38,55.24,8.59,26.5,474.6,0.409,865.5,22.0,6,1066.3,26266.3,20.0
2026-02-03 22:42:24.311,3029.05,31.77,421,4.061,8.46,0.00,195.2,90.7,0.0,81.37,55.25,8.46,26.5,467.4,0.403,865.3,22.0,6,1075.1,26275.1,20.0
2026-02-03 22:42:24.362,3030.05,31.96,423,3.943,8.21,0.00,191.0,90.6,0.0,81.36,55.26,8.21,26.5,453.9,0.391,865.2,22.0,6,1084.0,26284.0,20.0
2026-02-03 22:42:24.412,3031.05,32.15,426,3.887,8.10,0.00,189.5,90.5,0.0,81.35,55.26,8.10,26.5,447.5,0.386,865.1,22.0,6,1092.9,26292.9,20.0
2026-02-03 22:42:24.462,3032.05,32.32,428,3.778,7.87,0.00,185.5,90.4,0.0,81.34,55.27,7.87,26.5,435.0,0.375,865.0,22.0,6,1101.9,26301.9,20.0
2026-02-03 22:42:24.511,3033.05,32.49,430,3.728,7.77,0.00,184.2,90.3,0.0,81.33,55.27,7.77,26.5,429.3,0.370,864.8,22.0,6,1110.9,26310.9,20.0
2026-02-03 22:42:24.561,3034.05,32.64,432,3.626,7.56,0.00,180.2,90.2,0.0,81.32,55.28,7.56,26.5,417.7,0.360,864.7,22.0,6,1120.0,26320.0,20.0
2026-02-03 22:42:24.612,3035.05,32.79,434,3.582,7.46,0.00,179.0,90.2,0.0,81.31,55.29,7.46,26.5,412.6,0.355,864.6,22.0,6,1129.1,26329.1,20.0
2026-02-03 22:42:24.662,3036.05,32.93,436,3.487,7.26,0.00,175.2,90.1,0.0,81.30,55.29,7.26,26.5,401.7,0.346,864.5,22.0,6,1138.3,26338.3,20.0
2026-02-03 22:42:24.712,3037.05,33.06,438,3.448,7.18,0.00,174.1,90.0,0.0,81.29,55.30,7.18,26.5,397.2,0.342,864.4,22.0,6,1147.4,26347.4,20.0
2026-02-03 22:42:24.762,3038.05,33.19,440,3.359,7.00,0.00,170.4,89.9,0.0,81.28,55.30,7.00,26.5,387.0,0.333,864.3,22.0,6,1156.7,26356.7,20.0
2026-02-03 22:42:24.811,3039.05,33.31,441,3.325,6.93,0.00,169.4,89.9,0.0,81.27,55.31,6.93,26.5,383.1,0.330,864.2,22.0,6,1165.9,26365.9,20.0
2026-02-03 22:42:24.862,3040.05,33.42,443,3.291,6.86,0.00,168.4,89.9,0.0,81.26,55.31,6.86,26.5,379.3,0.327,864.1,22.0,6,1175.2,26375.2,20.0
2026-02-03 22:42:24.912,3041.05,33.53,444,3.209,6.69,0.00,164.9,89.8,0.0,81.25,55.32,6.69,26.5,369.8,0.318,864.0,22.0,6,1184.5,26384.5,20.0
2026-02-03 22:42:24.962,3042.05,33.64,446,3.180,6.63,0.00,164.0,89.8,0.0,81.24,55.32,6.63,26.5,366.5,0.315,863.9,22.0,6,1193.9,26393.9,20.0
2026-02-03 22:42:25.012,3043.05,33.74,447,3.152,6.57,0.00,163.1,89.7,0.0,81.23,55.32,6.57,26.5,363.2,0.313,863.8,22.0,6,1203.2,26403.2,20.0
2026-02-03 22:42:25.061,3044.05,33.83,448,3.076,6.41,0.00,159.8,89.6,0.0,81.22,55.33,6.41,26.5,354.5,0.305,863.7,22.0,6,1212.6,26412.6,20.0
2026-02-03 22:42:25.112,3045.05,33.92,449,3.051,6.36,0.00,159.0,89.6,0.0,81.22,55.33,6.36,26.5,351.7,0.303,863.6,22.0,6,1222.0,26422.0,20.0
2026-02-03 22:42:25.162,3046.05,34.00,450,3.027,6.31,0.00,158.2,89.6,0.0,81.21,55.33,6.31,26.5,348.9,0.300,863.5,22.0,6,1231.5,26431.5,20.0
2026-02-03 22:42:25.212,3047.05,34.08,452,2.956,6.16,0.00,155.0,89.5,0.0,81.20,55.33,6.16,26.5,340.8,0.293,863.4,22.0,6,1241.0,26441.0,20.0
2026-02-03 22:42:25.262,3048.05,34.16,453,2.936,6.12,0.00,154.3,89.5,0.0,81.19,55.33,6.12,26.5,338.4,0.291,863.3,22.0,6,1250.4,26450.4,20.0
2026-02-03 22:42:25.311,3049.05,34.23,454,2.916,6.07,0.00,153.6,89.5,0.0,81.18,55.34,6.07,26.5,336.1,0.289,863.2,22.0,6,1260.0,26460.0,20.0
2026-02-03 22:42:25.362,3050.05,34.19,453,1.869,3.89,0.00,98.8,89.4,0.0,81.18,55.44,3.89,26.5,215.8,0.185,863.1,22.0,6,1269.4,26469.4,20.0
2026-02-03 22:42:25.412,3051.05,33.96,450,0.000,0.00,0.00,0.0,84.4,0.0,81.18,55.64,0.00,26.5,0.0,0.000,863.1,22.0,6,1278.9,26478.9,20.0
2026-02-03 22:42:25.462,3052.05,33.73,447,0.000,0.00,0.00,0.0,84.4,0.0,81.18,55.64,0.00,26.5,0.0,0.000,863.1,22.0,6,1288.3,26488.3,20.0
2026-02-03 22:42:25.512,3053.05,33.49,444,0.000,0.00,0.00,0.0,84.4,0.0,81.18,55.64,0.00,26.5,0.0,0.000,863.1,22.0,6,1297.6,26497.6,20.0
2026-02-03 22:42:25.561,3054.05,33.26,441,0.000,0.00,0.00,0.0,84.4,0.0,81.18,55.64,0.00,26.5,0.0,0.000,863.1,22.0,6,1306.8,26506.8,20.0
2026-02-03 22:42:25.611,3055.05,33.03,438,0.000,0.00,0.00,0.0,84.4,0.0,81.18,55.64,0.00,26.5,0.0,0.000,863.1,22.0,6,1316.0,26516.0,20.0
2026-02-03 22:42:25.662,3056.05,32.80,434,0.000,0.00,0.00,0.0,84.4,0.0,81.18,55.64,0.00,26.5,0.0,0.000,863.1,22.0,6,1325.1,26525.1,20.0
2026-02-03 22:42:25.712,3057.05,32.57,431,0.000,0.00,0.00,0.0,84.4,0.0,81.18,55.64,0.00,26.5,0.0,0.000,863.1,22.0,6,1334.1,26534.1,20.0
2026-02-03 22:42:25.762,3058.05,32.34,428,0.000,0.00,0.00,0.0,84.4,0.0,81.18,55.64,0.00,26.5,0.0,0.000,863.1,22.0,6,1343.1,26543.1,20.0
2026-02-03 22:42:25.812,3059.05,32.11,425,0.000,0.00,0.00,0.0,84.4,0.0,81.18,55.64,0.00,26.5,0.0,0.000,863.1,22.0,6,1352.0,26552.0,20.0
2026-02-03 22:42:25.861,3060.05,31.88,422,0.000,0.00,0.00,0.0,84.4,0.0,81.18,55.64,0.00,26.5,0.0,0.000,863.1,22.0,6,1360.9,26560.9,20.0
2026-02-03 22:42:25.912,3061.05,31.65,419,0.000,0.00,0.00,0.0,84.4,0.0,81.18,55.64,0.00,26.5,0.0,0.000,863.1,22.0,6,1369.7,26569.7,20.0
2026-02-03 22:42:25.962,3062.05,31.42,416,0.000,0.00,0.00,0.0,84.4,0.0,81.18,55.64,0.00,26.5,0.0,0.000,863.1,22.0,6,1378.4,26578.4,20.0
2026-02-03 22:42:26.012,3063.05,31.20,413,0.000,0.00,0.00,0.0,84.4,0.0,81.18,55.64,0.00,26.5,0.0,0.000,863.1,22.0,6,1387.1,26587.1,20.0
2026-02-03 22:42:26.062,3064.05,30.97,410,0.000,0.00,0.00,0.0,84.4,0.0,81.18,55.64,0.00,26.5,0.0,0.000,863.1,22.0,6,1395.7,26595.7,20.0
2026-02-03 22:42:26.111,3065.05,30.75,407,0.000,0.00,0.00,0.0,84.4,0.0,81.18,55.64,0.00,26.5,0.0,0.000,863.1,22.0,6,1404.2,26604.2,20.0
2026-02-03 22:42:26.162,3066.05,30.52,404,0.000,0.00,0.00,0.0,84.4,0.0,81.18,55.64,0.00,26.5,0.0,0.000,863.1,22.0,6,1412.7,26612.7,20.0
2026-02-03 22:42:26.212,3067.05,30.30,401,0.000,0.00,0.00,0.0,84.4,0.0,81.18,55.64,0.00,26.5,0.0,0.000,863.1,22.0,6,1421.1,26621.1,20.0
2026-02-03 22:42:26.262,3068.05,30.08,398,0.000,0.00,0.00,0.0,84.4,0.0,81.18,55.64,0.00,26.5,0.0,0.000,863.1,22.0,6,1429.5,26629.5,20.0
2026-02-03 22:42:26.311,3069.05,29.86,395,0.000,0.00,0.00,0.0,84.4,0.0,81.18,55.64,0.00,26.5,0.0,0.000,863.1,22.0,6,1437.8,26637.8,20.0
2026-02-03 22:42:26.362,3070.05,29.64,393,0.000,0.00,0.00,0.0,84.4,0.0,81.18,55.64,0.00,26.5,0.0,0.000,863.1,22.0,6,1446.0,26646.0,20.0
2026-02-03 22:42:26.412,3071.05,29.42,390,0.000,0.00,0.00,0.0,84.4,0.0,81.18,55.64,0.00,26.5,0.0,0.000,863.1,22.0,6,1454.2,26654.2,20.0
2026-02-03 22:42:26.462,3072.05,29.20,387,0.000,0.00,0.00,0.0,84.4,0.0,81.18,55.64,0.00,26.5,0.0,0.000,863.1,22.0,6,1462.3,26662.3,20.0
2026-02-03 22:42:26.511,3073.05,28.98,384,0.000,0.00,0.00,0.0,84.4,0.0,81.18,55.64,0.00,26.5,0.0,0.000,863.1,22.0,6,1470.3,26670.3,20.0
2026-02-03 22:42:26.562,3074.05,28.76,381,0.000,0.00,0.00,0.0,84.4,0.0,81.18,55.64,0.00,26.5,0.0,0.000,863.1,22.0,6,1478.3,26678.3,20.0
2026-02-03 22:42:26.612,3075.05,28.54,378,0.000,0.00,0.00,0.0,84.4,0.0,81.18,55.64,0.00,26.5,0.0,0.000,863.1,22.0,6,1486.2,26686.2,20.0
2026-02-03 22:42:26.662,3076.05,28.32,375,0.000,0.00,0.00,0.0,84.4,0.0,81.18,55.64,0.00,26.5,0.0,0.000,863.1,22.0,6,1494.1,26694.1,20.0
2026-02-03 22:42:26.711,3077.05,28.11,372,0.000,0.00,0.00,0.0,84.4,0.0,81.18,55.64,0.00,26.5,0.0,0.000,863.1,22.0,6,1501.9,26701.9,20.0
2026-02-03 22:42:26.762,3078.05,27.89,369,0.000,0.00,0.00,0.0,84.4,0.0,81.18,55.64,0.00,26.5,0.0,0.000,863.1,22.0,6,1509.7,26709.7,20.0
2026-02-03 22:42:26.812,3079.05,27.67,367,0.000,0.00,0.00,0.0,84.4,0.0,81.18,55.64,0.00,26.5,0.0,0.000,863.1,22.0,6,1517.3,26717.3,20.0
2026-02-03 22:42:26.862,3080.05,27.46,364,0.000,0.00,0.00,0.0,84.4,0.0,81.18,55.64,0.00,26.5,0.0,0.000,863.1,22.0,6,1525.0,26725.0,20.0
2026-02-03 22:42:26.911,3081.05,27.25,361,0.000,0.00,0.00,0.0,84.4,0.0,81.18,55.64,0.00,26.5,0.0,0.000,863.1,22.0,6,1532.5,26732.5,20.0
2026-02-03 22:42:26.962,3082.05,27.03,358,0.000,0.00,0.00,0.0,84.4,0.0,81.18,55.64,0.00,26.5,0.0,0.000,863.1,22.0,6,1540.0,26740.0,20.0
2026-02-03 22:42:27.012,3083.05,26.82,355,0.000,0.00,0.00,0.0,84.4,0.0,81.18,55.64,0.00,26.5,0.0,0.000,863.1,22.0,6,1547.5,26747.5,20.0
2026-02-03 22:42:27.062,3084.05,26.61,352,0.000,0.00,0.00,0.0,84.4,0.0,81.18,55.64,0.00,26.5,0.0,0.000,863.1,22.0,6,1554.9,26754.9,20.0
2026-02-03 22:42:27.112,3085.05,26.98,357,5.536,11.53,0.00,220.5,92.2,0.0,81.16,55.06,11.53,26.5,635.0,0.549,862.9,22.0,6,1562.4,26762.4,20.0
2026-02-03 22:42:27.161,3086.05,27.33,362,5.347,11.14,0.00,216.4,92.0,0.0,81.15,55.08,11.14,26.5,613.5,0.530,862.8,22.0,6,1570.0,26770.0,20.0
2026-02-03 22:42:27.212,3087.05,27.67,366,5.168,10.77,0.00,212.4,91.8,0.0,81.13,55.09,10.77,26.5,593.1,0.513,862.6,22.0,6,1577.7,26777.7,20.0
2026-02-03 22:42:27.262,3088.05,27.98,371,4.997,10.41,0.00,208.2,91.7,0.0,81.12,55.11,10.41,26.5,573.7,0.496,862.4,22.0,6,1585.4,26785.4,20.0
2026-02-03 22:42:27.312,3089.05,28.28,375,4.834,10.07,0.00,204.1,91.5,0.0,81.11,55.12,10.07,26.5,555.2,0.480,862.3,22.0,6,1593.3,26793.3,20.0
2026-02-03 22:42:27.362,3090.05,28.56,378,4.679,9.75,0.00,200.0,91.3,0.0,81.09,55.14,9.75,26.5,537.5,0.464,862.1,22.0,6,1601.2,26801.2,20.0
2026-02-03 22:42:27.411,3091.05,28.82,382,4.532,9.44,0.00,196.0,91.2,0.0,81.08,55.15,9.44,26.5,520.7,0.450,862.0,22.0,6,1609.2,26809.2,20.0
2026-02-03 22:42:27.462,3092.05,29.06,385,4.391,9.15,0.00,191.9,91.0,0.0,81.07,55.16,9.15,26.5,504.6,0.436,861.9,22.0,6,1617.3,26817.3,20.0
2026-02-03 22:42:27.512,3093.05,29.30,388,4.256,8.87,0.00,187.9,90.9,0.0,81.06,55.17,8.87,26.5,489.2,0.422,861.7,22.0,6,1625.4,26825.4,20.0
2026-02-03 22:42:27.562,3094.05,29.52,391,4.195,8.74,0.00,186.8,90.8,0.0,81.05,55.18,8.74,26.5,482.2,0.416,861.6,22.0,6,1633.6,26833.6,20.0
2026-02-03 22:42:27.612,3095.05,29.73,394,4.069,8.48,0.00,182.9,90.7,0.0,81.03,55.19,8.48,26.5,467.9,0.404,861.5,22.0,6,1641.9,26841.9,20.0
2026-02-03 22:42:27.661,3096.05,29.93,396,3.949,8.23,0.00,179.0,90.6,0.0,81.02,55.20,8.23,26.5,454.1,0.392,861.3,22.0,6,1650.2,26850.2,20.0
2026-02-03 22:42:27.712,3097.05,30.12,399,3.899,8.12,0.00,178.0,90.5,0.0,81.01,55.20,8.12,26.5,448.4,0.387,861.2,22.0,6,1658.6,26858.6,20.0
2026-02-03 22:42:27.762,3098.05,30.30,401,3.786,7.89,0.00,174.1,90.4,0.0,81.00,55.21,7.89,26.5,435.5,0.376,861.1,22.0,6,1667.0,26867.0,20.0
2026-02-03 22:42:27.812,3099.05,30.35,402,2.536,5.28,0.00,117.7,90.1,0.0,81.00,55.34,5.28,26.5,292.4,0.252,861.0,22.0,6,1675.4,26875.4,20.0
2026-02-03 22:42:27.861,3100.05,30.39,403,2.528,5.27,0.00,117.6,90.1,0.0,80.99,55.34,5.27,26.5,291.5,0.251,860.9,22.0,6,1683.9,26883.9,20.0
2026-02-03 22:42:27.911,3101.05,30.43,403,2.521,5.25,0.00,117.4,90.1,0.0,80.98,55.34,5.25,26.5,290.6,0.250,860.8,22.0,6,1692.3,26892.3,20.0
2026-02-03 22:42:27.962,3102.05,30.48,404,2.513,5.24,0.00,117.2,90.1,0.0,80.97,55.34,5.24,26.5,289.8,0.249,860.8,22.0,6,1700.8,26900.8,20.0
2026-02-03 22:42:28.012,3103.05,30.25,401,0.000,0.00,0.00,0.0,84.4,0.0,80.97,55.60,0.00,26.5,0.0,0.000,860.8,22.0,6,1709.2,26909.2,20.0
2026-02-03 22:42:28.062,3104.05,30.03,398,0.000,0.00,0.00,0.0,84.4,0.0,80.97,55.60,0.00,26.5,0.0,0.000,860.8,22.0,6,1717.5,26917.5,20.0
2026-02-03 22:42:28.111,3105.05,29.81,395,0.000,0.00,0.00,0.0,84.4,0.0,80.97,55.60,0.00,26.5,0.0,0.000,860.8,22.0,6,1725.8,26925.8,20.0
2026-02-03 22:42:28.162,3106.05,29.59,392,0.000,0.00,0.00,0.0,84.4,0.0,80.97,55.60,0.00,26.5,0.0,0.000,860.8,22.0,6,1734.0,26934.0,20.0
2026-02-03 22:42:28.212,3107.05,29.37,389,0.000,0.00,0.00,0.0,84.4,0.0,80.97,55.60,0.00,26.5,0.0,0.000,860.8,22.0,6,1742.2,26942.2,20.0
2026-02-03 22:42:28.262,3108.05,29.15,386,0.000,0.00,0.00,0.0,84.4,0.0,80.97,55.60,0.00,26.5,0.0,0.000,860.8,22.0,6,1750.3,26950.3,20.0
2026-02-03 22:42:28.311,3109.05,28.93,383,0.000,0.00,0.00,0.0,84.4,0.0,80.97,55.60,0.00,26.5,0.0,0.000,860.8,22.0,6,1758.3,26958.3,20.0
2026-02-03 22:42:28.362,3110.05,28.71,380,0.000,0.00,0.00,0.0,84.4,0.0,80.97,55.60,0.00,26.5,0.0,0.000,860.8,22.0,6,1766.3,26966.3,20.0
2026-02-03 22:42:28.412,3111.05,28.49,377,0.000,0.00,0.00,0.0,84.4,0.0,80.97,55.60,0.00,26.5,0.0,0.000,860.8,22.0,6,1774.2,26974.2,20.0
2026-02-03 22:42:28.461,3112.05,28.28,375,0.000,0.00,0.00,0.0,84.4,0.0,80.97,55.60,0.00,26.5,0.0,0.000,860.8,22.0,6,1782.1,26982.1,20.0
2026-02-03 22:42:28.512,3113.05,28.06,372,0.000,0.00,0.00,0.0,84.4,0.0,80.97,55.60,0.00,26.5,0.0,0.000,860.8,22.0,6,1789.9,26989.9,20.0
2026-02-03 22:42:28.562,3114.05,27.84,369,0.000,0.00,0.00,0.0,84.4,0.0,80.97,55.60,0.00,26.5,0.0,0.000,860.8,22.0,6,1797.6,26997.6,20.0
2026-02-03 22:42:28.612,3115.05,27.63,366,0.000,0.00,0.00,0.0,84.4,0.0,80.97,55.60,0.00,26.5,0.0,0.000,860.8,22.0,6,1805.3,27005.3,20.0
2026-02-03 22:42:28.661,3116.05,27.41,363,0.000,0.00,0.00,0.0,84.4,0.0,80.97,55.60,0.00,26.5,0.0,0.000,860.8,22.0,6,1812.9,27012.9,20.0
2026-02-03 22:42:28.712,3117.05,27.20,360,0.000,0.00,0.00,0.0,84.4,0.0,80.97,55.60,0.00,26.5,0.0,0.000,860.8,22.0,6,1820.4,27020.4,20.0
2026-02-03 22:42:28.762,3118.05,26.99,357,0.000,0.00,0.00,0.0,84.4,0.0,80.97,55.60,0.00,26.5,0.0,0.000,860.8,22.0,6,1827.9,27027.9,20.0
2026-02-03 22:42:28.812,3119.05,27.08,359,2.944,6.13,0.00,122.5,89.5,0.0,80.97,55.30,6.13,26.5,339.1,0.292,860.7,22.0,6,1835.5,27035.5,20.0
2026-02-03 22:42:28.862,3120.05,26.87,356,0.000,0.00,0.00,0.0,84.4,0.0,80.97,55.60,0.00,26.5,0.0,0.000,860.7,22.0,6,1842.9,27042.9,20.0
2026-02-03 22:42:28.912,3121.05,26.97,357,2.962,6.17,0.00,122.7,89.5,0.0,80.96,55.29,6.17,26.5,341.2,0.294,860.6,22.0,6,1850.4,27050.4,20.0
2026-02-03 22:42:28.962,3122.05,27.07,359,2.946,6.14,0.00,122.5,89.5,0.0,80.95,55.29,6.14,26.5,339.4,0.292,860.5,22.0,6,1857.9,27057.9,20.0
2026-02-03 22:42:29.011,3123.05,26.86,356,0.000,0.00,0.00,0.0,84.4,0.0,80.95,55.60,0.00,26.5,0.0,0.000,860.5,22.0,6,1865.4,27065.4,20.0
2026-02-03 22:42:29.062,3124.05,26.96,357,2.964,6.18,0.00,122.7,89.5,0.0,80.94,55.29,6.18,26.5,341.5,0.294,860.4,22.0,6,1872.9,27072.9,20.0
2026-02-03 22:42:29.112,3125.05,27.06,358,2.948,6.14,0.00,122.6,89.5,0.0,80.93,55.29,6.14,26.5,339.6,0.292,860.3,22.0,6,1880.4,27080.4,20.0
2026-02-03 22:42:29.162,3126.05,26.85,356,0.000,0.00,0.00,0.0,84.4,0.0,80.93,55.60,0.00,26.5,0.0,0.000,860.3,22.0,6,1887.9,27087.9,20.0
2026-02-03 22:42:29.211,3127.05,26.95,357,2.966,6.18,0.00,122.8,89.5,0.0,80.93,55.29,6.18,26.5,341.7,0.294,860.2,22.0,6,1895.3,27095.3,20.0
2026-02-03 22:42:29.262,3128.05,27.05,358,2.950,6.15,0.00,122.6,89.5,0.0,80.92,55.29,6.15,26.5,339.8,0.293,860.1,22.0,6,1902.9,27102.9,20.0
2026-02-03 22:42:29.312,3129.05,27.27,361,4.092,8.53,0.00,168.4,90.7,0.0,80.91,55.17,8.53,26.5,470.3,0.406,860.0,22.0,6,1910.4,27110.4,20.0
2026-02-03 22:42:29.362,3130.05,27.48,364,4.043,8.42,0.00,167.9,90.7,0.0,80.90,55.17,8.42,26.5,464.7,0.401,859.8,22.0,6,1918.1,27118.1,20.0
2026-02-03 22:42:29.412,3131.05,27.68,367,3.919,8.16,0.00,164.2,90.5,0.0,80.88,55.18,8.16,26.5,450.5,0.389,859.7,22.0,6,1925.8,27125.8,20.0
2026-02-03 22:42:29.461,3132.05,27.87,369,3.800,7.92,0.00,160.6,90.4,0.0,80.87,55.19,7.92,26.5,437.0,0.377,859.6,22.0,6,1933.5,27133.5,20.0
2026-02-03 22:42:29.512,3133.05,28.05,372,3.760,7.83,0.00,160.1,90.4,0.0,80.86,55.19,7.83,26.5,432.3,0.373,859.5,22.0,6,1941.3,27141.3,20.0
2026-02-03 22:42:29.562,3134.05,28.14,373,2.845,5.93,0.00,121.8,90.4,0.0,80.86,55.29,5.93,26.5,327.7,0.282,859.4,22.0,6,1949.1,27149.1,20.0
2026-02-03 22:42:29.611,3135.05,28.22,374,2.831,5.90,0.00,121.6,90.4,0.0,80.85,55.29,5.90,26.5,326.1,0.281,859.3,22.0,6,1956.9,27156.9,20.0
2026-02-03 22:42:29.662,3136.05,28.30,375,2.817,5.87,0.00,121.4,90.4,0.0,80.84,55.29,5.87,26.5,324.5,0.279,859.2,22.0,6,1964.8,27164.8,20.0
2026-02-03 22:42:29.712,3137.05,28.38,376,2.803,5.84,0.00,121.2,90.4,0.0,80.83,55.29,5.84,26.5,322.9,0.278,859.1,22.0,6,1972.7,27172.7,20.0
2026-02-03 22:42:29.762,3138.05,28.46,377,2.790,5.81,0.00,121.0,90.3,0.0,80.82,55.29,5.81,26.5,321.4,0.277,859.0,22.0,6,1980.6,27180.6,20.0
2026-02-03 22:42:29.812,3139.05,28.54,378,2.777,5.79,0.00,120.8,90.3,0.0,80.82,55.29,5.79,26.5,319.9,0.276,858.9,22.0,6,1988.5,27188.5,20.0
2026-02-03 22:42:29.862,3140.05,28.61,379,2.764,5.76,0.00,120.6,90.3,0.0,80.81,55.29,5.76,26.5,318.4,0.274,858.8,22.0,6,1996.5,27196.5,20.0
2026-02-03 22:42:29.912,3141.05,28.69,380,2.752,5.73,0.00,120.4,90.3,0.0,80.80,55.29,5.73,26.5,317.0,0.273,858.8,22.0,6,2004.4,27204.4,20.0
2026-02-03 22:42:29.962,3142.05,28.76,381,2.740,5.71,0.00,120.1,90.3,0.0,80.79,55.29,5.71,26.5,315.6,0.272,858.7,22.0,6,2012.4,27212.4,20.0
2026-02-03 22:42:30.012,3143.05,28.83,382,2.728,5.68,0.00,119.9,90.3,0.0,80.79,55.29,5.68,26.5,314.2,0.271,858.6,22.0,6,2020.4,27220.4,20.0
2026-02-03 22:42:30.061,3144.05,28.90,383,2.716,5.66,0.00,119.7,90.3,0.0,80.78,55.29,5.66,26.5,312.8,0.269,858.5,22.0,6,2028.5,27228.5,20.0
2026-02-03 22:42:30.112,3145.05,28.97,384,2.705,5.63,0.00,119.5,90.3,0.0,80.77,55.29,5.63,26.5,311.5,0.268,858.4,22.0,6,2036.5,27236.5,20.0
2026-02-03 22:42:30.162,3146.05,29.03,385,2.693,5.61,0.00,119.3,90.2,0.0,80.76,55.29,5.61,26.5,310.2,0.267,858.3,22.0,6,2044.6,27244.6,20.0
2026-02-03 22:42:30.212,3147.05,29.10,385,2.682,5.59,0.00,119.1,90.2,0.0,80.76,55.29,5.59,26.5,309.0,0.266,858.2,22.0,6,2052.7,27252.7,20.0
2026-02-03 22:42:30.261,3148.05,29.16,386,2.671,5.57,0.00,118.9,90.2,0.0,80.75,55.29,5.57,26.5,307.7,0.265,858.2,22.0,6,2060.8,27260.8,20.0
2026-02-03 22:42:30.312,3149.05,29.23,387,2.661,5.54,0.00,118.7,90.2,0.0,80.74,55.29,5.54,26.5,306.5,0.264,858.1,22.0,6,2068.9,27268.9,20.0
2026-02-03 22:42:30.362,3150.05,29.29,388,2.651,5.52,0.00,118.5,90.2,0.0,80.74,55.29,5.52,26.5,305.3,0.263,858.0,22.0,6,2077.0,27277.0,20.0
2026-02-03 22:42:30.412,3151.05,29.35,389,2.640,5.50,0.00,118.3,90.2,0.0,80.73,55.29,5.50,26.5,304.1,0.262,857.9,22.0,6,2085.2,27285.2,20.0
2026-02-03 22:42:30.461,3152.05,29.41,390,2.630,5.48,0.00,118.2,90.2,0.0,80.72,55.29,5.48,26.5,303.0,0.261,857.8,22.0,6,2093.3,27293.3,20.0
2026-02-03 22:42:30.512,3153.05,29.46,390,2.621,5.46,0.00,118.0,90.2,0.0,80.71,55.29,5.46,26.5,301.9,0.260,857.7,22.0,6,2101.5,27301.5,20.0
2026-02-03 22:42:30.562,3154.05,29.52,391,2.611,5.44,0.00,117.8,90.2,0.0,80.71,55.29,5.44,26.5,300.8,0.259,857.6,22.0,6,2109.7,27309.7,20.0
2026-02-03 22:42:30.612,3155.05,29.58,392,2.602,5.42,0.00,117.6,90.1,0.0,80.70,55.29,5.42,26.5,299.7,0.258,857.6,22.0,6,2117.9,27317.9,20.0
2026-02-03 22:42:30.661,3156.05,29.63,392,2.593,5.40,0.00,117.4,90.1,0.0,80.69,55.29,5.40,26.5,298.6,0.257,857.5,22.0,6,2126.2,27326.2,20.0
2026-02-03 22:42:30.712,3157.05,29.68,393,2.584,5.38,0.00,117.2,90.1,0.0,80.68,55.29,5.38,26.5,297.6,0.256,857.4,22.0,6,2134.4,27334.4,20.0
2026-02-03 22:42:30.762,3158.05,29.73,394,2.575,5.36,0.00,117.1,90.1,0.0,80.68,55.29,5.36,26.5,296.6,0.255,857.3,22.0,6,2142.7,27342.7,20.0
2026-02-03 22:42:30.812,3159.05,29.79,395,2.566,5.35,0.00,116.9,90.1,0.0,80.67,55.29,5.35,26.5,295.6,0.255,857.2,22.0,6,2150.9,27350.9,20.0
2026-02-03 22:42:30.861,3160.05,29.84,395,2.558,5.33,0.00,116.7,90.1,0.0,80.66,55.29,5.33,26.5,294.6,0.254,857.2,22.0,6,2159.2,27359.2,20.0
2026-02-03 22:42:30.911,3161.05,29.88,396,2.550,5.31,0.00,116.5,90.1,0.0,80.66,55.28,5.31,26.5,293.7,0.253,857.1,22.0,6,2167.5,27367.5,20.0
2026-02-03 22:42:30.962,3162.05,29.93,396,2.542,5.29,0.00,116.4,90.1,0.0,80.65,55.28,5.29,26.5,292.7,0.252,857.0,22.0,6,2175.8,27375.8,20.0
2026-02-03 22:42:31.012,3163.05,29.98,397,2.534,5.28,0.00,116.2,90.1,0.0,80.64,55.28,5.28,26.5,291.8,0.251,856.9,22.0,6,2184.2,27384.2,20.0
2026-02-03 22:42:31.062,3164.05,30.02,398,2.526,5.26,0.00,116.0,90.1,0.0,80.64,55.28,5.26,26.5,290.9,0.251,856.8,22.0,6,2192.5,27392.5,20.0
2026-02-03 22:42:31.111,3165.05,30.08,398,2.583,5.38,0.00,118.8,90.1,0.0,80.63,55.28,5.38,26.5,297.4,0.256,856.7,22.0,6,2200.9,27400.9,20.0
2026-02-03 22:42:31.162,3166.05,30.33,402,4.505,9.38,0.00,205.2,91.2,0.0,80.62,55.07,9.38,26.5,516.8,0.447,856.6,22.0,6,2209.3,27409.3,20.0
2026-02-03 22:42:31.212,3167.05,30.58,405,4.429,9.23,0.00,203.7,91.1,0.0,80.60,55.08,9.23,26.5,508.2,0.439,856.5,22.0,6,2217.8,27417.8,20.0
2026-02-03 22:42:31.262,3168.05,30.82,408,4.356,9.07,0.00,202.1,91.0,0.0,80.59,55.09,9.07,26.5,499.9,0.432,856.3,22.0,6,2226.3,27426.3,20.0
2026-02-03 22:42:31.312,3169.05,31.05,411,4.285,8.93,0.00,200.5,90.9,0.0,80.58,55.09,8.93,26.5,491.8,0.425,856.2,22.0,6,2235.0,27435.0,20.0
2026-02-03 22:42:31.361,3170.05,31.27,414,4.217,8.78,0.00,198.9,90.9,0.0,80.57,55.10,8.78,26.5,484.0,0.418,856.1,22.0,6,2243.7,27443.7,20.0
2026-02-03 22:42:31.412,3171.05,31.48,417,4.151,8.65,0.00,197.4,90.8,0.0,80.56,55.10,8.65,26.5,476.5,0.412,855.9,22.0,6,2252.4,27452.4,20.0
2026-02-03 22:42:31.462,3172.05,31.69,420,4.087,8.52,0.00,195.8,90.7,0.0,80.55,55.11,8.52,26.5,469.2,0.405,855.8,22.0,6,2261.2,27461.2,20.0
2026-02-03 22:42:31.512,3173.05,31.88,422,3.968,8.27,0.00,191.6,90.6,0.0,80.53,55.12,8.27,26.5,455.7,0.394,855.7,22.0,6,2270.1,27470.1,20.0
2026-02-03 22:42:31.561,3174.05,32.07,425,3.912,8.15,0.00,190.2,90.5,0.0,80.52,55.12,8.15,26.5,449.2,0.388,855.5,22.0,6,2279.0,27479.0,20.0
2026-02-03 22:42:31.612,3175.05,32.24,427,3.801,7.92,0.00,186.1,90.4,0.0,80.51,55.13,7.92,26.5,436.6,0.377,855.4,22.0,6,2287.9,27487.9,20.0
2026-02-03 22:42:31.662,3176.05,32.41,429,3.751,7.81,0.00,184.8,90.4,0.0,80.50,55.13,7.81,26.5,430.8,0.372,855.3,22.0,6,2296.9,27496.9,20.0
2026-02-03 22:42:31.712,3177.05,32.57,431,3.648,7.60,0.00,180.8,90.3,0.0,80.49,55.14,7.60,26.5,419.1,0.362,855.2,22.0,6,2306.0,27506.0,20.0
2026-02-03 22:42:31.762,3178.05,32.72,433,3.603,7.51,0.00,179.6,90.2,0.0,80.48,55.15,7.51,26.5,414.0,0.357,855.1,22.0,6,2315.1,27515.1,20.0
2026-02-03 22:42:31.812,3179.05,32.86,435,3.507,7.31,0.00,175.8,90.1,0.0,80.47,55.15,7.31,26.5,402.9,0.348,855.0,22.0,6,2324.2,27524.2,20.0
2026-02-03 22:42:31.862,3180.05,33.00,437,3.467,7.22,0.00,174.6,90.1,0.0,80.46,55.16,7.22,26.5,398.4,0.344,854.8,22.0,6,2333.4,27533.4,20.0
2026-02-03 22:42:31.912,3181.05,33.13,439,3.429,7.14,0.00,173.5,90.0,0.0,80.45,55.16,7.14,26.5,394.0,0.340,854.7,22.0,6,2342.6,27542.6,20.0
2026-02-03 22:42:31.961,3182.05,33.25,441,3.341,6.96,0.00,169.9,89.9,0.0,80.45,55.17,6.96,26.5,383.9,0.331,854.6,22.0,6,2351.8,27551.8,20.0
2026-02-03 22:42:32.012,3183.05,33.37,442,3.307,6.89,0.00,168.9,89.9,0.0,80.44,55.17,6.89,26.5,380.1,0.328,854.5,22.0,6,2361.1,27561.1,20.0
2026-02-03 22:42:32.062,3184.05,33.48,444,3.224,6.72,0.00,165.4,89.8,0.0,80.43,55.18,6.72,26.5,370.6,0.320,854.4,22.0,6,2370.4,27570.4,20.0
2026-02-03 22:42:32.112,3185.05,33.58,445,3.194,6.65,0.00,164.4,89.8,0.0,80.42,55.18,6.65,26.5,367.2,0.317,854.3,22.0,6,2379.7,27579.7,20.0
2026-02-03 22:42:32.162,3186.05,33.69,446,3.166,6.60,0.00,163.5,89.7,0.0,80.41,55.18,6.60,26.5,363.9,0.314,854.2,22.0,6,2389.0,27589.0,20.0
2026-02-03 22:42:32.211,3187.05,33.78,448,3.089,6.44,0.00,160.2,89.7,0.0,80.40,55.19,6.44,26.5,355.1,0.306,854.1,22.0,6,2398.4,27598.4,20.0
2026-02-03 22:42:32.262,3188.05,33.87,449,3.064,6.38,0.00,159.4,89.6,0.0,80.39,55.19,6.38,26.5,352.3,0.304,854.0,22.0,6,2407.8,27607.8,20.0
2026-02-03 22:42:32.312,3189.05,33.96,450,3.040,6.33,0.00,158.6,89.6,0.0,80.38,55.19,6.33,26.5,349.5,0.302,853.9,22.0,6,2417.3,27617.3,20.0
2026-02-03 22:42:32.362,3190.05,34.04,451,3.016,6.28,0.00,157.8,89.6,0.0,80.38,55.19,6.28,26.5,346.8,0.299,853.8,22.0,6,2426.7,27626.7,20.0
2026-02-03 22:42:32.411,3191.05,34.12,452,2.946,6.14,0.00,154.6,89.5,0.0,80.37,55.19,6.14,26.5,338.7,0.292,853.7,22.0,6,2436.2,27636.2,20.0
2026-02-03 22:42:32.462,3192.05,34.20,453,2.925,6.09,0.00,154.0,89.5,0.0,80.36,55.20,6.09,26.5,336.4,0.290,853.6,22.0,6,2445.7,27645.7,20.0
2026-02-03 22:42:32.512,3193.05,34.27,454,2.906,6.05,0.00,153.3,89.5,0.0,80.35,55.20,6.05,26.5,334.1,0.288,853.5,22.0,6,2455.2,27655.2,20.0
2026-02-03 22:42:32.562,3194.05,34.34,455,2.887,6.01,0.00,152.6,89.4,0.0,80.34,55.20,6.01,26.5,331.9,0.286,853.5,22.0,6,2464.8,27664.8,20.0
2026-02-03 22:42:32.612,3195.05,34.40,456,2.822,5.88,0.00,148.0,90.4,0.0,80.34,55.20,5.88,26.5,324.5,0.280,853.4,22.0,6,2474.3,27674.3,20.0
2026-02-03 22:42:32.662,3196.05,34.46,457,2.806,5.84,0.00,147.4,90.4,0.0,80.33,55.20,5.84,26.5,322.7,0.278,853.3,22.0,6,2483.9,27683.9,20.0
2026-02-03 22:42:32.712,3197.05,34.52,457,2.790,5.81,0.00,146.9,90.3,0.0,80.32,55.20,5.81,26.5,320.8,0.277,853.2,22.0,6,2493.5,27693.5,20.0
2026-02-03 22:42:32.762,3198.05,34.58,458,2.774,5.78,0.00,146.4,90.3,0.0,80.31,55.20,5.78,26.5,319.1,0.275,853.1,22.0,6,2503.1,27703.1,20.0
2026-02-03 22:42:32.812,3199.05,34.64,459,2.759,5.75,0.00,145.8,90.3,0.0,80.31,55.20,5.75,26.5,317.4,0.274,853.0,22.0,6,2512.7,27712.7,20.0
2026-02-03 22:42:32.862,3200.05,34.69,460,2.745,5.72,0.00,145.3,90.3,0.0,80.30,55.20,5.72,26.5,315.7,0.272,852.9,22.0,6,2522.3,27722.3,20.0
2026-02-03 22:42:32.912,3201.05,34.74,460,2.686,5.60,0.00,142.5,90.2,0.0,80.29,55.21,5.60,26.5,309.0,0.266,852.8,22.0,6,2532.0,27732.0,20.0
2026-02-03 22:42:32.962,3202.05,34.78,461,2.674,5.57,0.00,142.1,90.2,0.0,80.28,55.21,5.57,26.5,307.6,0.265,852.7,22.0,6,2541.7,27741.7,20.0
2026-02-03 22:42:33.012,3203.05,34.83,461,2.662,5.55,0.00,141.7,90.2,0.0,80.28,55.21,5.55,26.5,306.2,0.264,852.7,22.0,6,2551.3,27751.3,20.0
2026-02-03 22:42:33.062,3204.05,34.87,462,2.651,5.52,0.00,141.3,90.2,0.0,80.27,55.21,5.52,26.5,304.9,0.263,852.6,22.0,6,2561.0,27761.0,20.0
2026-02-03 22:42:33.112,3205.05,34.91,463,2.640,5.50,0.00,140.9,90.2,0.0,80.26,55.21,5.50,26.5,303.6,0.262,852.5,22.0,6,2570.7,27770.7,20.0
2026-02-03 22:42:33.162,3206.05,34.96,463,2.629,5.48,0.00,140.5,90.2,0.0,80.25,55.21,5.48,26.5,302.4,0.261,852.4,22.0,6,2580.4,27780.4,20.0
2026-02-03 22:42:33.212,3207.05,34.99,464,2.619,5.46,0.00,140.1,90.2,0.0,80.25,55.21,5.46,26.5,301.2,0.260,852.3,22.0,6,2590.1,27790.1,20.0
2026-02-03 22:42:33.261,3208.05,35.03,464,2.609,5.43,0.00,139.8,90.2,0.0,80.24,55.21,5.43,26.5,300.0,0.259,852.2,22.0,6,2599.9,27799.9,20.0
2026-02-03 22:42:33.312,3209.05,35.07,465,2.556,5.32,0.00,137.2,90.1,0.0,80.23,55.21,5.32,26.5,294.0,0.254,852.2,22.0,6,2609.6,27809.6,20.0
2026-02-03 22:42:33.362,3210.05,35.10,465,2.547,5.31,0.00,136.9,90.1,0.0,80.23,55.21,5.31,26.5,293.0,0.253,852.1,22.0,6,2619.4,27819.4,20.0
2026-02-03 22:42:33.412,3211.05,35.13,465,2.540,5.29,0.00,136.6,90.1,0.0,80.22,55.21,5.29,26.5,292.1,0.252,852.0,22.0,6,2629.1,27829.1,20.0
2026-02-03 22:42:33.462,3212.05,35.16,466,2.532,5.27,0.00,136.3,90.1,0.0,80.21,55.21,5.27,26.5,291.2,0.251,851.9,22.0,6,2638.9,27838.9,20.0
2026-02-03 22:42:33.512,3213.05,35.19,466,2.524,5.26,0.00,136.0,90.1,0.0,80.20,55.21,5.26,26.5,290.4,0.250,851.8,22.0,6,2648.7,27848.7,20.0
2026-02-03 22:42:33.562,3214.05,35.21,467,2.517,5.24,0.00,135.7,90.1,0.0,80.20,55.21,5.24,26.5,289.5,0.250,851.8,22.0,6,2658.4,27858.4,20.0
2026-02-03 22:42:33.612,3215.05,35.24,467,2.510,5.23,0.00,135.5,90.0,0.0,80.19,55.21,5.23,26.5,288.7,0.249,851.7,22.0,6,2668.2,27868.2,20.0
2026-02-03 22:42:33.662,3216.05,35.27,467,2.503,5.22,0.00,135.2,90.0,0.0,80.18,55.21,5.22,26.5,287.9,0.248,851.6,22.0,6,2678.0,27878.0,20.0
2026-02-03 22:42:33.712,3217.05,35.29,468,2.497,5.20,0.00,135.0,90.0,0.0,80.18,55.21,5.20,26.5,287.2,0.248,851.5,22.0,6,2687.8,27887.8,20.0
2026-02-03 22:42:33.762,3218.05,35.32,468,2.490,5.19,0.00,134.7,90.0,0.0,80.17,55.21,5.19,26.5,286.4,0.247,851.4,22.0,6,2697.6,27897.6,20.0
2026-02-03 22:42:33.812,3219.05,35.34,468,2.484,5.18,0.00,134.5,90.0,0.0,80.16,55.21,5.18,26.5,285.7,0.246,851.4,22.0,6,2707.5,27907.5,20.0
2026-02-03 22:42:33.861,3220.05,35.36,468,2.436,5.08,0.00,132.1,90.0,0.0,80.16,55.21,5.08,26.5,280.2,0.242,851.3,22.0,6,2717.3,27917.3,20.0
2026-02-03 22:42:33.912,3221.05,35.38,469,2.432,5.07,0.00,131.9,90.0,0.0,80.15,55.21,5.07,26.5,279.7,0.241,851.2,22.0,6,2727.1,27927.1,20.0
2026-02-03 22:42:33.962,3222.05,35.32,468,1.674,3.49,0.00,91.6,89.2,0.0,80.15,55.29,3.49,26.5,192.8,0.166,851.1,22.0,6,2736.9,27936.9,20.0
2026-02-03 22:42:34.012,3223.05,35.26,467,1.684,3.51,0.00,92.1,89.2,0.0,80.14,55.29,3.51,26.5,194.0,0.167,851.1,22.0,6,2746.7,27946.7,20.0
2026-02-03 22:42:34.061,3224.05,35.20,466,1.695,3.53,0.00,92.4,89.2,0.0,80.14,55.29,3.53,26.5,195.2,0.168,851.0,22.0,6,2756.5,27956.5,20.0
2026-02-03 22:42:34.111,3225.05,35.14,466,1.705,3.55,0.00,92.8,89.2,0.0,80.13,55.28,3.55,26.5,196.3,0.169,851.0,22.0,6,2766.3,27966.3,20.0
2026-02-03 22:42:34.162,3226.05,35.08,465,1.715,3.57,0.00,93.2,89.2,0.0,80.13,55.28,3.57,26.5,197.5,0.170,850.9,22.0,6,2776.0,27976.0,20.0
2026-02-03 22:42:34.212,3227.05,35.03,464,1.724,3.59,0.00,93.6,89.2,0.0,80.12,55.28,3.59,26.5,198.6,0.171,850.9,22.0,6,2785.7,27985.7,20.0
2026-02-03 22:42:34.261,3228.05,34.97,463,1.734,3.61,0.00,93.9,89.2,0.0,80.12,55.28,3.61,26.5,199.7,0.172,850.8,22.0,6,2795.4,27995.4,20.0
2026-02-03 22:42:34.312,3229.05,34.92,463,1.743,3.63,0.00,94.3,89.2,0.0,80.11,55.28,3.63,26.5,200.7,0.173,850.8,22.0,6,2805.1,28005.1,20.0
2026-02-03 22:42:34.362,3230.05,34.87,462,1.752,3.65,0.00,94.6,89.2,0.0,80.11,55.28,3.65,26.5,201.7,0.174,850.7,22.0,6,2814.8,28014.8,20.0
2026-02-03 22:42:34.412,3231.05,34.82,461,1.761,3.67,0.00,94.9,89.3,0.0,80.10,55.27,3.67,26.5,202.8,0.175,850.7,22.0,6,2824.5,28024.5,20.0
2026-02-03 22:42:34.462,3232.05,34.77,461,1.769,3.69,0.00,95.2,89.3,0.0,80.10,55.27,3.69,26.5,203.7,0.176,850.6,22.0,6,2834.2,28034.2,20.0
2026-02-03 22:42:34.512,3233.05,34.72,460,1.778,3.70,0.00,95.5,89.3,0.0,80.09,55.27,3.70,26.5,204.7,0.176,850.5,22.0,6,2843.8,28043.8,20.0
2026-02-03 22:42:34.562,3234.05,34.67,459,1.786,3.72,0.00,95.8,89.3,0.0,80.09,55.27,3.72,26.5,205.7,0.177,850.5,22.0,6,2853.4,28053.4,20.0
2026-02-03 22:42:34.612,3235.05,34.62,459,1.794,3.74,0.00,96.1,89.3,0.0,80.08,55.27,3.74,26.5,206.6,0.178,850.4,22.0,6,2863.1,28063.1,20.0
2026-02-03 22:42:34.662,3236.05,34.58,458,1.802,3.75,0.00,96.4,89.3,0.0,80.08,55.27,3.75,26.5,207.5,0.179,850.4,22.0,6,2872.7,28072.7,20.0
2026-02-03 22:42:34.711,3237.05,34.53,458,1.810,3.77,0.00,96.7,89.3,0.0,80.07,55.26,3.77,26.5,208.4,0.180,850.3,22.0,6,2882.2,28082.2,20.0
2026-02-03 22:42:34.761,3238.05,34.49,457,1.818,3.79,0.00,97.0,89.3,0.0,80.07,55.26,3.79,26.5,209.3,0.180,850.3,22.0,6,2891.8,28091.8,20.0
2026-02-03 22:42:34.812,3239.05,34.45,456,1.825,3.80,0.00,97.2,89.3,0.0,80.06,55.26,3.80,26.5,210.1,0.181,850.2,22.0,6,2901.4,28101.4,20.0
2026-02-03 22:42:34.862,3240.05,34.40,456,1.832,3.82,0.00,97.5,89.3,0.0,80.06,55.26,3.82,26.5,210.9,0.182,850.1,22.0,6,2911.0,28111.0,20.0
2026-02-03 22:42:34.912,3241.05,34.36,455,1.839,3.83,0.00,97.8,89.3,0.0,80.05,55.26,3.83,26.5,211.8,0.182,850.1,22.0,6,2920.5,28120.5,20.0
2026-02-03 22:42:34.962,3242.05,34.32,455,1.846,3.85,0.00,98.0,89.3,0.0,80.05,55.26,3.85,26.5,212.5,0.183,850.0,22.0,6,2930.0,28130.0,20.0
2026-02-03 22:42:35.012,3243.05,34.28,454,1.853,3.86,0.00,98.2,89.4,0.0,80.04,55.25,3.86,26.5,213.3,0.184,850.0,22.0,6,2939.6,28139.6,20.0
2026-02-03 22:42:35.062,3244.05,34.24,454,1.860,3.87,0.00,98.5,89.4,0.0,80.04,55.25,3.87,26.5,214.1,0.185,849.9,22.0,6,2949.1,28149.1,20.0
2026-02-03 22:42:35.111,3245.05,34.21,453,1.866,3.89,0.00,98.7,89.4,0.0,80.03,55.25,3.89,26.5,214.8,0.185,849.8,22.0,6,2958.6,28158.6,20.0
2026-02-03 22:42:35.161,3246.05,34.17,453,1.873,3.90,0.00,98.9,89.4,0.0,80.03,55.25,3.90,26.5,215.6,0.186,849.8,22.0,6,2968.1,28168.1,20.0
2026-02-03 22:42:35.212,3247.05,34.13,452,1.879,3.91,0.00,99.1,89.4,0.0,80.02,55.25,3.91,26.5,216.3,0.186,849.7,22.0,6,2977.5,28177.5,20.0
2026-02-03 22:42:35.262,3248.05,34.10,452,1.885,3.93,0.00,99.3,89.4,0.0,80.02,55.25,3.93,26.5,217.0,0.187,849.7,22.0,6,2987.0,28187.0,20.0
2026-02-03 22:42:35.312,3249.05,34.06,451,1.891,3.94,0.00,99.6,89.4,0.0,80.01,55.24,3.94,26.5,217.7,0.188,849.6,22.0,6,2996.5,28196.5,20.0
2026-02-03 22:42:35.361,3250.05,34.03,451,1.897,3.95,0.00,99.8,89.4,0.0,80.01,55.24,3.95,26.5,218.3,0.188,849.5,22.0,6,3005.9,28205.9,20.0
2026-02-03 22:42:35.412,3251.05,34.08,451,2.664,5.55,0.00,138.7,90.2,0.0,80.00,55.16,5.55,26.5,306.1,0.264,849.5,22.0,6,3015.4,28215.4,20.0
2026-02-03 22:42:35.462,3252.05,34.12,452,2.653,5.53,0.00,138.3,90.2,0.0,79.99,55.16,5.53,26.5,304.8,0.263,849.4,22.0,6,3024.9,28224.9,20.0
2026-02-03 22:42:35.512,3253.05,34.17,453,2.642,5.50,0.00,138.0,90.2,0.0,79.98,55.16,5.50,26.5,303.6,0.262,849.3,22.0,6,3034.4,28234.4,20.0
2026-02-03 22:42:35.562,3254.05,34.21,453,2.631,5.48,0.00,137.6,90.2,0.0,79.98,55.16,5.48,26.5,302.4,0.261,849.2,22.0,6,3043.9,28243.9,20.0
2026-02-03 22:42:35.611,3255.05,34.26,454,2.621,5.46,0.00,137.2,90.2,0.0,79.97,55.16,5.46,26.5,301.2,0.260,849.1,22.0,6,3053.4,28253.4,20.0
2026-02-03 22:42:35.661,3256.05,34.30,454,2.611,5.44,0.00,136.9,90.2,0.0,79.96,55.16,5.44,26.5,300.0,0.259,849.0,22.0,6,3062.9,28262.9,20.0
2026-02-03 22:42:35.712,3257.05,34.34,455,2.601,5.42,0.00,136.6,90.1,0.0,79.96,55.16,5.42,26.5,298.9,0.258,848.9,22.0,6,3072.5,28272.5,20.0
2026-02-03 22:42:35.762,3258.05,34.37,455,2.545,5.30,0.00,133.9,90.1,0.0,79.95,55.17,5.30,26.5,292.5,0.252,848.9,22.0,6,3082.0,28282.0,20.0
2026-02-03 22:42:35.812,3259.05,34.40,456,2.537,5.29,0.00,133.6,90.1,0.0,79.94,55.17,5.29,26.5,291.6,0.252,848.8,22.0,6,3091.6,28291.6,20.0
2026-02-03 22:42:35.862,3260.05,34.44,456,2.529,5.27,0.00,133.3,90.1,0.0,79.93,55.17,5.27,26.5,290.7,0.251,848.7,22.0,6,3101.1,28301.1,20.0
2026-02-03 22:42:35.911,3261.05,34.47,457,2.522,5.25,0.00,133.1,90.1,0.0,79.93,55.17,5.25,26.5,289.8,0.250,848.6,22.0,6,3110.7,28310.7,20.0
2026-02-03 22:42:35.961,3262.05,34.50,457,2.515,5.24,0.00,132.8,90.1,0.0,79.92,55.16,5.24,26.5,289.0,0.249,848.5,22.0,6,3120.3,28320.3,20.0
2026-02-03 22:42:36.012,3263.05,34.53,457,2.508,5.22,0.00,132.6,90.0,0.0,79.91,55.16,5.22,26.5,288.2,0.249,848.5,22.0,6,3129.9,28329.9,20.0
2026-02-03 22:42:36.062,3264.05,34.55,458,2.501,5.21,0.00,132.4,90.0,0.0,79.91,55.16,5.21,26.5,287.4,0.248,848.4,22.0,6,3139.5,28339.5,20.0
2026-02-03 22:42:36.112,3265.05,34.58,458,2.494,5.20,0.00,132.1,90.0,0.0,79.90,55.16,5.20,26.5,286.6,0.247,848.3,22.0,6,3149.1,28349.1,20.0
2026-02-03 22:42:36.161,3266.05,34.61,459,2.488,5.18,0.00,131.9,90.0,0.0,79.89,55.16,5.18,26.5,285.9,0.247,848.2,22.0,6,3158.7,28358.7,20.0
2026-02-03 22:42:36.212,3267.05,34.64,459,2.481,5.17,0.00,131.7,90.0,0.0,79.89,55.16,5.17,26.5,285.2,0.246,848.1,22.0,6,3168.3,28368.3,20.0
2026-02-03 22:42:36.262,3268.05,34.66,459,2.475,5.16,0.00,131.5,90.0,0.0,79.88,55.16,5.16,26.5,284.5,0.246,848.1,22.0,6,3177.9,28377.9,20.0
2026-02-03 22:42:36.312,3269.05,34.69,460,2.469,5.14,0.00,131.2,90.0,0.0,79.87,55.16,5.14,26.5,283.8,0.245,848.0,22.0,6,3187.6,28387.6,20.0
2026-02-03 22:42:36.361,3270.05,34.70,460,2.419,5.04,0.00,128.7,90.0,0.0,79.87,55.17,5.04,26.5,278.0,0.240,847.9,22.0,6,3197.2,28397.2,20.0
2026-02-03 22:42:36.412,3271.05,34.72,460,2.414,5.03,0.00,128.6,89.9,0.0,79.86,55.16,5.03,26.5,277.5,0.240,847.8,22.0,6,3206.9,28406.9,20.0
2026-02-03 22:42:36.462,3272.05,34.74,460,2.410,5.02,0.00,128.4,89.9,0.0,79.85,55.16,5.02,26.5,277.0,0.239,847.8,22.0,6,3216.5,28416.5,20.0
2026-02-03 22:42:36.512,3273.05,34.69,460,1.782,3.71,0.00,95.7,89.3,0.0,79.85,55.23,3.71,26.5,205.0,0.177,847.7,22.0,6,3226.1,28426.1,20.0
2026-02-03 22:42:36.562,3274.05,34.46,456,0.000,0.00,0.00,0.0,84.4,0.0,79.85,55.41,0.00,26.5,0.0,0.000,847.7,22.0,6,3235.7,28435.7,20.0
2026-02-03 22:42:36.611,3275.05,34.22,453,0.000,0.00,0.00,0.0,84.4,0.0,79.85,55.41,0.00,26.5,0.0,0.000,847.7,22.0,6,3245.2,28445.2,20.0
2026-02-03 22:42:36.662,3276.05,33.99,450,0.000,0.00,0.00,0.0,84.4,0.0,79.85,55.41,0.00,26.5,0.0,0.000,847.7,22.0,6,3254.7,28454.7,20.0
2026-02-03 22:42:36.712,3277.05,33.75,447,0.000,0.00,0.00,0.0,84.4,0.0,79.85,55.41,0.00,26.5,0.0,0.000,847.7,22.0,6,3264.0,28464.0,20.0
2026-02-03 22:42:36.762,3278.05,33.52,444,0.000,0.00,0.00,0.0,84.4,0.0,79.85,55.41,0.00,26.5,0.0,0.000,847.7,22.0,6,3273.3,28473.3,20.0
2026-02-03 22:42:36.811,3279.05,33.28,441,0.000,0.00,0.00,0.0,84.4,0.0,79.85,55.41,0.00,26.5,0.0,0.000,847.7,22.0,6,3282.6,28482.6,20.0
2026-02-03 22:42:36.862,3280.05,33.05,438,0.000,0.00,0.00,0.0,84.4,0.0,79.85,55.41,0.00,26.5,0.0,0.000,847.7,22.0,6,3291.8,28491.8,20.0
2026-02-03 22:42:36.912,3281.05,32.82,435,0.000,0.00,0.00,0.0,84.4,0.0,79.85,55.41,0.00,26.5,0.0,0.000,847.7,22.0,6,3300.9,28500.9,20.0
2026-02-03 22:42:36.962,3282.05,32.59,432,0.000,0.00,0.00,0.0,84.4,0.0,79.85,55.41,0.00,26.5,0.0,0.000,847.7,22.0,6,3309.9,28509.9,20.0
2026-02-03 22:42:37.012,3283.05,32.36,429,0.000,0.00,0.00,0.0,84.4,0.0,79.85,55.41,0.00,26.5,0.0,0.000,847.7,22.0,6,3318.9,28518.9,20.0
2026-02-03 22:42:37.062,3284.05,32.13,426,0.000,0.00,0.00,0.0,84.4,0.0,79.85,55.41,0.00,26.5,0.0,0.000,847.7,22.0,6,3327.9,28527.9,20.0
2026-02-03 22:42:37.111,3285.05,31.90,423,0.000,0.00,0.00,0.0,84.4,0.0,79.85,55.41,0.00,26.5,0.0,0.000,847.7,22.0,6,3336.7,28536.7,20.0
2026-02-03 22:42:37.162,3286.05,31.68,420,0.000,0.00,0.00,0.0,84.4,0.0,79.85,55.41,0.00,26.5,0.0,0.000,847.7,22.0,6,3345.5,28545.5,20.0
2026-02-03 22:42:37.212,3287.05,31.45,417,0.000,0.00,0.00,0.0,84.4,0.0,79.85,55.41,0.00,26.5,0.0,0.000,847.7,22.0,6,3354.3,28554.3,20.0
2026-02-03 22:42:37.262,3288.05,31.22,414,0.000,0.00,0.00,0.0,84.4,0.0,79.85,55.41,0.00,26.5,0.0,0.000,847.7,22.0,6,3362.9,28562.9,20.0
2026-02-03 22:42:37.311,3289.05,31.25,414,2.379,4.96,0.00,114.0,89.9,0.0,79.84,55.17,4.96,26.5,273.4,0.236,847.6,22.0,6,3371.6,28571.6,20.0
2026-02-03 22:42:37.362,3290.05,31.28,414,2.375,4.95,0.00,113.9,89.9,0.0,79.83,55.16,4.95,26.5,272.9,0.236,847.5,22.0,6,3380.3,28580.3,20.0
2026-02-03 22:42:37.412,3291.05,31.30,415,2.370,4.94,0.00,113.8,89.9,0.0,79.83,55.16,4.94,26.5,272.4,0.235,847.5,22.0,6,3389.0,28589.0,20.0
2026-02-03 22:42:37.462,3292.05,31.08,412,0.000,0.00,0.00,0.0,84.4,0.0,79.83,55.41,0.00,26.5,0.0,0.000,847.5,22.0,6,3397.6,28597.6,20.0
2026-02-03 22:42:37.511,3293.05,30.85,409,0.000,0.00,0.00,0.0,84.4,0.0,79.83,55.41,0.00,26.5,0.0,0.000,847.5,22.0,6,3406.2,28606.2,20.0
2026-02-03 22:42:37.562,3294.05,30.63,406,0.000,0.00,0.00,0.0,84.4,0.0,79.83,55.41,0.00,26.5,0.0,0.000,847.5,22.0,6,3414.7,28614.7,20.0
2026-02-03 22:42:37.612,3295.05,30.40,403,0.000,0.00,0.00,0.0,84.4,0.0,79.83,55.41,0.00,26.5,0.0,0.000,847.5,22.0,6,3423.1,28623.1,20.0
2026-02-03 22:42:37.662,3296.05,30.18,400,0.000,0.00,0.00,0.0,84.4,0.0,79.83,55.41,0.00,26.5,0.0,0.000,847.5,22.0,6,3431.5,28631.5,20.0
2026-02-03 22:42:37.711,3297.05,29.96,397,0.000,0.00,0.00,0.0,84.4,0.0,79.83,55.41,0.00,26.5,0.0,0.000,847.5,22.0,6,3439.9,28639.9,20.0
2026-02-03 22:42:37.762,3298.05,29.74,394,0.000,0.00,0.00,0.0,84.4,0.0,79.83,55.41,0.00,26.5,0.0,0.000,847.5,22.0,6,3448.1,28648.1,20.0
2026-02-03 22:42:37.812,3299.05,29.52,391,0.000,0.00,0.00,0.0,84.4,0.0,79.83,55.41,0.00,26.5,0.0,0.000,847.5,22.0,6,3456.3,28656.3,20.0
2026-02-03 22:42:37.862,3300.05,29.30,388,0.000,0.00,0.00,0.0,84.4,0.0,79.83,55.41,0.00,26.5,0.0,0.000,847.5,22.0,6,3464.4,28664.4,20.0
2026-02-03 22:42:37.912,3301.05,29.08,385,0.000,0.00,0.00,0.0,84.4,0.0,79.83,55.41,0.00,26.5,0.0,0.000,847.5,22.0,6,3472.5,28672.5,20.0
2026-02-03 22:42:37.961,3302.05,28.86,382,0.000,0.00,0.00,0.0,84.4,0.0,79.83,55.41,0.00,26.5,0.0,0.000,847.5,22.0,6,3480.5,28680.5,20.0
2026-02-03 22:42:38.012,3303.05,28.64,379,0.000,0.00,0.00,0.0,84.4,0.0,79.83,55.41,0.00,26.5,0.0,0.000,847.5,22.0,6,3488.5,28688.5,20.0
2026-02-03 22:42:38.062,3304.05,28.42,376,0.000,0.00,0.00,0.0,84.4,0.0,79.83,55.41,0.00,26.5,0.0,0.000,847.5,22.0,6,3496.4,28696.4,20.0
2026-02-03 22:42:38.112,3305.05,28.20,374,0.000,0.00,0.00,0.0,84.4,0.0,79.83,55.41,0.00,26.5,0.0,0.000,847.5,22.0,6,3504.2,28704.2,20.0
2026-02-03 22:42:38.161,3306.05,27.99,371,0.000,0.00,0.00,0.0,84.4,0.0,79.83,55.41,0.00,26.5,0.0,0.000,847.5,22.0,6,3512.0,28712.0,20.0
2026-02-03 22:42:38.211,3307.05,27.77,368,0.000,0.00,0.00,0.0,84.4,0.0,79.83,55.41,0.00,26.5,0.0,0.000,847.5,22.0,6,3519.7,28719.7,20.0
2026-02-03 22:42:38.262,3308.05,27.56,365,0.000,0.00,0.00,0.0,84.4,0.0,79.83,55.41,0.00,26.5,0.0,0.000,847.5,22.0,6,3527.4,28727.4,20.0
2026-02-03 22:42:38.312,3309.05,27.34,362,0.000,0.00,0.00,0.0,84.4,0.0,79.83,55.41,0.00,26.4,0.0,0.000,847.5,22.0,6,3535.0,28735.0,20.0
2026-02-03 22:42:38.362,3310.05,27.13,359,0.000,0.00,0.00,0.0,84.4,0.0,79.83,55.41,0.00,26.4,0.0,0.000,847.5,22.0,6,3542.5,28742.5,20.0
2026-02-03 22:42:38.411,3311.05,26.92,356,0.000,0.00,0.00,0.0,84.4,0.0,79.83,55.41,0.00,26.4,0.0,0.000,847.5,22.0,6,3550.0,28750.0,20.0
2026-02-03 22:42:38.461,3312.05,26.70,354,0.000,0.00,0.00,0.0,84.4,0.0,79.83,55.41,0.00,26.4,0.0,0.000,847.5,22.0,6,3557.4,28757.4,20.0
2026-02-03 22:42:38.512,3313.05,26.49,351,0.000,0.00,0.00,0.0,84.4,0.0,79.83,55.41,0.00,26.4,0.0,0.000,847.5,22.0,6,3564.8,28764.8,20.0
2026-02-03 22:42:38.562,3314.05,26.28,348,0.000,0.00,0.00,0.0,84.4,0.0,79.83,55.41,0.00,26.4,0.0,0.000,847.5,22.0,6,3572.1,28772.1,20.0
2026-02-03 22:42:38.612,3315.05,26.07,345,0.000,0.00,0.00,0.0,84.4,0.0,79.83,55.41,0.00,26.4,0.0,0.000,847.5,22.0,6,3579.3,28779.3,20.0
2026-02-03 22:42:38.661,3316.05,25.86,342,0.000,0.00,0.00,0.0,84.4,0.0,79.83,55.41,0.00,26.4,0.0,0.000,847.5,22.0,6,3586.5,28786.5,20.0
2026-02-03 22:42:38.712,3317.05,25.65,340,0.000,0.00,0.00,0.0,84.4,0.0,79.83,55.41,0.00,26.4,0.0,0.000,847.5,22.0,6,3593.6,28793.6,20.0
2026-02-03 22:42:38.762,3318.05,25.44,337,0.000,0.00,0.00,0.0,84.4,0.0,79.83,55.41,0.00,26.4,0.0,0.000,847.5,22.0,6,3600.7,28800.7,20.0
2026-02-03 22:42:38.812,3319.05,25.85,342,5.883,12.26,0.00,220.6,93.7,0.0,79.81,54.80,12.26,26.4,671.6,0.584,847.3,22.0,6,3607.8,28807.8,20.0
2026-02-03 22:42:38.862,3320.05,26.25,348,5.760,12.00,0.00,222.4,92.5,0.0,79.80,54.81,12.00,26.4,657.7,0.571,847.1,22.0,6,3615.1,28815.1,20.0
2026-02-03 22:42:38.912,3321.05,26.64,353,5.641,11.75,0.00,221.4,92.3,0.0,79.78,54.82,11.75,26.5,644.2,0.560,846.9,22.0,6,3622.5,28822.5,20.0
2026-02-03 22:42:38.962,3322.05,27.01,358,5.526,11.51,0.00,220.4,92.2,0.0,79.77,54.82,11.51,26.5,631.2,0.548,846.7,22.0,6,3630.0,28830.0,20.0
2026-02-03 22:42:39.012,3323.05,27.37,363,5.416,11.28,0.00,219.3,92.1,0.0,79.75,54.83,11.28,26.5,618.7,0.537,846.6,22.0,6,3637.6,28837.6,20.0
2026-02-03 22:42:39.062,3324.05,27.72,367,5.308,11.06,0.00,218.1,92.0,0.0,79.74,54.84,11.06,26.5,606.5,0.527,846.4,22.0,6,3645.3,28845.3,20.0
2026-02-03 22:42:39.112,3325.05,28.05,372,5.205,10.84,0.00,216.8,91.9,0.0,79.72,54.85,10.84,26.5,594.8,0.516,846.2,22.0,6,3653.1,28853.1,20.0
2026-02-03 22:42:39.162,3326.05,28.38,376,5.105,10.64,0.00,215.5,91.8,0.0,79.71,54.86,10.64,26.5,583.5,0.506,846.1,22.0,6,3661.0,28861.0,20.0
2026-02-03 22:42:39.211,3327.05,28.69,380,5.009,10.43,0.00,214.1,91.7,0.0,79.69,54.87,10.43,26.5,572.5,0.497,845.9,22.0,6,3669.0,28869.0,20.0
2026-02-03 22:42:39.261,3328.05,29.00,384,4.916,10.24,0.00,212.7,91.6,0.0,79.68,54.87,10.24,26.5,562.0,0.488,845.8,22.0,6,3677.0,28877.0,20.0
2026-02-03 22:42:39.312,3329.05,29.29,388,4.826,10.05,0.00,211.2,91.5,0.0,79.67,54.88,10.05,26.5,551.8,0.479,845.6,22.0,6,3685.2,28885.2,20.0
2026-02-03 22:42:39.362,3330.05,29.57,392,4.739,9.87,0.00,209.7,91.4,0.0,79.65,54.89,9.87,26.5,541.9,0.470,845.5,22.0,6,3693.4,28893.4,20.0
2026-02-03 22:42:39.412,3331.05,29.84,395,4.655,9.70,0.00,208.1,91.3,0.0,79.64,54.89,9.70,26.5,532.4,0.462,845.3,22.0,6,3701.7,28901.7,20.0
2026-02-03 22:42:39.461,3332.05,30.10,399,4.509,9.39,0.00,203.8,91.2,0.0,79.63,54.91,9.39,26.5,515.8,0.447,845.2,22.0,6,3710.0,28910.0,20.0
2026-02-03 22:42:39.511,3333.05,30.34,402,4.369,9.10,0.00,199.5,91.0,0.0,79.62,54.92,9.10,26.5,499.9,0.433,845.0,22.0,6,3718.5,28918.5,20.0
2026-02-03 22:42:39.562,3334.05,30.57,405,4.237,8.83,0.00,195.3,90.9,0.0,79.60,54.93,8.83,26.5,484.9,0.420,844.9,22.0,6,3727.0,28927.0,20.0
2026-02-03 22:42:39.612,3335.05,30.78,408,4.172,8.69,0.00,193.9,90.8,0.0,79.59,54.94,8.69,26.5,477.5,0.414,844.8,22.0,6,3735.5,28935.5,20.0
2026-02-03 22:42:39.662,3336.05,30.99,411,4.049,8.44,0.00,189.8,90.7,0.0,79.58,54.95,8.44,26.5,463.5,0.402,844.6,22.0,6,3744.1,28944.1,20.0
2026-02-03 22:42:39.711,3337.05,31.19,413,3.992,8.32,0.00,188.5,90.6,0.0,79.57,54.95,8.32,26.5,457.0,0.396,844.5,22.0,6,3752.8,28952.8,20.0
2026-02-03 22:42:39.762,3338.05,31.37,416,3.877,8.08,0.00,184.4,90.5,0.0,79.56,54.96,8.08,26.5,443.9,0.385,844.4,22.0,6,3761.5,28961.5,20.0
2026-02-03 22:42:39.812,3339.05,31.54,418,3.767,7.85,0.00,180.5,90.4,0.0,79.55,54.97,7.85,26.5,431.4,0.374,844.3,22.0,6,3770.3,28970.3,20.0
2026-02-03 22:42:39.862,3340.05,31.56,418,2.325,4.84,0.00,112.6,89.9,0.0,79.54,55.12,4.84,26.5,267.0,0.231,844.2,22.0,6,3779.0,28979.0,20.0
2026-02-03 22:42:39.911,3341.05,31.58,418,2.321,4.84,0.00,112.6,89.9,0.0,79.54,55.12,4.84,26.5,266.6,0.230,844.1,22.0,6,3787.8,28987.8,20.0
2026-02-03 22:42:39.961,3342.05,31.60,419,2.318,4.83,0.00,112.5,89.8,0.0,79.53,55.12,4.83,26.5,266.2,0.230,844.0,22.0,6,3796.6,28996.6,20.0
2026-02-03 22:42:40.012,3343.05,31.38,416,0.000,0.00,0.00,0.0,84.4,0.0,79.53,55.36,0.00,26.5,0.0,0.000,844.0,22.0,6,3805.3,29005.3,20.0
2026-02-03 22:42:40.062,3344.05,31.15,413,0.000,0.00,0.00,0.0,84.4,0.0,79.53,55.36,0.00,26.5,0.0,0.000,844.0,22.0,6,3813.9,29013.9,20.0
2026-02-03 22:42:40.112,3345.05,30.93,410,0.000,0.00,0.00,0.0,84.4,0.0,79.53,55.36,0.00,26.5,0.0,0.000,844.0,22.0,6,3822.5,29022.5,20.0
2026-02-03 22:42:40.161,3346.05,30.70,407,0.000,0.00,0.00,0.0,84.4,0.0,79.53,55.36,0.00,26.5,0.0,0.000,844.0,22.0,6,3831.1,29031.1,20.0
2026-02-03 22:42:40.212,3347.05,30.48,404,0.000,0.00,0.00,0.0,84.4,0.0,79.53,55.36,0.00,26.5,0.0,0.000,844.0,22.0,6,3839.5,29039.5,20.0
2026-02-03 22:42:40.262,3348.05,30.25,401,0.000,0.00,0.00,0.0,84.4,0.0,79.53,55.36,0.00,26.5,0.0,0.000,844.0,22.0,6,3847.9,29047.9,20.0
2026-02-03 22:42:40.312,3349.05,30.03,398,0.000,0.00,0.00,0.0,84.4,0.0,79.53,55.36,0.00,26.5,0.0,0.000,844.0,22.0,6,3856.3,29056.3,20.0
2026-02-03 22:42:40.361,3350.05,29.81,395,0.000,0.00,0.00,0.0,84.4,0.0,79.53,55.36,0.00,26.5,0.0,0.000,844.0,22.0,6,3864.6,29064.6,20.0
2026-02-03 22:42:40.411,3351.05,29.59,392,0.000,0.00,0.00,0.0,84.4,0.0,79.53,55.36,0.00,26.5,0.0,0.000,844.0,22.0,6,3872.8,29072.8,20.0
2026-02-03 22:42:40.462,3352.05,29.37,389,0.000,0.00,0.00,0.0,84.4,0.0,79.53,55.36,0.00,26.5,0.0,0.000,844.0,22.0,6,3880.9,29080.9,20.0
2026-02-03 22:42:40.512,3353.05,29.15,386,0.000,0.00,0.00,0.0,84.4,0.0,79.53,55.36,0.00,26.5,0.0,0.000,844.0,22.0,6,3889.0,29089.0,20.0
2026-02-03 22:42:40.562,3354.05,28.93,383,0.000,0.00,0.00,0.0,84.4,0.0,79.53,55.36,0.00,26.5,0.0,0.000,844.0,22.0,6,3897.1,29097.1,20.0
2026-02-03 22:42:40.612,3355.05,28.71,380,0.000,0.00,0.00,0.0,84.4,0.0,79.53,55.36,0.00,26.5,0.0,0.000,844.0,22.0,6,3905.0,29105.0,20.0
2026-02-03 22:42:40.662,3356.05,28.49,377,0.000,0.00,0.00,0.0,84.4,0.0,79.53,55.36,0.00,26.5,0.0,0.000,844.0,22.0,6,3913.0,29113.0,20.0
2026-02-03 22:42:40.712,3357.05,28.28,375,0.000,0.00,0.00,0.0,84.4,0.0,79.53,55.36,0.00,26.5,0.0,0.000,844.0,22.0,6,3920.8,29120.8,20.0
2026-02-03 22:42:40.762,3358.05,28.06,372,0.000,0.00,0.00,0.0,84.4,0.0,79.53,55.36,0.00,26.5,0.0,0.000,844.0,22.0,6,3928.6,29128.6,20.0
2026-02-03 22:42:40.811,3359.05,27.84,369,0.000,0.00,0.00,0.0,84.4,0.0,79.53,55.36,0.00,26.5,0.0,0.000,844.0,22.0,6,3936.3,29136.3,20.0
2026-02-03 22:42:40.862,3360.05,27.93,370,2.805,5.84,0.00,119.3,90.4,0.0,79.52,55.07,5.84,26.5,321.9,0.278,844.0,22.0,6,3944.1,29144.1,20.0
2026-02-03 22:42:40.912,3361.05,28.01,371,2.792,5.82,0.00,119.1,90.3,0.0,79.52,55.07,5.82,26.5,320.3,0.277,843.9,22.0,6,3951.9,29151.9,20.0
2026-02-03 22:42:40.962,3362.05,27.79,368,0.000,0.00,0.00,0.0,84.4,0.0,79.52,55.36,0.00,26.5,0.0,0.000,843.9,22.0,6,3959.6,29159.6,20.0
2026-02-03 22:42:41.012,3363.05,27.87,369,2.814,5.86,0.00,119.4,90.4,0.0,79.51,55.06,5.86,26.5,322.8,0.279,843.8,22.0,6,3967.3,29167.3,20.0
2026-02-03 22:42:41.062,3364.05,27.95,370,2.801,5.84,0.00,119.3,90.4,0.0,79.50,55.06,5.84,26.5,321.3,0.278,843.7,22.0,6,3975.1,29175.1,20.0
2026-02-03 22:42:41.112,3365.05,28.03,371,2.788,5.81,0.00,119.1,90.3,0.0,79.49,55.06,5.81,26.5,319.8,0.277,843.6,22.0,6,3982.9,29182.9,20.0
2026-02-03 22:42:41.162,3366.05,27.82,368,0.000,0.00,0.00,0.0,84.4,0.0,79.49,55.35,0.00,26.5,0.0,0.000,843.6,22.0,6,3990.6,29190.6,20.0
2026-02-03 22:42:41.212,3367.05,27.90,370,2.810,5.85,0.00,119.4,90.4,0.0,79.48,55.06,5.85,26.5,322.3,0.279,843.5,22.0,6,3998.4,29198.4,20.0
2026-02-03 22:42:41.261,3368.05,27.98,371,2.796,5.83,0.00,119.2,90.4,0.0,79.48,55.06,5.83,26.5,320.8,0.277,843.4,22.0,6,4006.1,29206.1,20.0
2026-02-03 22:42:41.312,3369.05,28.06,372,2.783,5.80,0.00,119.0,90.3,0.0,79.47,55.06,5.80,26.5,319.3,0.276,843.3,22.0,6,4013.9,29213.9,20.0
2026-02-03 22:42:41.362,3370.05,27.84,369,0.000,0.00,0.00,0.0,84.4,0.0,79.47,55.35,0.00,26.5,0.0,0.000,843.3,22.0,6,4021.7,29221.7,20.0
2026-02-03 22:42:41.412,3371.05,27.92,370,2.806,5.84,0.00,119.3,90.4,0.0,79.46,55.06,5.84,26.5,321.8,0.278,843.2,22.0,6,4029.4,29229.4,20.0
2026-02-03 22:42:41.462,3372.05,28.00,371,2.792,5.82,0.00,119.1,90.3,0.0,79.45,55.06,5.82,26.5,320.3,0.277,843.2,22.0,6,4037.2,29237.2,20.0
2026-02-03 22:42:41.511,3373.05,27.79,368,0.000,0.00,0.00,0.0,84.4,0.0,79.45,55.35,0.00,26.5,0.0,0.000,843.2,22.0,6,4044.9,29244.9,20.0
2026-02-03 22:42:41.561,3374.05,27.87,369,2.814,5.86,0.00,119.5,90.4,0.0,79.45,55.05,5.86,26.5,322.8,0.279,843.1,22.0,6,4052.7,29252.7,20.0
2026-02-03 22:42:41.612,3375.05,28.20,374,5.160,10.75,0.00,216.2,91.8,0.0,79.43,54.81,10.75,26.5,589.1,0.512,842.9,22.0,6,4060.5,29260.5,20.0
2026-02-03 22:42:41.662,3376.05,28.52,378,5.061,10.54,0.00,214.9,91.7,0.0,79.42,54.81,10.54,26.5,578.0,0.502,842.7,22.0,6,4068.4,29268.4,20.0
2026-02-03 22:42:41.712,3377.05,28.83,382,4.966,10.35,0.00,213.4,91.6,0.0,79.40,54.82,10.35,26.5,567.2,0.493,842.6,22.0,6,4076.4,29276.4,20.0
2026-02-03 22:42:41.762,3378.05,29.13,386,4.875,10.16,0.00,212.0,91.5,0.0,79.39,54.83,10.16,26.5,556.8,0.484,842.4,22.0,6,4084.5,29284.5,20.0
2026-02-03 22:42:41.811,3379.05,29.42,390,4.786,9.97,0.00,210.5,91.4,0.0,79.38,54.84,9.97,26.5,546.8,0.475,842.3,22.0,6,4092.7,29292.7,20.0
2026-02-03 22:42:41.862,3380.05,29.69,393,4.701,9.79,0.00,209.0,91.4,0.0,79.36,54.84,9.79,26.5,537.1,0.466,842.1,22.0,6,4100.9,29300.9,20.0
2026-02-03 22:42:41.912,3381.05,29.96,397,4.618,9.62,0.00,207.5,91.3,0.0,79.35,54.85,9.62,26.5,527.7,0.458,842.0,22.0,6,4109.3,29309.3,20.0
2026-02-03 22:42:41.962,3382.05,30.22,400,4.538,9.46,0.00,205.9,91.2,0.0,79.34,54.86,9.46,26.5,518.7,0.450,841.8,22.0,6,4117.7,29317.7,20.0
2026-02-03 22:42:42.011,3383.05,30.47,404,4.462,9.29,0.00,204.3,91.1,0.0,79.33,54.86,9.29,26.5,509.9,0.443,841.7,22.0,6,4126.1,29326.1,20.0
2026-02-03 22:42:42.062,3384.05,30.71,407,4.387,9.14,0.00,202.8,91.0,0.0,79.31,54.87,9.14,26.5,501.5,0.435,841.6,22.0,6,4134.7,29334.7,20.0
2026-02-03 22:42:42.112,3385.05,30.95,410,4.315,8.99,0.00,201.2,91.0,0.0,79.30,54.87,8.99,26.5,493.3,0.428,841.4,22.0,6,4143.3,29343.3,20.0
2026-02-03 22:42:42.162,3386.05,31.17,413,4.246,8.85,0.00,199.6,90.9,0.0,79.29,54.88,8.85,26.5,485.5,0.421,841.3,22.0,6,4151.9,29351.9,20.0
2026-02-03 22:42:42.212,3387.05,31.39,416,4.179,8.71,0.00,198.1,90.8,0.0,79.28,54.88,8.71,26.5,477.9,0.415,841.1,22.0,6,4160.6,29360.6,20.0
2026-02-03 22:42:42.261,3388.05,31.60,419,4.115,8.57,0.00,196.5,90.7,0.0,79.27,54.89,8.57,26.5,470.5,0.408,841.0,22.0,6,4169.4,29369.4,20.0
2026-02-03 22:42:42.311,3389.05,31.80,421,4.052,8.44,0.00,195.0,90.7,0.0,79.26,54.89,8.44,26.5,463.4,0.402,840.9,22.0,6,4178.2,29378.2,20.0
2026-02-03 22:42:42.362,3390.05,31.99,424,3.935,8.20,0.00,190.8,90.6,0.0,79.25,54.90,8.20,26.5,450.1,0.390,840.8,22.0,6,4187.1,29387.1,20.0
2026-02-03 22:42:42.412,3391.05,32.17,426,3.880,8.08,0.00,189.3,90.5,0.0,79.24,54.91,8.08,26.5,443.8,0.385,840.6,22.0,6,4196.1,29396.1,20.0
2026-02-03 22:42:42.462,3392.05,32.34,428,3.771,7.86,0.00,185.3,90.4,0.0,79.23,54.92,7.86,26.5,431.4,0.374,840.5,22.0,7,5.1,29405.1,20.0
2026-02-03 22:42:42.511,3393.05,32.50,431,3.667,7.64,0.00,181.4,90.3,0.0,79.22,54.93,7.64,26.5,419.6,0.364,840.4,22.0,7,14.1,29414.1,20.0
2026-02-03 22:42:42.561,3394.05,32.66,433,3.621,7.54,0.00,180.1,90.2,0.0,79.21,54.93,7.54,26.5,414.4,0.359,840.3,22.0,7,23.2,29423.2,20.0
2026-02-03 22:42:42.612,3395.05,32.81,435,3.578,7.45,0.00,178.9,90.2,0.0,79.20,54.93,7.45,26.5,409.4,0.355,840.2,22.0,7,32.3,29432.3,20.0
2026-02-03 22:42:42.662,3396.05,32.94,436,3.482,7.26,0.00,175.1,90.1,0.0,79.19,54.94,7.26,26.5,398.6,0.345,840.1,22.0,7,41.4,29441.4,20.0
2026-02-03 22:42:42.712,3397.05,33.08,438,3.444,7.17,0.00,173.9,90.0,0.0,79.18,54.94,7.17,26.5,394.2,0.342,840.0,22.0,7,50.6,29450.6,20.0
2026-02-03 22:42:42.761,3398.05,33.20,440,3.355,6.99,0.00,170.3,89.9,0.0,79.17,54.95,6.99,26.5,384.0,0.333,839.8,22.0,7,59.8,29459.8,20.0
2026-02-03 22:42:42.811,3399.05,33.32,441,3.321,6.92,0.00,169.3,89.9,0.0,79.16,54.95,6.92,26.5,380.1,0.329,839.7,22.0,7,69.1,29469.1,20.0
2026-02-03 22:42:42.862,3400.05,33.44,443,3.287,6.85,0.00,168.3,89.9,0.0,79.15,54.95,6.85,26.5,376.4,0.326,839.6,22.0,7,78.4,29478.4,20.0
2026-02-03 22:42:42.912,3401.05,33.55,444,3.205,6.68,0.00,164.8,89.8,0.0,79.14,54.96,6.68,26.5,367.0,0.318,839.5,22.0,7,87.7,29487.7,20.0
2026-02-03 22:42:42.962,3402.05,33.65,446,3.176,6.62,0.00,163.9,89.8,0.0,79.13,54.96,6.62,26.5,363.7,0.315,839.4,22.0,7,97.0,29497.0,20.0
2026-02-03 22:42:43.011,3403.05,33.75,447,3.148,6.56,0.00,163.0,89.7,0.0,79.12,54.96,6.56,26.5,360.5,0.312,839.3,22.0,7,106.4,29506.4,20.0
2026-02-03 22:42:43.062,3404.05,33.84,448,3.072,6.40,0.00,159.7,89.6,0.0,79.11,54.97,6.40,26.5,351.9,0.305,839.2,22.0,7,115.8,29515.8,20.0
2026-02-03 22:42:43.112,3405.05,33.93,449,3.048,6.35,0.00,158.9,89.6,0.0,79.11,54.97,6.35,26.5,349.0,0.302,839.1,22.0,7,125.2,29525.2,20.0
2026-02-03 22:42:43.161,3406.05,34.02,451,3.024,6.30,0.00,158.1,89.6,0.0,79.10,54.97,6.30,26.5,346.3,0.300,839.0,22.0,7,134.7,29534.7,20.0
2026-02-03 22:42:43.212,3407.05,34.09,452,2.953,6.15,0.00,154.9,89.5,0.0,79.09,54.98,6.15,26.5,338.3,0.293,839.0,22.0,7,144.2,29544.2,20.0
2026-02-03 22:42:43.262,3408.05,34.17,453,2.933,6.11,0.00,154.2,89.5,0.0,79.08,54.98,6.11,26.5,335.9,0.291,838.9,22.0,7,153.6,29553.6,20.0
2026-02-03 22:42:43.312,3409.05,34.24,454,2.913,6.07,0.00,153.5,89.5,0.0,79.07,54.98,6.07,26.5,333.7,0.289,838.8,22.0,7,163.2,29563.2,20.0
2026-02-03 22:42:43.361,3410.05,34.31,455,2.894,6.03,0.00,152.9,89.5,0.0,79.07,54.98,6.03,26.5,331.4,0.287,838.7,22.0,7,172.7,29572.7,20.0
2026-02-03 22:42:43.411,3411.05,34.38,456,2.875,5.99,0.00,150.6,90.4,0.0,79.06,54.98,5.99,26.5,329.3,0.285,838.6,22.0,7,182.2,29582.2,20.0
2026-02-03 22:42:43.462,3412.05,34.44,456,2.811,5.86,0.00,147.6,90.4,0.0,79.05,54.99,5.86,26.5,322.0,0.279,838.5,22.0,7,191.8,29591.8,20.0
2026-02-03 22:42:43.512,3413.05,34.50,457,2.795,5.82,0.00,147.1,90.4,0.0,79.04,54.99,5.82,26.5,320.1,0.277,838.4,22.0,7,201.4,29601.4,20.0
2026-02-03 22:42:43.562,3414.05,34.56,458,2.779,5.79,0.00,146.5,90.3,0.0,79.03,54.99,5.79,26.5,318.4,0.276,838.3,22.0,7,211.0,29611.0,20.0
2026-02-03 22:42:43.612,3415.05,34.62,459,2.764,5.76,0.00,146.0,90.3,0.0,79.03,54.99,5.76,26.5,316.6,0.274,838.2,22.0,7,220.6,29620.6,20.0
2026-02-03 22:42:43.661,3416.05,34.67,459,2.749,5.73,0.00,145.5,90.3,0.0,79.02,54.99,5.73,26.5,315.0,0.273,838.1,22.0,7,230.2,29630.2,20.0
2026-02-03 22:42:43.712,3417.05,34.72,460,2.691,5.61,0.00,142.7,90.2,0.0,79.01,54.99,5.61,26.5,308.3,0.267,838.1,22.0,7,239.9,29639.9,20.0
2026-02-03 22:42:43.762,3418.05,34.77,461,2.678,5.58,0.00,142.3,90.2,0.0,79.00,54.99,5.58,26.5,306.8,0.266,838.0,22.0,7,249.5,29649.5,20.0
2026-02-03 22:42:43.812,3419.05,34.81,461,2.666,5.55,0.00,141.8,90.2,0.0,79.00,54.99,5.55,26.5,305.5,0.265,837.9,22.0,7,259.2,29659.2,20.0
2026-02-03 22:42:43.861,3420.05,34.86,462,2.655,5.53,0.00,141.4,90.2,0.0,78.99,54.99,5.53,26.5,304.2,0.263,837.8,22.0,7,268.9,29668.9,20.0
2026-02-03 22:42:43.911,3421.05,34.81,461,1.762,3.67,0.00,95.0,89.3,0.0,78.98,55.09,3.67,26.5,202.3,0.175,837.7,22.0,7,278.6,29678.6,20.0
2026-02-03 22:42:43.962,3422.05,34.76,460,1.771,3.69,0.00,95.3,89.3,0.0,78.98,55.08,3.69,26.5,203.2,0.176,837.7,22.0,7,288.2,29688.2,20.0
2026-02-03 22:42:44.012,3423.05,34.71,460,1.779,3.71,0.00,95.6,89.3,0.0,78.97,55.08,3.71,26.5,204.2,0.177,837.6,22.0,7,297.9,29697.9,20.0
2026-02-03 22:42:44.062,3424.05,34.66,459,1.788,3.72,0.00,95.9,89.3,0.0,78.97,55.08,3.72,26.5,205.1,0.177,837.6,22.0,7,307.5,29707.5,20.0
2026-02-03 22:42:44.111,3425.05,34.61,459,1.796,3.74,0.00,96.2,89.3,0.0,78.96,55.08,3.74,26.5,206.1,0.178,837.5,22.0,7,317.1,29717.1,20.0
2026-02-03 22:42:44.161,3426.05,34.57,458,1.804,3.76,0.00,96.5,89.3,0.0,78.96,55.08,3.76,26.5,207.0,0.179,837.5,22.0,7,326.7,29726.7,20.0
2026-02-03 22:42:44.212,3427.05,34.52,457,1.811,3.77,0.00,96.8,89.3,0.0,78.96,55.08,3.77,26.5,207.8,0.180,837.4,22.0,7,336.3,29736.3,20.0
2026-02-03 22:42:44.262,3428.05,34.29,454,0.000,0.00,0.00,0.0,84.4,0.0,78.96,55.26,0.00,26.5,0.0,0.000,837.4,22.0,7,345.8,29745.8,20.0
2026-02-03 22:42:44.312,3429.05,34.05,451,0.000,0.00,0.00,0.0,84.4,0.0,78.96,55.26,0.00,26.5,0.0,0.000,837.4,22.0,7,355.3,29755.3,20.0
2026-02-03 22:42:44.361,3430.05,33.82,448,0.000,0.00,0.00,0.0,84.4,0.0,78.96,55.26,0.00,26.5,0.0,0.000,837.4,22.0,7,364.7,29764.7,20.0
2026-02-03 22:42:44.411,3431.05,33.79,448,1.939,4.04,0.00,101.2,89.4,0.0,78.95,55.06,4.04,26.5,222.4,0.192,837.3,22.0,7,374.1,29774.1,20.0
2026-02-03 22:42:44.462,3432.05,33.76,447,1.944,4.05,0.00,101.3,89.5,0.0,78.94,55.06,4.05,26.5,223.0,0.193,837.3,22.0,7,383.4,29783.4,20.0
2026-02-03 22:42:44.512,3433.05,33.73,447,1.949,4.06,0.00,101.5,89.5,0.0,78.94,55.06,4.06,26.5,223.5,0.193,837.2,22.0,7,392.8,29792.8,20.0
2026-02-03 22:42:44.562,3434.05,33.71,447,1.953,4.07,0.00,101.6,89.5,0.0,78.93,55.06,4.07,26.5,224.0,0.194,837.2,22.0,7,402.2,29802.2,20.0
2026-02-03 22:42:44.611,3435.05,33.68,446,1.958,4.08,0.00,101.8,89.5,0.0,78.93,55.06,4.08,26.5,224.5,0.194,837.1,22.0,7,411.5,29811.5,20.0
2026-02-03 22:42:44.662,3436.05,33.66,446,1.962,4.09,0.00,101.9,89.5,0.0,78.92,55.05,4.09,26.5,225.0,0.195,837.0,22.0,7,420.9,29820.9,20.0
2026-02-03 22:42:44.712,3437.05,33.63,446,1.966,4.10,0.00,102.1,89.5,0.0,78.92,55.05,4.10,26.5,225.5,0.195,837.0,22.0,7,430.2,29830.2,20.0
2026-02-03 22:42:44.762,3438.05,33.61,445,1.971,4.11,0.00,102.2,89.5,0.0,78.91,55.05,4.11,26.5,226.0,0.196,836.9,22.0,7,439.6,29839.6,20.0
2026-02-03 22:42:44.811,3439.05,33.58,445,1.975,4.11,0.00,102.4,89.5,0.0,78.91,55.05,4.11,26.5,226.5,0.196,836.8,22.0,7,448.9,29848.9,20.0
2026-02-03 22:42:44.862,3440.05,33.56,445,1.979,4.12,0.00,102.5,89.5,0.0,78.90,55.05,4.12,26.5,227.0,0.196,836.8,22.0,7,458.2,29858.2,20.0
2026-02-03 22:42:44.912,3441.05,33.54,444,1.983,4.13,0.00,102.6,89.5,0.0,78.90,55.05,4.13,26.5,227.4,0.197,836.7,22.0,7,467.5,29867.5,20.0
2026-02-03 22:42:44.962,3442.05,33.51,444,1.987,4.14,0.00,102.7,89.5,0.0,78.89,55.05,4.14,26.5,227.9,0.197,836.6,22.0,7,476.8,29876.8,20.0
2026-02-03 22:42:45.012,3443.05,33.49,444,1.991,4.15,0.00,102.9,89.5,0.0,78.88,55.05,4.15,26.5,228.3,0.197,836.6,22.0,7,486.1,29886.1,20.0
2026-02-03 22:42:45.061,3444.05,33.47,443,1.994,4.15,0.00,103.0,89.5,0.0,78.88,55.04,4.15,26.5,228.7,0.198,836.5,22.0,7,495.4,29895.4,20.0
2026-02-03 22:42:45.112,3445.05,33.45,443,1.998,4.16,0.00,103.1,89.5,0.0,78.87,55.04,4.16,26.5,229.1,0.198,836.5,22.0,7,504.7,29904.7,20.0
2026-02-03 22:42:45.162,3446.05,33.52,444,2.902,6.05,0.00,149.8,89.5,0.0,78.87,54.95,6.05,26.5,332.2,0.288,836.4,22.0,7,514.0,29914.0,20.0
2026-02-03 22:42:45.212,3447.05,33.60,445,2.884,6.01,0.00,149.2,89.4,0.0,78.86,54.95,6.01,26.5,330.1,0.286,836.3,22.0,7,523.4,29923.4,20.0
2026-02-03 22:42:45.261,3448.05,33.67,446,2.866,5.97,0.00,147.0,90.4,0.0,78.85,54.95,5.97,26.5,328.1,0.284,836.2,22.0,7,532.7,29932.7,20.0
2026-02-03 22:42:45.312,3449.05,33.73,447,2.849,5.93,0.00,146.4,90.4,0.0,78.84,54.95,5.93,26.5,326.1,0.283,836.1,22.0,7,542.1,29942.1,20.0
2026-02-03 22:42:45.362,3450.05,33.80,448,2.783,5.80,0.00,143.5,90.3,0.0,78.83,54.95,5.80,26.5,318.6,0.276,836.0,22.0,7,551.5,29951.5,20.0
2026-02-03 22:42:45.412,3451.05,33.85,449,2.768,5.77,0.00,143.0,90.3,0.0,78.83,54.95,5.77,26.5,316.9,0.275,835.9,22.0,7,560.9,29960.9,20.0
2026-02-03 22:42:45.461,3452.05,33.91,449,2.754,5.74,0.00,142.5,90.3,0.0,78.82,54.95,5.74,26.5,315.3,0.273,835.8,22.0,7,570.3,29970.3,20.0
2026-02-03 22:42:45.512,3453.05,33.97,450,2.740,5.71,0.00,142.0,90.3,0.0,78.81,54.95,5.71,26.5,313.7,0.272,835.7,22.0,7,579.7,29979.7,20.0
2026-02-03 22:42:45.562,3454.05,34.02,451,2.726,5.68,0.00,141.6,90.3,0.0,78.80,54.96,5.68,26.5,312.2,0.270,835.7,22.0,7,589.2,29989.2,20.0
2026-02-03 22:42:45.612,3455.05,34.07,451,2.666,5.55,0.00,138.8,90.2,0.0,78.80,54.96,5.55,26.5,305.2,0.264,835.6,22.0,7,598.6,29998.6,20.0
2026-02-03 22:42:45.661,3456.05,34.12,452,2.654,5.53,0.00,138.4,90.2,0.0,78.79,54.96,5.53,26.5,303.9,0.263,835.5,22.0,7,608.1,30008.1,20.0
2026-02-03 22:42:45.711,3457.05,34.16,453,2.643,5.51,0.00,138.0,90.2,0.0,78.78,54.96,5.51,26.5,302.7,0.262,835.4,22.0,7,617.6,30017.6,20.0
2026-02-03 22:42:45.762,3458.05,34.13,452,1.880,3.92,0.00,99.2,89.4,0.0,78.78,55.04,3.92,26.5,215.6,0.187,835.3,22.0,7,627.1,30027.1,20.0
2026-02-03 22:42:45.812,3459.05,34.09,452,1.887,3.93,0.00,99.4,89.4,0.0,78.77,55.04,3.93,26.5,216.3,0.187,835.3,22.0,7,636.6,30036.6,20.0
2026-02-03 22:42:45.862,3460.05,34.06,451,1.892,3.94,0.00,99.6,89.4,0.0,78.77,55.04,3.94,26.5,217.0,0.188,835.2,22.0,7,646.0,30046.0,20.0
2026-02-03 22:42:45.911,3461.05,33.82,448,0.000,0.00,0.00,0.0,84.4,0.0,78.77,55.23,0.00,26.5,0.0,0.000,835.2,22.0,7,655.4,30055.4,20.0
2026-02-03 22:42:45.962,3462.05,33.59,445,0.000,0.00,0.00,0.0,84.4,0.0,78.77,55.23,0.00,26.5,0.0,0.000,835.2,22.0,7,664.7,30064.7,20.0
2026-02-03 22:42:46.012,3463.05,33.36,442,0.000,0.00,0.00,0.0,84.4,0.0,78.77,55.23,0.00,26.5,0.0,0.000,835.2,22.0,7,674.0,30074.0,20.0
2026-02-03 22:42:46.062,3464.05,33.12,439,0.000,0.00,0.00,0.0,84.4,0.0,78.77,55.23,0.00,26.5,0.0,0.000,835.2,22.0,7,683.2,30083.2,20.0
2026-02-03 22:42:46.111,3465.05,32.89,436,0.000,0.00,0.00,0.0,84.4,0.0,78.77,55.23,0.00,26.5,0.0,0.000,835.2,22.0,7,692.4,30092.4,20.0
2026-02-03 22:42:46.162,3466.05,32.66,433,0.000,0.00,0.00,0.0,84.4,0.0,78.77,55.23,0.00,26.5,0.0,0.000,835.2,22.0,7,701.4,30101.4,20.0
2026-02-03 22:42:46.212,3467.05,32.43,430,0.000,0.00,0.00,0.0,84.4,0.0,78.77,55.23,0.00,26.5,0.0,0.000,835.2,22.0,7,710.4,30110.4,20.0
2026-02-03 22:42:46.262,3468.05,32.20,427,0.000,0.00,0.00,0.0,84.4,0.0,78.77,55.23,0.00,26.5,0.0,0.000,835.2,22.0,7,719.4,30119.4,20.0
2026-02-03 22:42:46.311,3469.05,31.97,424,0.000,0.00,0.00,0.0,84.4,0.0,78.77,55.23,0.00,26.5,0.0,0.000,835.2,22.0,7,728.3,30128.3,20.0
2026-02-03 22:42:46.362,3470.05,31.75,421,0.000,0.00,0.00,0.0,84.4,0.0,78.77,55.23,0.00,26.5,0.0,0.000,835.2,22.0,7,737.1,30137.1,20.0
2026-02-03 22:42:46.412,3471.05,31.52,418,0.000,0.00,0.00,0.0,84.4,0.0,78.77,55.23,0.00,26.5,0.0,0.000,835.2,22.0,7,745.8,30145.8,20.0
2026-02-03 22:42:46.462,3472.05,31.29,415,0.000,0.00,0.00,0.0,84.4,0.0,78.77,55.23,0.00,26.5,0.0,0.000,835.2,22.0,7,754.5,30154.5,20.0
2026-02-03 22:42:46.511,3473.05,31.07,412,0.000,0.00,0.00,0.0,84.4,0.0,78.77,55.23,0.00,26.5,0.0,0.000,835.2,22.0,7,763.2,30163.2,20.0
2026-02-03 22:42:46.561,3474.05,30.84,409,0.000,0.00,0.00,0.0,84.4,0.0,78.77,55.23,0.00,26.5,0.0,0.000,835.2,22.0,7,771.7,30171.7,20.0
2026-02-03 22:42:46.612,3475.05,30.88,409,2.444,5.09,0.00,115.6,90.0,0.0,78.76,54.98,5.09,26.5,279.9,0.242,835.1,22.0,7,780.3,30180.3,20.0
2026-02-03 22:42:46.662,3476.05,30.91,409,2.438,5.08,0.00,115.5,90.0,0.0,78.75,54.98,5.08,26.5,279.3,0.242,835.1,22.0,7,788.9,30188.9,20.0
2026-02-03 22:42:46.712,3477.05,30.94,410,2.433,5.07,0.00,115.3,90.0,0.0,78.75,54.98,5.07,26.5,278.6,0.241,835.0,22.0,7,797.5,30197.5,20.0
2026-02-03 22:42:46.761,3478.05,30.98,410,2.427,5.06,0.00,115.2,90.0,0.0,78.74,54.98,5.06,26.5,278.0,0.241,834.9,22.0,7,806.1,30206.1,20.0
2026-02-03 22:42:46.812,3479.05,31.01,411,2.421,5.04,0.00,115.1,90.0,0.0,78.73,54.97,5.04,26.5,277.3,0.240,834.8,22.0,7,814.7,30214.7,20.0
2026-02-03 22:42:46.862,3480.05,31.04,411,2.416,5.03,0.00,114.9,90.0,0.0,78.73,54.97,5.03,26.5,276.7,0.240,834.8,22.0,7,823.3,30223.3,20.0
2026-02-03 22:42:46.912,3481.05,30.81,408,0.000,0.00,0.00,0.0,84.4,0.0,78.73,55.23,0.00,26.5,0.0,0.000,834.8,22.0,7,831.9,30231.9,20.0
2026-02-03 22:42:46.961,3482.05,30.59,405,0.000,0.00,0.00,0.0,84.4,0.0,78.73,55.23,0.00,26.5,0.0,0.000,834.8,22.0,7,840.4,30240.4,20.0
2026-02-03 22:42:47.012,3483.05,30.37,402,0.000,0.00,0.00,0.0,84.4,0.0,78.73,55.23,0.00,26.5,0.0,0.000,834.8,22.0,7,848.8,30248.8,20.0
2026-02-03 22:42:47.062,3484.05,30.14,399,0.000,0.00,0.00,0.0,84.4,0.0,78.73,55.23,0.00,26.5,0.0,0.000,834.8,22.0,7,857.2,30257.2,20.0
2026-02-03 22:42:47.112,3485.05,29.92,396,0.000,0.00,0.00,0.0,84.4,0.0,78.73,55.23,0.00,26.5,0.0,0.000,834.8,22.0,7,865.5,30265.5,20.0
2026-02-03 22:42:47.162,3486.05,29.97,397,2.535,5.28,0.00,116.2,90.1,0.0,78.72,54.96,5.28,26.5,290.3,0.252,834.7,22.0,7,873.8,30273.8,20.0
2026-02-03 22:42:47.211,3487.05,30.01,398,2.528,5.27,0.00,116.1,90.1,0.0,78.71,54.96,5.27,26.5,289.4,0.251,834.6,22.0,7,882.2,30282.2,20.0
2026-02-03 22:42:47.262,3488.05,29.79,395,0.000,0.00,0.00,0.0,84.4,0.0,78.71,55.22,0.00,26.5,0.0,0.000,834.6,22.0,7,890.4,30290.4,20.0
2026-02-03 22:42:47.312,3489.05,29.84,395,2.557,5.33,0.00,116.7,90.1,0.0,78.71,54.96,5.33,26.5,292.7,0.254,834.5,22.0,7,898.7,30298.7,20.0
2026-02-03 22:42:47.362,3490.05,29.89,396,2.548,5.31,0.00,116.5,90.1,0.0,78.70,54.96,5.31,26.5,291.8,0.253,834.4,22.0,7,907.0,30307.0,20.0
2026-02-03 22:42:47.411,3491.05,29.94,397,2.540,5.29,0.00,116.3,90.1,0.0,78.69,54.96,5.29,26.5,290.8,0.252,834.4,22.0,7,915.3,30315.3,20.0
2026-02-03 22:42:47.462,3492.05,29.99,397,2.532,5.28,0.00,116.2,90.1,0.0,78.68,54.96,5.28,26.5,289.9,0.251,834.3,22.0,7,923.7,30323.7,20.0
2026-02-03 22:42:47.512,3493.05,30.03,398,2.525,5.26,0.00,116.0,90.1,0.0,78.68,54.95,5.26,26.5,289.0,0.250,834.2,22.0,7,932.0,30332.0,20.0
2026-02-03 22:42:47.562,3494.05,29.81,395,0.000,0.00,0.00,0.0,84.4,0.0,78.68,55.22,0.00,26.5,0.0,0.000,834.2,22.0,7,940.3,30340.3,20.0
2026-02-03 22:42:47.611,3495.05,29.86,396,2.554,5.32,0.00,116.6,90.1,0.0,78.67,54.95,5.32,26.5,292.4,0.253,834.1,22.0,7,948.6,30348.6,20.0
2026-02-03 22:42:47.661,3496.05,29.91,396,2.546,5.30,0.00,116.5,90.1,0.0,78.66,54.95,5.30,26.5,291.4,0.253,834.0,22.0,7,956.9,30356.9,20.0
2026-02-03 22:42:47.712,3497.05,29.96,397,2.538,5.29,0.00,116.3,90.1,0.0,78.66,54.95,5.29,26.5,290.5,0.252,834.0,22.0,7,965.2,30365.2,20.0
2026-02-03 22:42:47.762,3498.05,30.00,397,2.530,5.27,0.00,116.1,90.1,0.0,78.65,54.95,5.27,26.5,289.6,0.251,833.9,22.0,7,973.6,30373.6,20.0
2026-02-03 22:42:47.812,3499.05,29.78,394,0.000,0.00,0.00,0.0,84.4,0.0,78.65,55.21,0.00,26.5,0.0,0.000,833.9,22.0,7,981.8,30381.8,20.0
2026-02-03 22:42:47.862,3500.05,29.83,395,2.559,5.33,0.00,116.7,90.1,0.0,78.64,54.95,5.33,26.5,292.9,0.254,833.8,22.0,7,990.1,30390.1,20.0
2026-02-03 22:42:47.912,3501.05,29.88,396,2.551,5.31,0.00,116.6,90.1,0.0,78.64,54.95,5.31,26.5,292.0,0.253,833.7,22.0,7,998.4,30398.4,20.0
2026-02-03 22:42:47.962,3502.05,29.93,396,2.542,5.30,0.00,116.4,90.1,0.0,78.63,54.94,5.30,26.5,291.0,0.252,833.6,22.0,7,1006.7,30406.7,20.0
2026-02-03 22:42:48.012,3503.05,30.19,400,4.549,9.48,0.00,206.1,91.2,0.0,78.62,54.73,9.48,26.5,518.7,0.451,833.5,22.0,7,1015.1,30415.1,20.0
2026-02-03 22:42:48.062,3504.05,30.44,403,4.472,9.32,0.00,204.5,91.1,0.0,78.60,54.74,9.32,26.5,510.0,0.444,833.3,22.0,7,1023.6,30423.6,20.0
2026-02-03 22:42:48.111,3505.05,30.68,406,4.397,9.16,0.00,203.0,91.0,0.0,78.59,54.75,9.16,26.5,501.5,0.436,833.2,22.0,7,1032.1,30432.1,20.0
2026-02-03 22:42:48.162,3506.05,30.92,410,4.325,9.01,0.00,201.4,91.0,0.0,78.58,54.75,9.01,26.5,493.3,0.429,833.1,22.0,7,1040.7,30440.7,20.0
2026-02-03 22:42:48.212,3507.05,31.14,413,4.255,8.87,0.00,199.8,90.9,0.0,78.57,54.76,8.87,26.5,485.4,0.422,832.9,22.0,7,1049.3,30449.3,20.0
2026-02-03 22:42:48.262,3508.05,31.36,415,4.188,8.73,0.00,198.3,90.8,0.0,78.56,54.76,8.73,26.5,477.8,0.415,832.8,22.0,7,1058.0,30458.0,20.0
2026-02-03 22:42:48.311,3509.05,31.57,418,4.123,8.59,0.00,196.7,90.8,0.0,78.54,54.77,8.59,26.5,470.5,0.409,832.7,22.0,7,1066.8,30466.8,20.0
2026-02-03 22:42:48.362,3510.05,31.77,421,4.061,8.46,0.00,195.2,90.7,0.0,78.53,54.77,8.46,26.5,463.4,0.403,832.5,22.0,7,1075.6,30475.6,20.0
2026-02-03 22:42:48.412,3511.05,31.96,423,3.943,8.21,0.00,191.0,90.6,0.0,78.52,54.78,8.21,26.5,450.0,0.391,832.4,22.0,7,1084.5,30484.5,20.0
2026-02-03 22:42:48.462,3512.05,32.15,426,3.887,8.10,0.00,189.5,90.5,0.0,78.51,54.79,8.10,26.5,443.7,0.386,832.3,22.0,7,1093.4,30493.4,20.0
2026-02-03 22:42:48.512,3513.05,32.32,428,3.778,7.87,0.00,185.5,90.4,0.0,78.50,54.79,7.87,26.5,431.3,0.375,832.2,22.0,7,1102.4,30502.4,20.0
2026-02-03 22:42:48.561,3514.05,32.49,430,3.728,7.77,0.00,184.2,90.3,0.0,78.49,54.80,7.77,26.5,425.6,0.370,832.1,22.0,7,1111.4,30511.4,20.0
2026-02-03 22:42:48.612,3515.05,32.64,432,3.626,7.55,0.00,180.2,90.2,0.0,78.48,54.81,7.55,26.5,414.1,0.360,831.9,22.0,7,1120.5,30520.5,20.0
2026-02-03 22:42:48.662,3516.05,32.79,434,3.582,7.46,0.00,179.0,90.2,0.0,78.47,54.81,7.46,26.5,409.1,0.355,831.8,22.0,7,1129.6,30529.6,20.0
2026-02-03 22:42:48.712,3517.05,32.93,436,3.487,7.26,0.00,175.2,90.1,0.0,78.46,54.82,7.26,26.5,398.2,0.346,831.7,22.0,7,1138.8,30538.8,20.0
2026-02-03 22:42:48.761,3518.05,33.06,438,3.448,7.18,0.00,174.1,90.0,0.0,78.45,54.82,7.18,26.5,393.8,0.342,831.6,22.0,7,1147.9,30547.9,20.0
2026-02-03 22:42:48.811,3519.05,33.19,440,3.359,7.00,0.00,170.4,89.9,0.0,78.44,54.83,7.00,26.5,383.7,0.333,831.5,22.0,7,1157.2,30557.2,20.0
2026-02-03 22:42:48.862,3520.05,33.31,441,3.325,6.93,0.00,169.4,89.9,0.0,78.43,54.83,6.93,26.5,379.8,0.330,831.4,22.0,7,1166.4,30566.4,20.0
2026-02-03 22:42:48.912,3521.05,33.42,443,3.291,6.86,0.00,168.4,89.9,0.0,78.42,54.83,6.86,26.5,376.0,0.327,831.3,22.0,7,1175.7,30575.7,20.0
2026-02-03 22:42:48.961,3522.05,33.53,444,3.209,6.69,0.00,164.9,89.8,0.0,78.42,54.84,6.69,26.5,366.6,0.318,831.2,22.0,7,1185.0,30585.0,20.0
2026-02-03 22:42:49.011,3523.05,33.64,446,3.180,6.63,0.00,164.0,89.8,0.0,78.41,54.84,6.63,26.5,363.3,0.315,831.1,22.0,7,1194.4,30594.4,20.0
2026-02-03 22:42:49.062,3524.05,33.74,447,3.152,6.57,0.00,163.1,89.7,0.0,78.40,54.84,6.57,26.5,360.1,0.313,831.0,22.0,7,1203.7,30603.7,20.0
2026-02-03 22:42:49.112,3525.05,33.83,448,3.076,6.41,0.00,159.8,89.7,0.0,78.39,54.85,6.41,26.5,351.5,0.305,830.9,22.0,7,1213.1,30613.1,20.0
2026-02-03 22:42:49.162,3526.05,33.92,449,3.051,6.36,0.00,159.0,89.6,0.0,78.38,54.85,6.36,26.5,348.6,0.303,830.8,22.0,7,1222.6,30622.6,20.0
2026-02-03 22:42:49.212,3527.05,34.00,450,3.027,6.31,0.00,158.2,89.6,0.0,78.37,54.85,6.31,26.5,345.9,0.300,830.7,22.0,7,1232.0,30632.0,20.0
2026-02-03 22:42:49.261,3528.05,34.08,452,2.956,6.16,0.00,155.0,89.5,0.0,78.37,54.86,6.16,26.5,337.9,0.293,830.6,22.0,7,1241.5,30641.5,20.0
2026-02-03 22:42:49.312,3529.05,34.16,453,2.936,6.12,0.00,154.3,89.5,0.0,78.36,54.86,6.12,26.5,335.5,0.291,830.5,22.0,7,1251.0,30651.0,20.0
2026-02-03 22:42:49.362,3530.05,34.23,454,2.916,6.07,0.00,153.6,89.5,0.0,78.35,54.86,6.07,26.5,333.2,0.289,830.4,22.0,7,1260.5,30660.5,20.0
2026-02-03 22:42:49.412,3531.05,34.19,453,1.869,3.89,0.00,98.8,89.4,0.0,78.34,54.97,3.89,26.5,214.0,0.185,830.4,22.0,7,1270.0,30670.0,20.0
2026-02-03 22:42:49.462,3532.05,33.96,450,0.000,0.00,0.00,0.0,84.4,0.0,78.34,55.16,0.00,26.5,0.0,0.000,830.4,22.0,7,1279.4,30679.4,20.0
2026-02-03 22:42:49.512,3533.05,33.73,447,0.000,0.00,0.00,0.0,84.4,0.0,78.34,55.16,0.00,26.5,0.0,0.000,830.4,22.0,7,1288.8,30688.8,20.0
2026-02-03 22:42:49.562,3534.05,33.49,444,0.000,0.00,0.00,0.0,84.4,0.0,78.34,55.16,0.00,26.5,0.0,0.000,830.4,22.0,7,1298.1,30698.1,20.0
2026-02-03 22:42:49.612,3535.05,33.26,441,0.000,0.00,0.00,0.0,84.4,0.0,78.34,55.16,0.00,26.5,0.0,0.000,830.4,22.0,7,1307.3,30707.3,20.0
2026-02-03 22:42:49.661,3536.05,33.03,438,0.000,0.00,0.00,0.0,84.4,0.0,78.34,55.16,0.00,26.5,0.0,0.000,830.4,22.0,7,1316.5,30716.5,20.0
2026-02-03 22:42:49.712,3537.05,32.80,434,0.000,0.00,0.00,0.0,84.4,0.0,78.34,55.16,0.00,26.5,0.0,0.000,830.4,22.0,7,1325.6,30725.6,20.0
2026-02-03 22:42:49.762,3538.05,32.57,431,0.000,0.00,0.00,0.0,84.4,0.0,78.34,55.16,0.00,26.5,0.0,0.000,830.4,22.0,7,1334.6,30734.6,20.0
2026-02-03 22:42:49.812,3539.05,32.34,428,0.000,0.00,0.00,0.0,84.4,0.0,78.34,55.16,0.00,26.5,0.0,0.000,830.4,22.0,7,1343.6,30743.6,20.0
2026-02-03 22:42:49.861,3540.05,32.11,425,0.000,0.00,0.00,0.0,84.4,0.0,78.34,55.16,0.00,26.5,0.0,0.000,830.4,22.0,7,1352.5,30752.5,20.0
2026-02-03 22:42:49.912,3541.05,31.88,422,0.000,0.00,0.00,0.0,84.4,0.0,78.34,55.16,0.00,26.5,0.0,0.000,830.4,22.0,7,1361.4,30761.4,20.0
2026-02-03 22:42:49.962,3542.05,31.65,419,0.000,0.00,0.00,0.0,84.4,0.0,78.34,55.16,0.00,26.5,0.0,0.000,830.4,22.0,7,1370.2,30770.2,20.0
2026-02-03 22:42:50.012,3543.05,31.42,416,0.000,0.00,0.00,0.0,84.4,0.0,78.34,55.16,0.00,26.5,0.0,0.000,830.4,22.0,7,1378.9,30778.9,20.0
2026-02-03 22:42:50.061,3544.05,31.20,413,0.000,0.00,0.00,0.0,84.4,0.0,78.34,55.16,0.00,26.5,0.0,0.000,830.4,22.0,7,1387.6,30787.6,20.0
2026-02-03 22:42:50.112,3545.05,30.97,410,0.000,0.00,0.00,0.0,84.4,0.0,78.34,55.16,0.00,26.5,0.0,0.000,830.4,22.0,7,1396.2,30796.2,20.0
2026-02-03 22:42:50.162,3546.05,30.75,407,0.000,0.00,0.00,0.0,84.4,0.0,78.34,55.16,0.00,26.5,0.0,0.000,830.4,22.0,7,1404.7,30804.7,20.0
2026-02-03 22:42:50.212,3547.05,30.52,404,0.000,0.00,0.00,0.0,84.4,0.0,78.34,55.16,0.00,26.5,0.0,0.000,830.4,22.0,7,1413.2,30813.2,20.0
2026-02-03 22:42:50.261,3548.05,30.30,401,0.000,0.00,0.00,0.0,84.4,0.0,78.34,55.16,0.00,26.5,0.0,0.000,830.4,22.0,7,1421.6,30821.6,20.0
2026-02-03 22:42:50.311,3549.05,30.08,398,0.000,0.00,0.00,0.0,84.4,0.0,78.34,55.16,0.00,26.5,0.0,0.000,830.4,22.0,7,1430.0,30830.0,20.0
2026-02-03 22:42:50.362,3550.05,29.86,395,0.000,0.00,0.00,0.0,84.4,0.0,78.34,55.16,0.00,26.5,0.0,0.000,830.4,22.0,7,1438.3,30838.3,20.0
2026-02-03 22:42:50.412,3551.05,29.64,393,0.000,0.00,0.00,0.0,84.4,0.0,78.34,55.16,0.00,26.5,0.0,0.000,830.4,22.0,7,1446.5,30846.5,20.0
2026-02-03 22:42:50.462,3552.05,29.42,390,0.000,0.00,0.00,0.0,84.4,0.0,78.34,55.16,0.00,26.5,0.0,0.000,830.4,22.0,7,1454.7,30854.7,20.0
2026-02-03 22:42:50.511,3553.05,29.20,387,0.000,0.00,0.00,0.0,84.4,0.0,78.34,55.16,0.00,26.5,0.0,0.000,830.4,22.0,7,1462.8,30862.8,20.0
2026-02-03 22:42:50.562,3554.05,28.98,384,0.000,0.00,0.00,0.0,84.4,0.0,78.34,55.16,0.00,26.5,0.0,0.000,830.4,22.0,7,1470.8,30870.8,20.0
2026-02-03 22:42:50.612,3555.05,28.76,381,0.000,0.00,0.00,0.0,84.4,0.0,78.34,55.16,0.00,26.5,0.0,0.000,830.4,22.0,7,1478.8,30878.8,20.0
2026-02-03 22:42:50.662,3556.05,28.54,378,0.000,0.00,0.00,0.0,84.4,0.0,78.34,55.16,0.00,26.5,0.0,0.000,830.4,22.0,7,1486.7,30886.7,20.0
2026-02-03 22:42:50.712,3557.05,28.32,375,0.000,0.00,0.00,0.0,84.4,0.0,78.34,55.16,0.00,26.5,0.0,0.000,830.4,22.0,7,1494.6,30894.6,20.0
2026-02-03 22:42:50.761,3558.05,28.11,372,0.000,0.00,0.00,0.0,84.4,0.0,78.34,55.16,0.00,26.5,0.0,0.000,830.4,22.0,7,1502.4,30902.4,20.0
2026-02-03 22:42:50.812,3559.05,27.89,369,0.000,0.00,0.00,0.0,84.4,0.0,78.34,55.16,0.00,26.5,0.0,0.000,830.4,22.0,7,1510.2,30910.2,20.0
2026-02-03 22:42:50.862,3560.05,27.67,367,0.000,0.00,0.00,0.0,84.4,0.0,78.34,55.16,0.00,26.5,0.0,0.000,830.4,22.0,7,1517.9,30917.9,20.0
2026-02-03 22:42:50.912,3561.05,27.46,364,0.000,0.00,0.00,0.0,84.4,0.0,78.34,55.16,0.00,26.5,0.0,0.000,830.4,22.0,7,1525.5,30925.5,20.0
2026-02-03 22:42:50.961,3562.05,27.25,361,0.000,0.00,0.00,0.0,84.4,0.0,78.34,55.16,0.00,26.5,0.0,0.000,830.4,22.0,7,1533.0,30933.0,20.0
2026-02-03 22:42:51.012,3563.05,27.03,358,0.000,0.00,0.00,0.0,84.4,0.0,78.34,55.16,0.00,26.5,0.0,0.000,830.4,22.0,7,1540.6,30940.6,20.0
2026-02-03 22:42:51.062,3564.05,26.82,355,0.000,0.00,0.00,0.0,84.4,0.0,78.34,55.16,0.00,26.5,0.0,0.000,830.4,22.0,7,1548.0,30948.0,20.0
2026-02-03 22:42:51.112,3565.05,26.61,352,0.000,0.00,0.00,0.0,84.4,0.0,78.34,55.16,0.00,26.5,0.0,0.000,830.4,22.0,7,1555.4,30955.4,20.0
2026-02-03 22:42:51.162,3566.05,26.98,357,5.536,11.53,0.00,220.5,92.2,0.0,78.33,54.58,11.53,26.5,629.5,0.549,830.2,22.0,7,1562.9,30962.9,20.0
2026-02-03 22:42:51.211,3567.05,27.33,362,5.347,11.14,0.00,216.4,92.0,0.0,78.31,54.60,11.14,26.5,608.2,0.530,830.0,22.0,7,1570.5,30970.5,20.0
2026-02-03 22:42:51.262,3568.05,27.67,366,5.168,10.77,0.00,212.4,91.8,0.0,78.30,54.62,10.77,26.5,588.0,0.513,829.8,22.0,7,1578.2,30978.2,20.0
2026-02-03 22:42:51.312,3569.05,27.98,371,4.997,10.41,0.00,208.2,91.7,0.0,78.29,54.63,10.41,26.5,568.7,0.496,829.7,22.0,7,1585.9,30985.9,20.0
2026-02-03 22:42:51.362,3570.05,28.28,375,4.834,10.07,0.00,204.1,91.5,0.0,78.27,54.65,10.07,26.5,550.4,0.480,829.5,22.0,7,1593.8,30993.8,20.0
2026-02-03 22:42:51.412,3571.05,28.56,378,4.679,9.75,0.00,200.0,91.3,0.0,78.26,54.66,9.75,26.5,532.9,0.464,829.4,22.0,7,1601.7,31001.7,20.0
2026-02-03 22:42:51.462,3572.05,28.82,382,4.532,9.44,0.00,196.0,91.2,0.0,78.25,54.67,9.44,26.5,516.2,0.450,829.2,22.0,7,1609.7,31009.7,20.0
2026-02-03 22:42:51.512,3573.05,29.06,385,4.391,9.15,0.00,191.9,91.0,0.0,78.23,54.69,9.15,26.5,500.2,0.436,829.1,22.0,7,1617.8,31017.8,20.0
2026-02-03 22:42:51.562,3574.05,29.30,388,4.256,8.87,0.00,187.9,90.9,0.0,78.22,54.70,8.87,26.5,485.0,0.422,829.0,22.0,7,1625.9,31025.9,20.0
2026-02-03 22:42:51.612,3575.05,29.52,391,4.195,8.74,0.00,186.8,90.8,0.0,78.21,54.70,8.74,26.5,478.1,0.416,828.8,22.0,7,1634.1,31034.1,20.0
2026-02-03 22:42:51.662,3576.05,29.73,394,4.069,8.48,0.00,182.9,90.7,0.0,78.20,54.71,8.48,26.5,463.8,0.404,828.7,22.0,7,1642.4,31042.4,20.0
2026-02-03 22:42:51.712,3577.05,29.93,396,3.949,8.23,0.00,179.0,90.6,0.0,78.19,54.72,8.23,26.5,450.2,0.392,828.6,22.0,7,1650.7,31050.7,20.0
2026-02-03 22:42:51.762,3578.05,30.12,399,3.899,8.12,0.00,178.0,90.5,0.0,78.18,54.73,8.12,26.5,444.5,0.387,828.5,22.0,7,1659.1,31059.1,20.0
2026-02-03 22:42:51.811,3579.05,30.30,401,3.786,7.89,0.00,174.1,90.4,0.0,78.17,54.74,7.89,26.5,431.7,0.376,828.3,22.0,7,1667.5,31067.5,20.0
2026-02-03 22:42:51.862,3580.05,30.35,402,2.536,5.28,0.00,117.7,90.1,0.0,78.16,54.87,5.28,26.5,289.9,0.252,828.3,22.0,7,1675.9,31075.9,20.0
2026-02-03 22:42:51.912,3581.05,30.39,403,2.528,5.27,0.00,117.6,90.1,0.0,78.15,54.87,5.27,26.5,289.0,0.251,828.2,22.0,7,1684.4,31084.4,20.0
2026-02-03 22:42:51.962,3582.05,30.43,403,2.521,5.25,0.00,117.4,90.1,0.0,78.15,54.87,5.25,26.5,288.1,0.250,828.1,22.0,7,1692.8,31092.8,20.0
2026-02-03 22:42:52.011,3583.05,30.48,404,2.513,5.24,0.00,117.2,90.1,0.0,78.14,54.87,5.24,26.5,287.3,0.249,828.0,22.0,7,1701.3,31101.3,20.0
2026-02-03 22:42:52.062,3584.05,30.25,401,0.000,0.00,0.00,0.0,84.4,0.0,78.14,55.13,0.00,26.5,0.0,0.000,828.0,22.0,7,1709.7,31109.7,20.0
2026-02-03 22:42:52.112,3585.05,30.03,398,0.000,0.00,0.00,0.0,84.4,0.0,78.14,55.13,0.00,26.5,0.0,0.000,828.0,22.0,7,1718.0,31118.0,20.0
2026-02-03 22:42:52.162,3586.05,29.81,395,0.000,0.00,0.00,0.0,84.4,0.0,78.14,55.13,0.00,26.5,0.0,0.000,828.0,22.0,7,1726.3,31126.3,20.0
2026-02-03 22:42:52.212,3587.05,29.59,392,0.000,0.00,0.00,0.0,84.4,0.0,78.14,55.13,0.00,26.5,0.0,0.000,828.0,22.0,7,1734.5,31134.5,20.0
2026-02-03 22:42:52.261,3588.05,29.37,389,0.000,0.00,0.00,0.0,84.4,0.0,78.14,55.13,0.00,26.5,0.0,0.000,828.0,22.0,7,1742.7,31142.7,20.0
2026-02-03 22:42:52.312,3589.05,29.15,386,0.000,0.00,0.00,0.0,84.4,0.0,78.14,55.13,0.00,26.5,0.0,0.000,828.0,22.0,7,1750.8,31150.8,20.0
2026-02-03 22:42:52.362,3590.05,28.93,383,0.000,0.00,0.00,0.0,84.4,0.0,78.14,55.13,0.00,26.5,0.0,0.000,828.0,22.0,7,1758.8,31158.8,20.0
2026-02-03 22:42:52.412,3591.05,28.71,380,0.000,0.00,0.00,0.0,84.4,0.0,78.14,55.13,0.00,26.5,0.0,0.000,828.0,22.0,7,1766.8,31166.8,20.0
2026-02-03 22:42:52.462,3592.05,28.49,377,0.000,0.00,0.00,0.0,84.4,0.0,78.14,55.13,0.00,26.5,0.0,0.000,828.0,22.0,7,1774.7,31174.7,20.0
2026-02-03 22:42:52.511,3593.05,28.28,375,0.000,0.00,0.00,0.0,84.4,0.0,78.14,55.13,0.00,26.5,0.0,0.000,828.0,22.0,7,1782.6,31182.6,20.0
2026-02-03 22:42:52.561,3594.05,28.06,372,0.000,0.00,0.00,0.0,84.4,0.0,78.14,55.13,0.00,26.5,0.0,0.000,828.0,22.0,7,1790.4,31190.4,20.0
2026-02-03 22:42:52.612,3595.05,27.84,369,0.000,0.00,0.00,0.0,84.4,0.0,78.14,55.13,0.00,26.5,0.0,0.000,828.0,22.0,7,1798.1,31198.1,20.0
2026-02-03 22:42:52.662,3596.05,27.63,366,0.000,0.00,0.00,0.0,84.4,0.0,78.14,55.13,0.00,26.5,0.0,0.000,828.0,22.0,7,1805.8,31205.8,20.0
2026-02-03 22:42:52.712,3597.05,27.41,363,0.000,0.00,0.00,0.0,84.4,0.0,78.14,55.13,0.00,26.5,0.0,0.000,828.0,22.0,7,1813.4,31213.4,20.0
2026-02-03 22:42:52.762,3598.05,27.20,360,0.000,0.00,0.00,0.0,84.4,0.0,78.14,55.13,0.00,26.5,0.0,0.000,828.0,22.0,7,1820.9,31220.9,20.0
2026-02-03 22:42:52.811,3599.05,26.99,357,0.000,0.00,0.00,0.0,84.4,0.0,78.14,55.13,0.00,26.5,0.0,0.000,828.0,22.0,7,1828.4,31228.4,20.0
2026-02-03 22:42:52.862,3600.05,27.08,359,2.944,6.13,0.00,122.5,89.5,0.0,78.13,54.82,6.13,26.5,336.2,0.292,827.9,22.0,7,1836.0,31236.0,20.0
2026-02-03 22:42:52.912,3601.05,26.87,356,0.000,0.00,0.00,0.0,84.4,0.0,78.13,55.13,0.00,26.5,0.0,0.000,827.9,22.0,7,1843.4,31243.4,20.0
2026-02-03 22:42:52.962,3602.05,26.97,357,2.962,6.17,0.00,122.7,89.5,0.0,78.12,54.82,6.17,26.5,338.3,0.294,827.8,22.0,7,1850.9,31250.9,20.0
2026-02-03 22:42:53.011,3603.05,27.07,359,2.946,6.14,0.00,122.5,89.5,0.0,78.12,54.82,6.14,26.5,336.4,0.292,827.7,22.0,7,1858.4,31258.4,20.0
2026-02-03 22:42:53.061,3604.05,26.86,356,0.000,0.00,0.00,0.0,84.4,0.0,78.12,55.12,0.00,26.5,0.0,0.000,827.7,22.0,7,1865.9,31265.9,20.0
2026-02-03 22:42:53.112,3605.05,26.96,357,2.964,6.18,0.00,122.7,89.5,0.0,78.11,54.81,6.18,26.5,338.5,0.294,827.6,22.0,7,1873.4,31273.4,20.0
2026-02-03 22:42:53.162,3606.05,27.06,358,2.948,6.14,0.00,122.6,89.5,0.0,78.10,54.81,6.14,26.5,336.7,0.292,827.6,22.0,7,1880.9,31280.9,20.0
2026-02-03 22:42:53.212,3607.05,26.85,356,0.000,0.00,0.00,0.0,84.4,0.0,78.10,55.12,0.00,26.5,0.0,0.000,827.6,22.0,7,1888.4,31288.4,20.0
2026-02-03 22:42:53.261,3608.05,26.95,357,2.966,6.18,0.00,122.8,89.5,0.0,78.09,54.81,6.18,26.5,338.7,0.294,827.5,22.0,7,1895.9,31295.9,20.0
2026-02-03 22:42:53.311,3609.05,27.05,358,2.950,6.15,0.00,122.6,89.5,0.0,78.08,54.81,6.15,26.5,336.9,0.293,827.4,22.0,7,1903.4,31303.4,20.0
2026-02-03 22:42:53.362,3610.05,27.27,361,4.092,8.53,0.00,168.4,90.7,0.0,78.07,54.69,8.53,26.5,466.3,0.406,827.2,22.0,7,1910.9,31310.9,20.0
2026-02-03 22:42:53.412,3611.05,27.48,364,4.043,8.42,0.00,167.9,90.7,0.0,78.06,54.69,8.42,26.5,460.6,0.401,827.1,22.0,7,1918.6,31318.6,20.0
2026-02-03 22:42:53.462,3612.05,27.68,367,3.919,8.16,0.00,164.2,90.5,0.0,78.05,54.70,8.16,26.5,446.7,0.389,827.0,22.0,7,1926.3,31326.3,20.0
2026-02-03 22:42:53.511,3613.05,27.87,369,3.800,7.92,0.00,160.6,90.4,0.0,78.04,54.71,7.92,26.5,433.2,0.377,826.9,22.0,7,1934.0,31334.0,20.0
2026-02-03 22:42:53.562,3614.05,28.05,372,3.760,7.83,0.00,160.1,90.4,0.0,78.03,54.72,7.83,26.5,428.6,0.373,826.7,22.0,7,1941.8,31341.8,20.0
2026-02-03 22:42:53.612,3615.05,28.14,373,2.845,5.93,0.00,121.8,90.4,0.0,78.02,54.81,5.93,26.5,324.9,0.282,826.7,22.0,7,1949.6,31349.6,20.0
2026-02-03 22:42:53.662,3616.05,28.22,374,2.831,5.90,0.00,121.6,90.4,0.0,78.01,54.81,5.90,26.5,323.3,0.281,826.6,22.0,7,1957.5,31357.5,20.0
2026-02-03 22:42:53.712,3617.05,28.30,375,2.817,5.87,0.00,121.4,90.4,0.0,78.01,54.81,5.87,26.5,321.7,0.279,826.5,22.0,7,1965.3,31365.3,20.0
2026-02-03 22:42:53.762,3618.05,28.38,376,2.803,5.84,0.00,121.2,90.4,0.0,78.00,54.81,5.84,26.5,320.1,0.278,826.4,22.0,7,1973.2,31373.2,20.0
2026-02-03 22:42:53.812,3619.05,28.46,377,2.790,5.81,0.00,121.0,90.3,0.0,77.99,54.81,5.81,26.5,318.6,0.277,826.3,22.0,7,1981.1,31381.1,20.0
2026-02-03 22:42:53.862,3620.05,28.54,378,2.777,5.79,0.00,120.8,90.3,0.0,77.98,54.81,5.79,26.5,317.1,0.276,826.2,22.0,7,1989.0,31389.0,20.0
2026-02-03 22:42:53.912,3621.05,28.61,379,2.764,5.76,0.00,120.6,90.3,0.0,77.98,54.81,5.76,26.5,315.7,0.274,826.1,22.0,7,1997.0,31397.0,20.0
2026-02-03 22:42:53.961,3622.05,28.69,380,2.752,5.73,0.00,120.4,90.3,0.0,77.97,54.81,5.73,26.5,314.2,0.273,826.0,22.0,7,2004.9,31404.9,20.0
2026-02-03 22:42:54.012,3623.05,28.76,381,2.740,5.71,0.00,120.1,90.3,0.0,77.96,54.81,5.71,26.5,312.9,0.272,825.9,22.0,7,2012.9,31412.9,20.0
2026-02-03 22:42:54.062,3624.05,28.83,382,2.728,5.68,0.00,119.9,90.3,0.0,77.95,54.81,5.68,26.5,311.5,0.271,825.9,22.0,7,2020.9,31420.9,20.0
2026-02-03 22:42:54.112,3625.05,28.90,383,2.716,5.66,0.00,119.7,90.3,0.0,77.95,54.81,5.66,26.5,310.1,0.269,825.8,22.0,7,2029.0,31429.0,20.0
2026-02-03 22:42:54.162,3626.05,28.97,384,2.705,5.63,0.00,119.5,90.3,0.0,77.94,54.81,5.63,26.5,308.8,0.268,825.7,22.0,7,2037.0,31437.0,20.0
2026-02-03 22:42:54.211,3627.05,29.03,385,2.693,5.61,0.00,119.3,90.2,0.0,77.93,54.81,5.61,26.5,307.5,0.267,825.6,22.0,7,2045.1,31445.1,20.0
2026-02-03 22:42:54.262,3628.05,29.10,385,2.682,5.59,0.00,119.1,90.2,0.0,77.92,54.81,5.59,26.5,306.3,0.266,825.5,22.0,7,2053.2,31453.2,20.0
2026-02-03 22:42:54.312,3629.05,29.16,386,2.671,5.57,0.00,118.9,90.2,0.0,77.92,54.81,5.57,26.5,305.1,0.265,825.4,22.0,7,2061.3,31461.3,20.0
2026-02-03 22:42:54.362,3630.05,29.23,387,2.661,5.54,0.00,118.7,90.2,0.0,77.91,54.81,5.54,26.5,303.8,0.264,825.3,22.0,7,2069.4,31469.4,20.0
2026-02-03 22:42:54.411,3631.05,29.29,388,2.651,5.52,0.00,118.5,90.2,0.0,77.90,54.81,5.52,26.5,302.7,0.263,825.3,22.0,7,2077.5,31477.5,20.0
2026-02-03 22:42:54.462,3632.05,29.35,389,2.640,5.50,0.00,118.3,90.2,0.0,77.89,54.81,5.50,26.5,301.5,0.262,825.2,22.0,7,2085.7,31485.7,20.0
2026-02-03 22:42:54.512,3633.05,29.41,390,2.630,5.48,0.00,118.2,90.2,0.0,77.89,54.81,5.48,26.5,300.4,0.261,825.1,22.0,7,2093.8,31493.8,20.0
2026-02-03 22:42:54.562,3634.05,29.46,390,2.621,5.46,0.00,118.0,90.2,0.0,77.88,54.81,5.46,26.5,299.3,0.260,825.0,22.0,7,2102.0,31502.0,20.0
2026-02-03 22:42:54.612,3635.05,29.52,391,2.611,5.44,0.00,117.8,90.2,0.0,77.87,54.81,5.44,26.5,298.2,0.259,824.9,22.0,7,2110.2,31510.2,20.0
2026-02-03 22:42:54.662,3636.05,29.58,392,2.602,5.42,0.00,117.6,90.2,0.0,77.86,54.81,5.42,26.5,297.1,0.258,824.8,22.0,7,2118.4,31518.4,20.0
2026-02-03 22:42:54.712,3637.05,29.63,392,2.593,5.40,0.00,117.4,90.1,0.0,77.86,54.81,5.40,26.5,296.0,0.257,824.8,22.0,7,2126.7,31526.7,20.0
2026-02-03 22:42:54.762,3638.05,29.68,393,2.584,5.38,0.00,117.2,90.1,0.0,77.85,54.81,5.38,26.5,295.0,0.256,824.7,22.0,7,2134.9,31534.9,20.0
2026-02-03 22:42:54.811,3639.05,29.73,394,2.575,5.36,0.00,117.1,90.1,0.0,77.84,54.81,5.36,26.5,294.0,0.255,824.6,22.0,7,2143.2,31543.2,20.0
2026-02-03 22:42:54.862,3640.05,29.79,395,2.566,5.35,0.00,116.9,90.1,0.0,77.84,54.81,5.35,26.5,293.0,0.255,824.5,22.0,7,2151.4,31551.4,20.0
2026-02-03 22:42:54.912,3641.05,29.84,395,2.558,5.33,0.00,116.7,90.1,0.0,77.83,54.81,5.33,26.5,292.1,0.254,824.4,22.0,7,2159.7,31559.7,20.0
2026-02-03 22:42:54.962,3642.05,29.88,396,2.550,5.31,0.00,116.5,90.1,0.0,77.82,54.81,5.31,26.5,291.1,0.253,824.4,22.0,7,2168.0,31568.0,20.0
2026-02-03 22:42:55.011,3643.05,29.93,396,2.542,5.29,0.00,116.4,90.1,0.0,77.82,54.81,5.29,26.5,290.2,0.252,824.3,22.0,7,2176.4,31576.4,20.0
2026-02-03 22:42:55.062,3644.05,29.98,397,2.534,5.28,0.00,116.2,90.1,0.0,77.81,54.81,5.28,26.5,289.3,0.251,824.2,22.0,7,2184.7,31584.7,20.0
2026-02-03 22:42:55.112,3645.05,30.02,398,2.526,5.26,0.00,116.0,90.1,0.0,77.80,54.81,5.26,26.5,288.4,0.251,824.1,22.0,7,2193.0,31593.0,20.0
2026-02-03 22:42:55.162,3646.05,30.08,398,2.583,5.38,0.00,118.8,90.1,0.0,77.79,54.80,5.38,26.5,294.9,0.256,824.0,22.0,7,2201.4,31601.4,20.0
2026-02-03 22:42:55.211,3647.05,30.33,402,4.505,9.38,0.00,205.2,91.2,0.0,77.78,54.60,9.38,26.5,512.4,0.447,823.9,22.0,7,2209.8,31609.8,20.0
2026-02-03 22:42:55.262,3648.05,30.58,405,4.429,9.23,0.00,203.7,91.1,0.0,77.77,54.60,9.23,26.5,503.8,0.439,823.8,22.0,7,2218.3,31618.3,20.0
2026-02-03 22:42:55.312,3649.05,30.82,408,4.356,9.07,0.00,202.1,91.0,0.0,77.76,54.61,9.07,26.5,495.5,0.432,823.6,22.0,7,2226.9,31626.9,20.0
2026-02-03 22:42:55.362,3650.05,31.05,411,4.285,8.93,0.00,200.5,90.9,0.0,77.75,54.61,8.93,26.5,487.5,0.425,823.5,22.0,7,2235.5,31635.5,20.0
2026-02-03 22:42:55.411,3651.05,31.27,414,4.217,8.78,0.00,198.9,90.9,0.0,77.73,54.62,8.78,26.5,479.8,0.418,823.3,22.0,7,2244.2,31644.2,20.0
2026-02-03 22:42:55.462,3652.05,31.48,417,4.151,8.65,0.00,197.4,90.8,0.0,77.72,54.63,8.65,26.5,472.4,0.412,823.2,22.0,7,2252.9,31652.9,20.0
2026-02-03 22:42:55.512,3653.05,31.69,420,4.087,8.52,0.00,195.8,90.7,0.0,77.71,54.63,8.52,26.5,465.2,0.405,823.1,22.0,7,2261.7,31661.7,20.0
2026-02-03 22:42:55.562,3654.05,31.88,422,3.968,8.27,0.00,191.6,90.6,0.0,77.70,54.64,8.27,26.5,451.7,0.394,823.0,22.0,7,2270.6,31670.6,20.0
2026-02-03 22:42:55.612,3655.05,32.07,425,3.912,8.15,0.00,190.2,90.5,0.0,77.69,54.64,8.15,26.5,445.3,0.388,822.8,22.0,7,2279.5,31679.5,20.0
2026-02-03 22:42:55.661,3656.05,32.24,427,3.801,7.92,0.00,186.1,90.4,0.0,77.68,54.65,7.92,26.5,432.8,0.377,822.7,22.0,7,2288.4,31688.4,20.0
2026-02-03 22:42:55.712,3657.05,32.41,429,3.751,7.81,0.00,184.8,90.4,0.0,77.67,54.66,7.81,26.5,427.1,0.372,822.6,22.0,7,2297.4,31697.4,20.0
2026-02-03 22:42:55.762,3658.05,32.57,431,3.648,7.60,0.00,180.8,90.3,0.0,77.66,54.67,7.60,26.5,415.4,0.362,822.5,22.0,7,2306.5,31706.5,20.0
2026-02-03 22:42:55.812,3659.05,32.72,433,3.603,7.51,0.00,179.6,90.2,0.0,77.65,54.67,7.51,26.5,410.4,0.357,822.4,22.0,7,2315.6,31715.6,20.0
2026-02-03 22:42:55.862,3660.05,32.86,435,3.507,7.31,0.00,175.8,90.1,0.0,77.64,54.68,7.31,26.5,399.5,0.348,822.3,22.0,7,2324.7,31724.7,20.0
2026-02-03 22:42:55.911,3661.05,33.00,437,3.467,7.22,0.00,174.6,90.1,0.0,77.63,54.68,7.22,26.5,395.0,0.344,822.1,22.0,7,2333.9,31733.9,20.0
2026-02-03 22:42:55.962,3662.05,33.13,439,3.429,7.14,0.00,173.5,90.0,0.0,77.62,54.68,7.14,26.5,390.6,0.340,822.0,22.0,7,2343.1,31743.1,20.0
2026-02-03 22:42:56.012,3663.05,33.25,441,3.341,6.96,0.00,169.9,89.9,0.0,77.61,54.69,6.96,26.5,380.6,0.331,821.9,22.0,7,2352.3,31752.3,20.0
2026-02-03 22:42:56.062,3664.05,33.37,442,3.307,6.89,0.00,168.9,89.9,0.0,77.60,54.69,6.89,26.5,376.8,0.328,821.8,22.0,7,2361.6,31761.6,20.0
2026-02-03 22:42:56.112,3665.05,33.48,444,3.224,6.72,0.00,165.4,89.8,0.0,77.59,54.70,6.72,26.5,367.4,0.320,821.7,22.0,7,2370.9,31770.9,20.0
2026-02-03 22:42:56.161,3666.05,33.58,445,3.194,6.65,0.00,164.4,89.8,0.0,77.58,54.70,6.65,26.5,364.0,0.317,821.6,22.0,7,2380.2,31780.2,20.0
2026-02-03 22:42:56.212,3667.05,33.69,446,3.166,6.60,0.00,163.5,89.7,0.0,77.58,54.70,6.60,26.5,360.8,0.314,821.5,22.0,7,2389.6,31789.6,20.0
2026-02-03 22:42:56.262,3668.05,33.78,448,3.089,6.44,0.00,160.2,89.7,0.0,77.57,54.71,6.44,26.5,352.1,0.306,821.4,22.0,7,2398.9,31798.9,20.0
2026-02-03 22:42:56.312,3669.05,33.87,449,3.064,6.38,0.00,159.4,89.6,0.0,77.56,54.71,6.38,26.5,349.2,0.304,821.3,22.0,7,2408.3,31808.3,20.0
2026-02-03 22:42:56.362,3670.05,33.96,450,3.040,6.33,0.00,158.6,89.6,0.0,77.55,54.71,6.33,26.5,346.5,0.302,821.2,22.0,7,2417.8,31817.8,20.0
2026-02-03 22:42:56.412,3671.05,34.04,451,3.016,6.28,0.00,157.8,89.6,0.0,77.54,54.71,6.28,26.5,343.8,0.299,821.1,22.0,7,2427.2,31827.2,20.0
2026-02-03 22:42:56.462,3672.05,34.12,452,2.946,6.14,0.00,154.6,89.5,0.0,77.53,54.72,6.14,26.5,335.8,0.292,821.0,22.0,7,2436.7,31836.7,20.0
2026-02-03 22:42:56.512,3673.05,34.20,453,2.925,6.09,0.00,154.0,89.5,0.0,77.53,54.72,6.09,26.5,333.5,0.290,821.0,22.0,7,2446.2,31846.2,20.0
2026-02-03 22:42:56.562,3674.05,34.27,454,2.906,6.05,0.00,153.3,89.5,0.0,77.52,54.72,6.05,26.5,331.3,0.288,820.9,22.0,7,2455.7,31855.7,20.0
2026-02-03 22:42:56.611,3675.05,34.34,455,2.887,6.01,0.00,152.6,89.5,0.0,77.51,54.72,6.01,26.5,329.1,0.286,820.8,22.0,7,2465.3,31865.3,20.0
2026-02-03 22:42:56.661,3676.05,34.40,456,2.822,5.88,0.00,148.0,90.4,0.0,77.50,54.73,5.88,26.5,321.7,0.280,820.7,22.0,7,2474.8,31874.8,20.0
2026-02-03 22:42:56.712,3677.05,34.46,457,2.806,5.84,0.00,147.4,90.4,0.0,77.49,54.73,5.84,26.5,319.9,0.278,820.6,22.0,7,2484.4,31884.4,20.0
2026-02-03 22:42:56.762,3678.05,34.52,457,2.790,5.81,0.00,146.9,90.3,0.0,77.49,54.73,5.81,26.5,318.1,0.277,820.5,22.0,7,2494.0,31894.0,20.0
2026-02-03 22:42:56.812,3679.05,34.58,458,2.774,5.78,0.00,146.4,90.3,0.0,77.48,54.73,5.78,26.5,316.3,0.275,820.4,22.0,7,2503.6,31903.6,20.0
2026-02-03 22:42:56.861,3680.05,34.64,459,2.759,5.75,0.00,145.8,90.3,0.0,77.47,54.73,5.75,26.5,314.6,0.274,820.3,22.0,7,2513.2,31913.2,20.0
2026-02-03 22:42:56.912,3681.05,34.69,460,2.745,5.72,0.00,145.3,90.3,0.0,77.46,54.73,5.72,26.5,313.0,0.272,820.2,22.0,7,2522.9,31922.9,20.0
2026-02-03 22:42:56.962,3682.05,34.74,460,2.686,5.60,0.00,142.5,90.2,0.0,77.46,54.73,5.60,26.5,306.3,0.266,820.2,22.0,7,2532.5,31932.5,20.0
2026-02-03 22:42:57.012,3683.05,34.78,461,2.674,5.57,0.00,142.1,90.2,0.0,77.45,54.73,5.57,26.5,304.9,0.265,820.1,22.0,7,2542.2,31942.2,20.0
2026-02-03 22:42:57.061,3684.05,34.83,461,2.662,5.55,0.00,141.7,90.2,0.0,77.44,54.73,5.55,26.5,303.6,0.264,820.0,22.0,7,2551.8,31951.8,20.0
2026-02-03 22:42:57.112,3685.05,34.87,462,2.651,5.52,0.00,141.3,90.2,0.0,77.43,54.73,5.52,26.5,302.3,0.263,819.9,22.0,7,2561.5,31961.5,20.0
2026-02-03 22:42:57.162,3686.05,34.91,463,2.640,5.50,0.00,140.9,90.2,0.0,77.43,54.73,5.50,26.5,301.0,0.262,819.8,22.0,7,2571.2,31971.2,20.0
2026-02-03 22:42:57.212,3687.05,34.96,463,2.629,5.48,0.00,140.5,90.2,0.0,77.42,54.73,5.48,26.5,299.8,0.261,819.7,22.0,7,2580.9,31980.9,20.0
2026-02-03 22:42:57.262,3688.05,34.99,464,2.619,5.46,0.00,140.1,90.2,0.0,77.41,54.73,5.46,26.5,298.6,0.260,819.7,22.0,7,2590.7,31990.7,20.0
2026-02-03 22:42:57.311,3689.05,35.03,464,2.609,5.43,0.00,139.8,90.2,0.0,77.41,54.73,5.43,26.5,297.5,0.259,819.6,22.0,7,2600.4,32000.4,20.0
2026-02-03 22:42:57.361,3690.05,35.07,465,2.556,5.32,0.00,137.2,90.1,0.0,77.40,54.74,5.32,26.5,291.4,0.254,819.5,22.0,7,2610.1,32010.1,20.0
2026-02-03 22:42:57.412,3691.05,35.10,465,2.547,5.31,0.00,136.9,90.1,0.0,77.39,54.74,5.31,26.5,290.5,0.253,819.4,22.0,7,2619.9,32019.9,20.0
2026-02-03 22:42:57.462,3692.05,35.13,465,2.540,5.29,0.00,136.6,90.1,0.0,77.38,54.74,5.29,26.5,289.6,0.252,819.3,22.0,7,2629.6,32029.6,20.0
2026-02-03 22:42:57.512,3693.05,35.16,466,2.532,5.27,0.00,136.3,90.1,0.0,77.38,54.74,5.27,26.5,288.7,0.251,819.2,22.0,7,2639.4,32039.4,20.0
2026-02-03 22:42:57.562,3694.05,35.19,466,2.524,5.26,0.00,136.0,90.1,0.0,77.37,54.74,5.26,26.5,287.9,0.250,819.2,22.0,7,2649.2,32049.2,20.0
2026-02-03 22:42:57.611,3695.05,35.21,467,2.517,5.24,0.00,135.7,90.1,0.0,77.36,54.73,5.24,26.5,287.0,0.250,819.1,22.0,7,2659.0,32059.0,20.0
2026-02-03 22:42:57.662,3696.05,35.24,467,2.510,5.23,0.00,135.5,90.1,0.0,77.36,54.73,5.23,26.5,286.2,0.249,819.0,22.0,7,2668.7,32068.7,20.0
2026-02-03 22:42:57.712,3697.05,35.27,467,2.503,5.22,0.00,135.2,90.0,0.0,77.35,54.73,5.22,26.5,285.5,0.248,818.9,22.0,7,2678.5,32078.5,20.0
2026-02-03 22:42:57.762,3698.05,35.29,468,2.497,5.20,0.00,135.0,90.0,0.0,77.34,54.73,5.20,26.5,284.7,0.248,818.9,22.0,7,2688.3,32088.3,20.0
2026-02-03 22:42:57.812,3699.05,35.32,468,2.490,5.19,0.00,134.7,90.0,0.0,77.34,54.73,5.19,26.5,284.0,0.247,818.8,22.0,7,2698.2,32098.2,20.0
2026-02-03 22:42:57.862,3700.05,35.34,468,2.484,5.18,0.00,134.5,90.0,0.0,77.33,54.73,5.18,26.5,283.3,0.246,818.7,22.0,7,2708.0,32108.0,20.0
2026-02-03 22:42:57.912,3701.05,35.36,468,2.436,5.08,0.00,132.1,90.0,0.0,77.32,54.74,5.08,26.5,277.8,0.242,818.6,22.0,7,2717.8,32117.8,20.0
2026-02-03 22:42:57.962,3702.05,35.30,468,1.677,3.49,0.00,91.8,89.2,0.0,77.32,54.81,3.49,26.5,191.5,0.166,818.6,22.0,7,2727.6,32127.6,20.0
2026-02-03 22:42:58.012,3703.05,35.24,467,1.687,3.52,0.00,92.2,89.2,0.0,77.31,54.81,3.52,26.5,192.7,0.167,818.5,22.0,7,2737.4,32137.4,20.0
2026-02-03 22:42:58.061,3704.05,35.18,466,1.698,3.54,0.00,92.6,89.2,0.0,77.31,54.81,3.54,26.5,193.8,0.168,818.5,22.0,7,2747.2,32147.2,20.0
2026-02-03 22:42:58.112,3705.05,35.12,465,1.708,3.56,0.00,92.9,89.2,0.0,77.30,54.81,3.56,26.5,195.0,0.169,818.4,22.0,7,2756.9,32156.9,20.0
2026-02-03 22:42:58.162,3706.05,35.07,465,1.717,3.58,0.00,93.3,89.2,0.0,77.30,54.81,3.58,26.5,196.1,0.170,818.3,22.0,7,2766.7,32166.7,20.0
2026-02-03 22:42:58.212,3707.05,35.01,464,1.727,3.60,0.00,93.7,89.2,0.0,77.29,54.81,3.60,26.5,197.2,0.171,818.3,22.0,7,2776.4,32176.4,20.0
2026-02-03 22:42:58.261,3708.05,34.96,463,1.736,3.62,0.00,94.0,89.2,0.0,77.29,54.80,3.62,26.5,198.2,0.172,818.2,22.0,7,2786.1,32186.1,20.0
2026-02-03 22:42:58.311,3709.05,34.90,462,1.746,3.64,0.00,94.4,89.2,0.0,77.28,54.80,3.64,26.5,199.3,0.173,818.2,22.0,7,2795.8,32195.8,20.0
2026-02-03 22:42:58.362,3710.05,34.85,462,1.755,3.66,0.00,94.7,89.3,0.0,77.28,54.80,3.66,26.5,200.3,0.174,818.1,22.0,7,2805.5,32205.5,20.0
2026-02-03 22:42:58.412,3711.05,34.80,461,1.763,3.67,0.00,95.0,89.3,0.0,77.28,54.80,3.67,26.5,201.3,0.175,818.1,22.0,7,2815.1,32215.1,20.0
2026-02-03 22:42:58.462,3712.05,34.75,460,1.772,3.69,0.00,95.3,89.3,0.0,77.27,54.80,3.69,26.5,202.3,0.176,818.0,22.0,7,2824.8,32224.8,20.0
2026-02-03 22:42:58.512,3713.05,34.70,460,1.780,3.71,0.00,95.6,89.3,0.0,77.27,54.80,3.71,26.5,203.2,0.177,818.0,22.0,7,2834.4,32234.4,20.0
2026-02-03 22:42:58.561,3714.05,34.66,459,1.789,3.73,0.00,95.9,89.3,0.0,77.26,54.79,3.73,26.5,204.2,0.177,817.9,22.0,7,2844.1,32244.1,20.0
2026-02-03 22:42:58.612,3715.05,34.61,459,1.797,3.74,0.00,96.2,89.3,0.0,77.26,54.79,3.74,26.5,205.1,0.178,817.8,22.0,7,2853.7,32253.7,20.0
2026-02-03 22:42:58.662,3716.05,34.56,458,1.805,3.76,0.00,96.5,89.3,0.0,77.25,54.79,3.76,26.5,206.0,0.179,817.8,22.0,7,2863.3,32263.3,20.0
2026-02-03 22:42:58.712,3717.05,34.52,457,1.812,3.78,0.00,96.8,89.3,0.0,77.25,54.79,3.78,26.5,206.9,0.180,817.7,22.0,7,2872.9,32272.9,20.0
2026-02-03 22:42:58.761,3718.05,34.48,457,1.820,3.79,0.00,97.1,89.3,0.0,77.24,54.79,3.79,26.5,207.7,0.181,817.7,22.0,7,2882.4,32282.4,20.0
2026-02-03 22:42:58.812,3719.05,34.43,456,1.827,3.81,0.00,97.3,89.3,0.0,77.24,54.79,3.81,26.5,208.5,0.181,817.6,22.0,7,2892.0,32292.0,20.0
2026-02-03 22:42:58.862,3720.05,34.39,456,1.834,3.82,0.00,97.6,89.3,0.0,77.23,54.78,3.82,26.5,209.4,0.182,817.6,22.0,7,2901.6,32301.6,20.0
2026-02-03 22:42:58.912,3721.05,34.35,455,1.841,3.84,0.00,97.8,89.3,0.0,77.23,54.78,3.84,26.5,210.2,0.183,817.5,22.0,7,2911.1,32311.1,20.0
2026-02-03 22:42:58.962,3722.05,34.31,455,1.848,3.85,0.00,98.1,89.4,0.0,77.22,54.78,3.85,26.5,211.0,0.183,817.4,22.0,7,2920.6,32320.6,20.0
2026-02-03 22:42:59.011,3723.05,34.27,454,1.855,3.86,0.00,98.3,89.4,0.0,77.22,54.78,3.86,26.5,211.7,0.184,817.4,22.0,7,2930.2,32330.2,20.0
2026-02-03 22:42:59.062,3724.05,34.23,454,1.862,3.88,0.00,98.5,89.4,0.0,77.21,54.78,3.88,26.5,212.5,0.185,817.3,22.0,7,2939.7,32339.7,20.0
2026-02-03 22:42:59.112,3725.05,34.20,453,1.868,3.89,0.00,98.8,89.4,0.0,77.20,54.78,3.89,26.5,213.2,0.185,817.3,22.0,7,2949.2,32349.2,20.0
2026-02-03 22:42:59.162,3726.05,34.16,453,1.875,3.91,0.00,99.0,89.4,0.0,77.20,54.77,3.91,26.5,213.9,0.186,817.2,22.0,7,2958.6,32358.6,20.0
2026-02-03 22:42:59.212,3727.05,34.12,452,1.881,3.92,0.00,99.2,89.4,0.0,77.19,54.77,3.92,26.5,214.6,0.187,817.1,22.0,7,2968.1,32368.1,20.0
2026-02-03 22:42:59.261,3728.05,34.09,452,1.887,3.93,0.00,99.4,89.4,0.0,77.19,54.77,3.93,26.5,215.3,0.187,817.1,22.0,7,2977.6,32377.6,20.0
2026-02-03 22:42:59.312,3729.05,34.05,451,1.893,3.94,0.00,99.6,89.4,0.0,77.18,54.77,3.94,26.5,216.0,0.188,817.0,22.0,7,2987.1,32387.1,20.0
2026-02-03 22:42:59.362,3730.05,34.02,451,1.899,3.96,0.00,99.8,89.4,0.0,77.18,54.77,3.96,26.5,216.6,0.188,817.0,22.0,7,2996.5,32396.5,20.0
2026-02-03 22:42:59.412,3731.05,33.99,450,1.904,3.97,0.00,100.0,89.4,0.0,77.17,54.77,3.97,26.5,217.3,0.189,816.9,22.0,7,3005.9,32405.9,20.0
2026-02-03 22:42:59.462,3732.05,34.04,451,2.722,5.67,0.00,141.4,90.3,0.0,77.17,54.68,5.67,26.5,310.1,0.270,816.8,22.0,7,3015.4,32415.4,20.0
2026-02-03 22:42:59.511,3733.05,34.09,452,2.661,5.54,0.00,138.6,90.2,0.0,77.16,54.69,5.54,26.5,303.2,0.264,816.7,22.0,7,3024.9,32424.9,20.0
2026-02-03 22:42:59.561,3734.05,34.13,452,2.650,5.52,0.00,138.2,90.2,0.0,77.15,54.69,5.52,26.5,301.9,0.263,816.6,22.0,7,3034.4,32434.4,20.0
2026-02-03 22:42:59.612,3735.05,34.18,453,2.639,5.50,0.00,137.9,90.2,0.0,77.14,54.69,5.50,26.5,300.7,0.262,816.6,22.0,7,3043.8,32443.8,20.0
2026-02-03 22:42:59.662,3736.05,34.22,453,2.629,5.48,0.00,137.5,90.2,0.0,77.14,54.69,5.48,26.5,299.5,0.261,816.5,22.0,7,3053.4,32453.4,20.0
2026-02-03 22:42:59.712,3737.05,34.26,454,2.618,5.45,0.00,137.2,90.2,0.0,77.13,54.69,5.45,26.5,298.3,0.260,816.4,22.0,7,3062.9,32462.9,20.0
2026-02-03 22:42:59.762,3738.05,34.31,454,2.608,5.43,0.00,136.8,90.2,0.0,77.12,54.68,5.43,26.5,297.1,0.259,816.3,22.0,7,3072.4,32472.4,20.0
2026-02-03 22:42:59.811,3739.05,34.35,455,2.599,5.41,0.00,136.5,90.1,0.0,77.12,54.68,5.41,26.5,296.0,0.258,816.2,22.0,7,3081.9,32481.9,20.0
2026-02-03 22:42:59.862,3740.05,34.38,455,2.543,5.30,0.00,133.8,90.1,0.0,77.11,54.69,5.30,26.5,289.7,0.252,816.2,22.0,7,3091.5,32491.5,20.0
2026-02-03 22:42:59.912,3741.05,34.41,456,2.535,5.28,0.00,133.5,90.1,0.0,77.10,54.69,5.28,26.5,288.8,0.251,816.1,22.0,7,3101.1,32501.1,20.0
2026-02-03 22:42:59.962,3742.05,34.44,456,2.527,5.27,0.00,133.3,90.1,0.0,77.09,54.69,5.27,26.5,288.0,0.251,816.0,22.0,7,3110.6,32510.6,20.0
2026-02-03 22:43:00.012,3743.05,34.47,457,2.520,5.25,0.00,133.0,90.1,0.0,77.09,54.69,5.25,26.5,287.1,0.250,815.9,22.0,7,3120.2,32520.2,20.0
2026-02-03 22:43:00.062,3744.05,34.50,457,2.513,5.23,0.00,132.8,90.1,0.0,77.08,54.69,5.23,26.5,286.3,0.249,815.8,22.0,7,3129.8,32529.8,20.0
2026-02-03 22:43:00.112,3745.05,34.53,458,2.506,5.22,0.00,132.5,90.1,0.0,77.07,54.69,5.22,26.5,285.5,0.249,815.8,22.0,7,3139.4,32539.4,20.0
2026-02-03 22:43:00.162,3746.05,34.56,458,2.499,5.21,0.00,132.3,90.0,0.0,77.07,54.69,5.21,26.5,284.7,0.248,815.7,22.0,7,3149.0,32549.0,20.0
2026-02-03 22:43:00.211,3747.05,34.59,458,2.492,5.19,0.00,132.1,90.0,0.0,77.06,54.69,5.19,26.5,284.0,0.247,815.6,22.0,7,3158.6,32558.6,20.0
2026-02-03 22:43:00.262,3748.05,34.62,459,2.486,5.18,0.00,131.8,90.0,0.0,77.05,54.69,5.18,26.5,283.2,0.247,815.5,22.0,7,3168.2,32568.2,20.0
2026-02-03 22:43:00.312,3749.05,34.64,459,2.480,5.17,0.00,131.6,90.0,0.0,77.05,54.69,5.17,26.5,282.5,0.246,815.4,22.0,7,3177.8,32577.8,20.0
2026-02-03 22:43:00.362,3750.05,34.67,459,2.474,5.15,0.00,131.4,90.0,0.0,77.04,54.68,5.15,26.5,281.8,0.245,815.4,22.0,7,3187.4,32587.4,20.0
2026-02-03 22:43:00.412,3751.05,34.69,460,2.423,5.05,0.00,128.9,90.0,0.0,77.03,54.69,5.05,26.5,276.0,0.240,815.3,22.0,7,3197.1,32597.1,20.0
2026-02-03 22:43:00.461,3752.05,34.71,460,2.418,5.04,0.00,128.7,90.0,0.0,77.03,54.69,5.04,26.5,275.5,0.240,815.2,22.0,7,3206.7,32606.7,20.0
2026-02-03 22:43:00.512,3753.05,34.73,460,2.414,5.03,0.00,128.6,90.0,0.0,77.02,54.69,5.03,26.5,275.0,0.239,815.1,22.0,7,3216.4,32616.4,20.0
2026-02-03 22:43:00.562,3754.05,34.68,459,1.785,3.72,0.00,95.8,89.3,0.0,77.01,54.75,3.72,26.5,203.6,0.177,815.1,22.0,7,3226.0,32626.0,20.0
2026-02-03 22:43:00.612,3755.05,34.44,456,0.000,0.00,0.00,0.0,84.4,0.0,77.01,54.94,0.00,26.5,0.0,0.000,815.1,22.0,7,3235.6,32635.6,20.0
2026-02-03 22:43:00.661,3756.05,34.20,453,0.000,0.00,0.00,0.0,84.4,0.0,77.01,54.94,0.00,26.5,0.0,0.000,815.1,22.0,7,3245.1,32645.1,20.0
2026-02-03 22:43:00.712,3757.05,33.97,450,0.000,0.00,0.00,0.0,84.4,0.0,77.01,54.94,0.00,26.5,0.0,0.000,815.1,22.0,7,3254.5,32654.5,20.0
2026-02-03 22:43:00.762,3758.05,33.74,447,0.000,0.00,0.00,0.0,84.4,0.0,77.01,54.94,0.00,26.5,0.0,0.000,815.1,22.0,7,3263.9,32663.9,20.0
2026-02-03 22:43:00.812,3759.05,33.50,444,0.000,0.00,0.00,0.0,84.4,0.0,77.01,54.94,0.00,26.5,0.0,0.000,815.1,22.0,7,3273.2,32673.2,20.0
2026-02-03 22:43:00.861,3760.05,33.27,441,0.000,0.00,0.00,0.0,84.4,0.0,77.01,54.94,0.00,26.5,0.0,0.000,815.1,22.0,7,3282.4,32682.4,20.0
2026-02-03 22:43:00.911,3761.05,33.04,438,0.000,0.00,0.00,0.0,84.4,0.0,77.01,54.94,0.00,26.5,0.0,0.000,815.1,22.0,7,3291.6,32691.6,20.0
2026-02-03 22:43:00.962,3762.05,32.81,435,0.000,0.00,0.00,0.0,84.4,0.0,77.01,54.94,0.00,26.5,0.0,0.000,815.1,22.0,7,3300.7,32700.7,20.0
2026-02-03 22:43:01.012,3763.05,32.58,432,0.000,0.00,0.00,0.0,84.4,0.0,77.01,54.94,0.00,26.5,0.0,0.000,815.1,22.0,7,3309.8,32709.8,20.0
2026-02-03 22:43:01.062,3764.05,32.35,428,0.000,0.00,0.00,0.0,84.4,0.0,77.01,54.94,0.00,26.5,0.0,0.000,815.1,22.0,7,3318.7,32718.7,20.0
2026-02-03 22:43:01.111,3765.05,32.12,425,0.000,0.00,0.00,0.0,84.4,0.0,77.01,54.94,0.00,26.5,0.0,0.000,815.1,22.0,7,3327.7,32727.7,20.0
2026-02-03 22:43:01.161,3766.05,31.89,422,0.000,0.00,0.00,0.0,84.4,0.0,77.01,54.94,0.00,26.5,0.0,0.000,815.1,22.0,7,3336.5,32736.5,20.0
2026-02-03 22:43:01.212,3767.05,31.66,419,0.000,0.00,0.00,0.0,84.4,0.0,77.01,54.94,0.00,26.5,0.0,0.000,815.1,22.0,7,3345.3,32745.3,20.0
2026-02-03 22:43:01.262,3768.05,31.43,416,0.000,0.00,0.00,0.0,84.4,0.0,77.01,54.94,0.00,26.5,0.0,0.000,815.1,22.0,7,3354.1,32754.1,20.0
2026-02-03 22:43:01.312,3769.05,31.21,413,0.000,0.00,0.00,0.0,84.4,0.0,77.01,54.94,0.00,26.5,0.0,0.000,815.1,22.0,7,3362.7,32762.7,20.0
2026-02-03 22:43:01.361,3770.05,31.24,414,2.382,4.96,0.00,114.1,89.9,0.0,77.01,54.69,4.96,26.5,271.4,0.236,815.0,22.0,7,3371.4,32771.4,20.0
2026-02-03 22:43:01.412,3771.05,31.26,414,2.377,4.95,0.00,114.0,89.9,0.0,77.00,54.69,4.95,26.5,270.9,0.236,814.9,22.0,7,3380.1,32780.1,20.0
2026-02-03 22:43:01.462,3772.05,31.29,414,2.373,4.94,0.00,113.9,89.9,0.0,76.99,54.69,4.94,26.5,270.4,0.235,814.8,22.0,7,3388.8,32788.8,20.0
2026-02-03 22:43:01.512,3773.05,31.06,411,0.000,0.00,0.00,0.0,84.4,0.0,76.99,54.94,0.00,26.5,0.0,0.000,814.8,22.0,7,3397.4,32797.4,20.0
2026-02-03 22:43:01.561,3774.05,30.84,408,0.000,0.00,0.00,0.0,84.4,0.0,76.99,54.94,0.00,26.5,0.0,0.000,814.8,22.0,7,3406.0,32806.0,20.0
2026-02-03 22:43:01.612,3775.05,30.61,406,0.000,0.00,0.00,0.0,84.4,0.0,76.99,54.94,0.00,26.5,0.0,0.000,814.8,22.0,7,3414.5,32814.5,20.0
2026-02-03 22:43:01.662,3776.05,30.39,403,0.000,0.00,0.00,0.0,84.4,0.0,76.99,54.94,0.00,26.5,0.0,0.000,814.8,22.0,7,3422.9,32822.9,20.0
2026-02-03 22:43:01.712,3777.05,30.17,400,0.000,0.00,0.00,0.0,84.4,0.0,76.99,54.94,0.00,26.5,0.0,0.000,814.8,22.0,7,3431.3,32831.3,20.0
2026-02-03 22:43:01.762,3778.05,29.94,397,0.000,0.00,0.00,0.0,84.4,0.0,76.99,54.94,0.00,26.5,0.0,0.000,814.8,22.0,7,3439.6,32839.6,20.0
2026-02-03 22:43:01.811,3779.05,29.72,394,0.000,0.00,0.00,0.0,84.4,0.0,76.99,54.94,0.00,26.5,0.0,0.000,814.8,22.0,7,3447.9,32847.9,20.0
2026-02-03 22:43:01.862,3780.05,29.50,391,0.000,0.00,0.00,0.0,84.4,0.0,76.99,54.94,0.00,26.5,0.0,0.000,814.8,22.0,7,3456.1,32856.1,20.0
2026-02-03 22:43:01.912,3781.05,29.28,388,0.000,0.00,0.00,0.0,84.4,0.0,76.99,54.94,0.00,26.5,0.0,0.000,814.8,22.0,7,3464.2,32864.2,20.0
2026-02-03 22:43:01.962,3782.05,29.06,385,0.000,0.00,0.00,0.0,84.4,0.0,76.99,54.94,0.00,26.5,0.0,0.000,814.8,22.0,7,3472.3,32872.3,20.0
2026-02-03 22:43:02.012,3783.05,28.84,382,0.000,0.00,0.00,0.0,84.4,0.0,76.99,54.94,0.00,26.5,0.0,0.000,814.8,22.0,7,3480.3,32880.3,20.0
2026-02-03 22:43:02.061,3784.05,28.63,379,0.000,0.00,0.00,0.0,84.4,0.0,76.99,54.94,0.00,26.5,0.0,0.000,814.8,22.0,7,3488.2,32888.2,20.0
2026-02-03 22:43:02.112,3785.05,28.41,376,0.000,0.00,0.00,0.0,84.4,0.0,76.99,54.94,0.00,26.5,0.0,0.000,814.8,22.0,7,3496.1,32896.1,20.0
2026-02-03 22:43:02.162,3786.05,28.19,373,0.000,0.00,0.00,0.0,84.4,0.0,76.99,54.94,0.00,26.5,0.0,0.000,814.8,22.0,7,3504.0,32904.0,20.0
2026-02-03 22:43:02.212,3787.05,27.97,371,0.000,0.00,0.00,0.0,84.4,0.0,76.99,54.94,0.00,26.5,0.0,0.000,814.8,22.0,7,3511.7,32911.7,20.0
2026-02-03 22:43:02.261,3788.05,27.76,368,0.000,0.00,0.00,0.0,84.4,0.0,76.99,54.94,0.00,26.5,0.0,0.000,814.8,22.0,7,3519.4,32919.4,20.0
2026-02-03 22:43:02.312,3789.05,27.54,365,0.000,0.00,0.00,0.0,84.4,0.0,76.99,54.94,0.00,26.5,0.0,0.000,814.8,22.0,7,3527.1,32927.1,20.0
2026-02-03 22:43:02.362,3790.05,27.33,362,0.000,0.00,0.00,0.0,84.4,0.0,76.99,54.94,0.00,26.5,0.0,0.000,814.8,22.0,7,3534.7,32934.7,20.0
2026-02-03 22:43:02.412,3791.05,27.12,359,0.000,0.00,0.00,0.0,84.4,0.0,76.99,54.94,0.00,26.5,0.0,0.000,814.8,22.0,7,3542.2,32942.2,20.0
2026-02-03 22:43:02.462,3792.05,26.90,356,0.000,0.00,0.00,0.0,84.4,0.0,76.99,54.94,0.00,26.5,0.0,0.000,814.8,22.0,7,3549.7,32949.7,20.0
2026-02-03 22:43:02.512,3793.05,26.69,353,0.000,0.00,0.00,0.0,84.4,0.0,76.99,54.94,0.00,26.5,0.0,0.000,814.8,22.0,7,3557.1,32957.1,20.0
2026-02-03 22:43:02.562,3794.05,26.48,351,0.000,0.00,0.00,0.0,84.4,0.0,76.99,54.94,0.00,26.5,0.0,0.000,814.8,22.0,7,3564.5,32964.5,20.0
2026-02-03 22:43:02.612,3795.05,26.26,348,0.000,0.00,0.00,0.0,84.4,0.0,76.99,54.94,0.00,26.5,0.0,0.000,814.8,22.0,7,3571.7,32971.7,20.0
2026-02-03 22:43:02.662,3796.05,26.05,345,0.000,0.00,0.00,0.0,84.4,0.0,76.99,54.94,0.00,26.5,0.0,0.000,814.8,22.0,7,3579.0,32979.0,20.0
2026-02-03 22:43:02.711,3797.05,25.84,342,0.000,0.00,0.00,0.0,84.4,0.0,76.99,54.94,0.00,26.5,0.0,0.000,814.8,22.0,7,3586.2,32986.2,20.0
2026-02-03 22:43:02.762,3798.05,25.63,339,0.000,0.00,0.00,0.0,84.4,0.0,76.99,54.94,0.00,26.4,0.0,0.000,814.8,22.0,7,3593.3,32993.3,20.0
2026-02-03 22:43:02.812,3799.05,25.42,337,0.000,0.00,0.00,0.0,84.4,0.0,76.99,54.94,0.00,26.4,0.0,0.000,814.8,22.0,7,3600.3,33000.3,20.0
2026-02-03 22:43:02.862,3800.05,25.84,342,5.887,12.26,0.00,220.6,93.7,0.0,76.98,54.32,12.26,26.5,666.2,0.584,814.7,22.0,7,3607.5,33007.5,20.0
2026-02-03 22:43:02.912,3801.05,26.24,347,5.764,12.01,0.00,219.6,93.7,0.0,76.96,54.33,12.01,26.5,652.4,0.572,814.5,22.0,7,3614.8,33014.8,20.0
2026-02-03 22:43:02.962,3802.05,26.63,353,5.645,11.76,0.00,221.5,92.3,0.0,76.95,54.34,11.76,26.5,639.0,0.560,814.3,22.0,7,3622.2,33022.2,20.0
2026-02-03 22:43:03.011,3803.05,27.00,358,5.530,11.52,0.00,220.5,92.2,0.0,76.93,54.35,11.52,26.5,626.1,0.549,814.1,22.0,7,3629.7,33029.7,20.0
2026-02-03 22:43:03.062,3804.05,27.36,362,5.419,11.29,0.00,219.3,92.1,0.0,76.92,54.36,11.29,26.5,613.7,0.538,814.0,22.0,7,3637.3,33037.3,20.0
2026-02-03 22:43:03.112,3805.05,27.71,367,5.312,11.07,0.00,218.1,92.0,0.0,76.90,54.37,11.07,26.5,601.6,0.527,813.8,22.0,7,3645.0,33045.0,20.0
2026-02-03 22:43:03.162,3806.05,28.04,371,5.208,10.85,0.00,216.9,91.9,0.0,76.89,54.37,10.85,26.5,590.0,0.517,813.6,22.0,7,3652.8,33052.8,20.0
2026-02-03 22:43:03.212,3807.05,28.37,376,5.108,10.64,0.00,215.5,91.8,0.0,76.87,54.38,10.64,26.5,578.8,0.507,813.5,22.0,7,3660.7,33060.7,20.0
2026-02-03 22:43:03.261,3808.05,28.68,380,5.012,10.44,0.00,214.1,91.7,0.0,76.86,54.39,10.44,26.5,567.9,0.497,813.3,22.0,7,3668.6,33068.6,20.0
2026-02-03 22:43:03.312,3809.05,28.99,384,4.919,10.25,0.00,212.7,91.6,0.0,76.85,54.40,10.25,26.5,557.4,0.488,813.2,22.0,7,3676.7,33076.7,20.0
2026-02-03 22:43:03.362,3810.05,29.28,388,4.829,10.06,0.00,211.2,91.5,0.0,76.83,54.41,10.06,26.5,547.3,0.479,813.0,22.0,7,3684.8,33084.8,20.0
2026-02-03 22:43:03.412,3811.05,29.56,392,4.742,9.88,0.00,209.7,91.4,0.0,76.82,54.41,9.88,26.5,537.5,0.470,812.9,22.0,7,3693.0,33093.0,20.0
2026-02-03 22:43:03.462,3812.05,29.83,395,4.658,9.70,0.00,208.2,91.3,0.0,76.81,54.42,9.70,26.5,528.0,0.462,812.7,22.0,7,3701.3,33101.3,20.0
2026-02-03 22:43:03.511,3813.05,30.09,399,4.511,9.40,0.00,203.8,91.2,0.0,76.79,54.43,9.40,26.5,511.6,0.448,812.6,22.0,7,3709.7,33109.7,20.0
2026-02-03 22:43:03.562,3814.05,30.33,402,4.372,9.11,0.00,199.6,91.0,0.0,76.78,54.44,9.11,26.5,495.9,0.434,812.4,22.0,7,3718.1,33118.1,20.0
2026-02-03 22:43:03.612,3815.05,30.56,405,4.302,8.96,0.00,198.1,90.9,0.0,76.77,54.45,8.96,26.5,488.0,0.427,812.3,22.0,7,3726.6,33126.6,20.0
2026-02-03 22:43:03.662,3816.05,30.78,408,4.173,8.69,0.00,193.9,90.8,0.0,76.76,54.46,8.69,26.5,473.4,0.414,812.2,22.0,7,3735.1,33135.1,20.0
2026-02-03 22:43:03.712,3817.05,30.99,410,4.049,8.44,0.00,189.8,90.7,0.0,76.75,54.47,8.44,26.5,459.5,0.402,812.0,22.0,7,3743.8,33143.8,20.0
2026-02-03 22:43:03.761,3818.05,31.19,413,3.992,8.32,0.00,188.5,90.6,0.0,76.74,54.48,8.32,26.5,453.0,0.396,811.9,22.0,7,3752.4,33152.4,20.0
2026-02-03 22:43:03.812,3819.05,31.37,416,3.877,8.08,0.00,184.4,90.5,0.0,76.73,54.49,8.08,26.5,440.1,0.385,811.8,22.0,7,3761.1,33161.1,20.0
2026-02-03 22:43:03.862,3820.05,31.54,418,3.767,7.85,0.00,180.5,90.4,0.0,76.72,54.50,7.85,26.5,427.7,0.374,811.7,22.0,7,3769.9,33169.9,20.0
2026-02-03 22:43:03.912,3821.05,31.56,418,2.325,4.84,0.00,112.6,89.9,0.0,76.71,54.65,4.84,26.5,264.7,0.231,811.6,22.0,7,3778.7,33178.7,20.0
2026-02-03 22:43:03.961,3822.05,31.58,418,2.322,4.84,0.00,112.6,89.9,0.0,76.70,54.64,4.84,26.5,264.3,0.230,811.5,22.0,7,3787.4,33187.4,20.0
2026-02-03 22:43:04.012,3823.05,31.60,419,2.318,4.83,0.00,112.5,89.9,0.0,76.70,54.64,4.83,26.5,263.9,0.230,811.4,22.0,7,3796.2,33196.2,20.0
2026-02-03 22:43:04.062,3824.05,31.38,416,0.000,0.00,0.00,0.0,84.4,0.0,76.70,54.89,0.00,26.5,0.0,0.000,811.4,22.0,7,3804.9,33204.9,20.0
2026-02-03 22:43:04.112,3825.05,31.15,413,0.000,0.00,0.00,0.0,84.4,0.0,76.70,54.89,0.00,26.5,0.0,0.000,811.4,22.0,7,3813.6,33213.6,20.0
2026-02-03 22:43:04.162,3826.05,30.92,410,0.000,0.00,0.00,0.0,84.4,0.0,76.70,54.89,0.00,26.5,0.0,0.000,811.4,22.0,7,3822.2,33222.2,20.0
2026-02-03 22:43:04.211,3827.05,30.70,407,0.000,0.00,0.00,0.0,84.4,0.0,76.70,54.89,0.00,26.5,0.0,0.000,811.4,22.0,7,3830.7,33230.7,20.0
2026-02-03 22:43:04.262,3828.05,30.48,404,0.000,0.00,0.00,0.0,84.4,0.0,76.70,54.89,0.00,26.5,0.0,0.000,811.4,22.0,7,3839.2,33239.2,20.0
2026-02-03 22:43:04.312,3829.05,30.25,401,0.000,0.00,0.00,0.0,84.4,0.0,76.70,54.89,0.00,26.5,0.0,0.000,811.4,22.0,7,3847.6,33247.6,20.0
2026-02-03 22:43:04.362,3830.05,30.03,398,0.000,0.00,0.00,0.0,84.4,0.0,76.70,54.89,0.00,26.5,0.0,0.000,811.4,22.0,7,3855.9,33255.9,20.0
2026-02-03 22:43:04.411,3831.05,29.81,395,0.000,0.00,0.00,0.0,84.4,0.0,76.70,54.89,0.00,26.5,0.0,0.000,811.4,22.0,7,3864.2,33264.2,20.0
2026-02-03 22:43:04.462,3832.05,29.59,392,0.000,0.00,0.00,0.0,84.4,0.0,76.70,54.89,0.00,26.5,0.0,0.000,811.4,22.0,7,3872.4,33272.4,20.0
2026-02-03 22:43:04.512,3833.05,29.37,389,0.000,0.00,0.00,0.0,84.4,0.0,76.70,54.89,0.00,26.5,0.0,0.000,811.4,22.0,7,3880.6,33280.6,20.0
2026-02-03 22:43:04.562,3834.05,29.15,386,0.000,0.00,0.00,0.0,84.4,0.0,76.70,54.89,0.00,26.5,0.0,0.000,811.4,22.0,7,3888.7,33288.7,20.0
2026-02-03 22:43:04.611,3835.05,28.93,383,0.000,0.00,0.00,0.0,84.4,0.0,76.70,54.89,0.00,26.5,0.0,0.000,811.4,22.0,7,3896.7,33296.7,20.0
2026-02-03 22:43:04.662,3836.05,28.71,380,0.000,0.00,0.00,0.0,84.4,0.0,76.70,54.89,0.00,26.5,0.0,0.000,811.4,22.0,7,3904.7,33304.7,20.0
2026-02-03 22:43:04.712,3837.05,28.49,377,0.000,0.00,0.00,0.0,84.4,0.0,76.70,54.89,0.00,26.5,0.0,0.000,811.4,22.0,7,3912.6,33312.6,20.0
2026-02-03 22:43:04.762,3838.05,28.28,375,0.000,0.00,0.00,0.0,84.4,0.0,76.70,54.89,0.00,26.5,0.0,0.000,811.4,22.0,7,3920.4,33320.4,20.0
2026-02-03 22:43:04.811,3839.05,28.06,372,0.000,0.00,0.00,0.0,84.4,0.0,76.70,54.89,0.00,26.5,0.0,0.000,811.4,22.0,7,3928.2,33328.2,20.0
2026-02-03 22:43:04.862,3840.05,27.84,369,0.000,0.00,0.00,0.0,84.4,0.0,76.70,54.89,0.00,26.5,0.0,0.000,811.4,22.0,7,3936.0,33336.0,20.0
2026-02-03 22:43:04.912,3841.05,27.92,370,2.806,5.84,0.00,119.3,90.4,0.0,76.69,54.59,5.84,26.5,319.1,0.278,811.4,22.0,7,3943.7,33343.7,20.0
2026-02-03 22:43:04.962,3842.05,28.00,371,2.792,5.82,0.00,119.1,90.4,0.0,76.68,54.59,5.82,26.5,317.6,0.277,811.3,22.0,7,3951.5,33351.5,20.0
2026-02-03 22:43:05.011,3843.05,27.79,368,0.000,0.00,0.00,0.0,84.4,0.0,76.68,54.88,0.00,26.5,0.0,0.000,811.3,22.0,7,3959.2,33359.2,20.0
2026-02-03 22:43:05.061,3844.05,27.87,369,2.814,5.86,0.00,119.5,90.4,0.0,76.67,54.59,5.86,26.5,320.1,0.279,811.2,22.0,7,3967.0,33367.0,20.0
2026-02-03 22:43:05.112,3845.05,27.95,370,2.801,5.84,0.00,119.3,90.4,0.0,76.67,54.59,5.84,26.5,318.5,0.278,811.1,22.0,7,3974.7,33374.7,20.0
2026-02-03 22:43:05.162,3846.05,28.03,371,2.788,5.81,0.00,119.1,90.3,0.0,76.66,54.59,5.81,26.5,317.0,0.277,811.0,22.0,7,3982.5,33382.5,20.0
2026-02-03 22:43:05.212,3847.05,27.82,368,0.000,0.00,0.00,0.0,84.4,0.0,76.66,54.88,0.00,26.5,0.0,0.000,811.0,22.0,7,3990.2,33390.2,20.0
2026-02-03 22:43:05.262,3848.05,27.90,370,2.810,5.85,0.00,119.4,90.4,0.0,76.65,54.58,5.85,26.5,319.5,0.279,810.9,22.0,7,3998.0,33398.0,20.0
2026-02-03 22:43:05.311,3849.05,27.98,371,2.797,5.83,0.00,119.2,90.4,0.0,76.64,54.58,5.83,26.5,318.0,0.277,810.8,22.0,7,4005.8,33405.8,20.0
2026-02-03 22:43:05.361,3850.05,28.06,372,2.784,5.80,0.00,119.0,90.3,0.0,76.64,54.58,5.80,26.5,316.5,0.276,810.7,22.0,7,4013.6,33413.6,20.0
2026-02-03 22:43:05.412,3851.05,27.84,369,0.000,0.00,0.00,0.0,84.4,0.0,76.64,54.87,0.00,26.5,0.0,0.000,810.7,22.0,7,4021.3,33421.3,20.0
2026-02-03 22:43:05.462,3852.05,27.92,370,2.806,5.85,0.00,119.3,90.4,0.0,76.63,54.58,5.85,26.5,319.0,0.278,810.7,22.0,7,4029.1,33429.1,20.0
2026-02-03 22:43:05.512,3853.05,28.00,371,2.793,5.82,0.00,119.1,90.4,0.0,76.62,54.58,5.82,26.5,317.5,0.277,810.6,22.0,7,4036.8,33436.8,20.0
2026-02-03 22:43:05.562,3854.05,27.79,368,0.000,0.00,0.00,0.0,84.4,0.0,76.62,54.87,0.00,26.5,0.0,0.000,810.6,22.0,7,4044.6,33444.6,20.0
2026-02-03 22:43:05.611,3855.05,27.87,369,2.814,5.86,0.00,119.5,90.4,0.0,76.61,54.58,5.86,26.5,320.0,0.279,810.5,22.0,7,4052.3,33452.3,20.0
2026-02-03 22:43:05.661,3856.05,28.20,374,5.160,10.75,0.00,216.2,91.8,0.0,76.60,54.33,10.75,26.5,584.0,0.512,810.3,22.0,7,4060.1,33460.1,20.0
2026-02-03 22:43:05.712,3857.05,28.52,378,5.062,10.54,0.00,214.9,91.7,0.0,76.58,54.34,10.54,26.5,573.0,0.502,810.2,22.0,7,4068.1,33468.1,20.0
2026-02-03 22:43:05.762,3858.05,28.83,382,4.967,10.35,0.00,213.4,91.6,0.0,76.57,54.35,10.35,26.5,562.3,0.493,810.0,22.0,7,4076.1,33476.1,20.0
2026-02-03 22:43:05.812,3859.05,29.13,386,4.875,10.16,0.00,212.0,91.5,0.0,76.56,54.35,10.16,26.5,552.0,0.484,809.8,22.0,7,4084.2,33484.2,20.0
2026-02-03 22:43:05.861,3860.05,29.42,390,4.786,9.97,0.00,210.5,91.4,0.0,76.54,54.36,9.97,26.5,542.1,0.475,809.7,22.0,7,4092.3,33492.3,20.0
2026-02-03 22:43:05.912,3861.05,29.69,393,4.701,9.79,0.00,209.0,91.4,0.0,76.53,54.37,9.79,26.5,532.4,0.466,809.5,22.0,7,4100.6,33500.6,20.0
2026-02-03 22:43:05.962,3862.05,29.96,397,4.618,9.62,0.00,207.5,91.3,0.0,76.52,54.37,9.62,26.5,523.2,0.458,809.4,22.0,7,4108.9,33508.9,20.0
2026-02-03 22:43:06.012,3863.05,30.22,400,4.539,9.46,0.00,205.9,91.2,0.0,76.51,54.38,9.46,26.5,514.2,0.450,809.3,22.0,7,4117.3,33517.3,20.0
2026-02-03 22:43:06.062,3864.05,30.47,404,4.462,9.30,0.00,204.3,91.1,0.0,76.49,54.39,9.30,26.5,505.5,0.443,809.1,22.0,7,4125.8,33525.8,20.0
2026-02-03 22:43:06.112,3865.05,30.71,407,4.387,9.14,0.00,202.8,91.0,0.0,76.48,54.39,9.14,26.5,497.2,0.435,809.0,22.0,7,4134.3,33534.3,20.0
2026-02-03 22:43:06.162,3866.05,30.95,410,4.316,8.99,0.00,201.2,91.0,0.0,76.47,54.40,8.99,26.5,489.1,0.428,808.8,22.0,7,4142.9,33542.9,20.0
2026-02-03 22:43:06.211,3867.05,31.17,413,4.246,8.85,0.00,199.6,90.9,0.0,76.46,54.40,8.85,26.5,481.3,0.421,808.7,22.0,7,4151.5,33551.5,20.0
2026-02-03 22:43:06.262,3868.05,31.39,416,4.179,8.71,0.00,198.1,90.8,0.0,76.45,54.41,8.71,26.5,473.7,0.415,808.6,22.0,7,4160.3,33560.3,20.0
2026-02-03 22:43:06.312,3869.05,31.60,419,4.115,8.57,0.00,196.5,90.8,0.0,76.43,54.41,8.57,26.5,466.5,0.408,808.4,22.0,7,4169.0,33569.0,20.0
2026-02-03 22:43:06.362,3870.05,31.80,421,4.053,8.44,0.00,195.0,90.7,0.0,76.42,54.42,8.44,26.5,459.4,0.402,808.3,22.0,7,4177.9,33577.9,20.0
2026-02-03 22:43:06.411,3871.05,31.99,424,3.935,8.20,0.00,190.8,90.6,0.0,76.41,54.43,8.20,26.5,446.2,0.390,808.2,22.0,7,4186.8,33586.8,20.0
2026-02-03 22:43:06.462,3872.05,32.17,426,3.880,8.08,0.00,189.3,90.5,0.0,76.40,54.43,8.08,26.5,440.0,0.385,808.1,22.0,7,4195.7,33595.7,20.0
2026-02-03 22:43:06.512,3873.05,32.34,428,3.771,7.86,0.00,185.3,90.4,0.0,76.39,54.44,7.86,26.5,427.7,0.374,808.0,22.0,8,4.7,33604.7,20.0
2026-02-03 22:43:06.562,3874.05,32.50,431,3.667,7.64,0.00,181.4,90.3,0.0,76.38,54.45,7.64,26.5,415.9,0.364,807.8,22.0,8,13.7,33613.7,20.0
2026-02-03 22:43:06.612,3875.05,32.66,433,3.621,7.54,0.00,180.1,90.2,0.0,76.37,54.45,7.54,26.5,410.8,0.359,807.7,22.0,8,22.8,33622.8,20.0
2026-02-03 22:43:06.661,3876.05,32.81,435,3.578,7.45,0.00,178.9,90.2,0.0,76.36,54.46,7.45,26.5,405.9,0.355,807.6,22.0,8,31.9,33631.9,20.0
2026-02-03 22:43:06.712,3877.05,32.94,436,3.483,7.26,0.00,175.1,90.1,0.0,76.35,54.46,7.26,26.5,395.2,0.345,807.5,22.0,8,41.0,33641.0,20.0
2026-02-03 22:43:06.762,3878.05,33.08,438,3.444,7.17,0.00,174.0,90.0,0.0,76.34,54.47,7.17,26.6,390.8,0.342,807.4,22.0,8,50.2,33650.2,20.0
2026-02-03 22:43:06.812,3879.05,33.20,440,3.355,6.99,0.00,170.3,89.9,0.0,76.33,54.47,6.99,26.6,380.7,0.333,807.3,22.0,8,59.5,33659.5,20.0
2026-02-03 22:43:06.862,3880.05,33.32,441,3.321,6.92,0.00,169.3,89.9,0.0,76.32,54.48,6.92,26.6,376.9,0.329,807.2,22.0,8,68.7,33668.7,20.0
2026-02-03 22:43:06.912,3881.05,33.44,443,3.288,6.85,0.00,168.3,89.9,0.0,76.32,54.48,6.85,26.6,373.1,0.326,807.1,22.0,8,78.0,33678.0,20.0
2026-02-03 22:43:06.961,3882.05,33.54,444,3.205,6.68,0.00,164.8,89.8,0.0,76.31,54.49,6.68,26.6,363.9,0.318,807.0,22.0,8,87.3,33687.3,20.0
2026-02-03 22:43:07.012,3883.05,33.65,446,3.176,6.62,0.00,163.9,89.8,0.0,76.30,54.49,6.62,26.6,360.6,0.315,806.9,22.0,8,96.7,33696.7,20.0
2026-02-03 22:43:07.062,3884.05,33.75,447,3.148,6.56,0.00,163.0,89.7,0.0,76.29,54.49,6.56,26.6,357.4,0.312,806.8,22.0,8,106.0,33706.0,20.0
2026-02-03 22:43:07.112,3885.05,33.84,448,3.072,6.40,0.00,159.7,89.7,0.0,76.28,54.50,6.40,26.6,348.8,0.305,806.7,22.0,8,115.4,33715.4,20.0
2026-02-03 22:43:07.161,3886.05,33.93,449,3.048,6.35,0.00,158.9,89.6,0.0,76.27,54.50,6.35,26.6,346.0,0.302,806.6,22.0,8,124.9,33724.9,20.0
2026-02-03 22:43:07.211,3887.05,34.01,451,3.024,6.30,0.00,158.1,89.6,0.0,76.26,54.50,6.30,26.6,343.3,0.300,806.5,22.0,8,134.3,33734.3,20.0
2026-02-03 22:43:07.262,3888.05,34.09,452,2.953,6.15,0.00,154.9,89.5,0.0,76.26,54.50,6.15,26.6,335.4,0.293,806.4,22.0,8,143.8,33743.8,20.0
2026-02-03 22:43:07.312,3889.05,34.17,453,2.933,6.11,0.00,154.2,89.5,0.0,76.25,54.50,6.11,26.6,333.0,0.291,806.3,22.0,8,153.3,33753.3,20.0
2026-02-03 22:43:07.361,3890.05,34.24,454,2.913,6.07,0.00,153.5,89.5,0.0,76.24,54.50,6.07,26.6,330.8,0.289,806.2,22.0,8,162.8,33762.8,20.0
2026-02-03 22:43:07.412,3891.05,34.31,455,2.894,6.03,0.00,152.9,89.5,0.0,76.23,54.51,6.03,26.6,328.6,0.287,806.1,22.0,8,172.3,33772.3,20.0
2026-02-03 22:43:07.462,3892.05,34.38,456,2.875,5.99,0.00,150.6,90.4,0.0,76.22,54.51,5.99,26.6,326.5,0.285,806.0,22.0,8,181.9,33781.9,20.0
2026-02-03 22:43:07.512,3893.05,34.44,456,2.811,5.86,0.00,147.6,90.4,0.0,76.22,54.51,5.86,26.6,319.2,0.279,805.9,22.0,8,191.4,33791.4,20.0
2026-02-03 22:43:07.562,3894.05,34.50,457,2.795,5.82,0.00,147.1,90.4,0.0,76.21,54.51,5.82,26.6,317.4,0.277,805.9,22.0,8,201.0,33801.0,20.0
2026-02-03 22:43:07.611,3895.05,34.56,458,2.779,5.79,0.00,146.5,90.3,0.0,76.20,54.51,5.79,26.6,315.6,0.276,805.8,22.0,8,210.6,33810.6,20.0
2026-02-03 22:43:07.661,3896.05,34.62,459,2.764,5.76,0.00,146.0,90.3,0.0,76.19,54.51,5.76,26.6,313.9,0.274,805.7,22.0,8,220.2,33820.2,20.0
2026-02-03 22:43:07.712,3897.05,34.67,459,2.750,5.73,0.00,145.5,90.3,0.0,76.19,54.51,5.73,26.6,312.3,0.273,805.6,22.0,8,229.9,33829.9,20.0
2026-02-03 22:43:07.762,3898.05,34.72,460,2.691,5.61,0.00,142.7,90.2,0.0,76.18,54.52,5.61,26.6,305.6,0.267,805.5,22.0,8,239.5,33839.5,20.0
2026-02-03 22:43:07.812,3899.05,34.77,461,2.678,5.58,0.00,142.3,90.2,0.0,76.17,54.52,5.58,26.6,304.2,0.266,805.4,22.0,8,249.2,33849.2,20.0
2026-02-03 22:43:07.861,3900.05,34.81,461,2.666,5.55,0.00,141.8,90.2,0.0,76.16,54.52,5.55,26.6,302.8,0.265,805.3,22.0,8,258.8,33858.8,20.0
2026-02-03 22:43:07.912,3901.05,34.86,462,2.655,5.53,0.00,141.4,90.2,0.0,76.16,54.52,5.53,26.6,301.5,0.263,805.3,22.0,8,268.5,33868.5,20.0
2026-02-03 22:43:07.962,3902.05,34.81,461,1.762,3.67,0.00,95.0,89.3,0.0,76.15,54.61,3.67,26.6,200.5,0.175,805.2,22.0,8,278.2,33878.2,20.0
2026-02-03 22:43:08.012,3903.05,34.76,460,1.771,3.69,0.00,95.3,89.3,0.0,76.15,54.61,3.69,26.6,201.5,0.176,805.1,22.0,8,287.8,33887.8,20.0
2026-02-03 22:43:08.061,3904.05,34.71,460,1.780,3.71,0.00,95.6,89.3,0.0,76.14,54.61,3.71,26.6,202.4,0.177,805.1,22.0,8,297.5,33897.5,20.0
2026-02-03 22:43:08.111,3905.05,34.66,459,1.788,3.72,0.00,95.9,89.3,0.0,76.14,54.60,3.72,26.6,203.4,0.177,805.0,22.0,8,307.1,33907.1,20.0
2026-02-03 22:43:08.162,3906.05,34.61,459,1.796,3.74,0.00,96.2,89.3,0.0,76.13,54.60,3.74,26.6,204.3,0.178,805.0,22.0,8,316.7,33916.7,20.0
2026-02-03 22:43:08.212,3907.05,34.57,458,1.804,3.76,0.00,96.5,89.3,0.0,76.13,54.60,3.76,26.6,205.2,0.179,804.9,22.0,8,326.3,33926.3,20.0
2026-02-03 22:43:08.262,3908.05,34.52,457,1.811,3.77,0.00,96.8,89.3,0.0,76.12,54.60,3.77,26.6,206.1,0.180,804.9,22.0,8,335.9,33935.9,20.0
2026-02-03 22:43:08.311,3909.05,34.29,454,0.000,0.00,0.00,0.0,84.4,0.0,76.12,54.79,0.00,26.6,0.0,0.000,804.9,22.0,8,345.4,33945.4,20.0
2026-02-03 22:43:08.361,3910.05,34.05,451,0.000,0.00,0.00,0.0,84.4,0.0,76.12,54.79,0.00,26.5,0.0,0.000,804.9,22.0,8,354.9,33954.9,20.0
2026-02-03 22:43:08.412,3911.05,33.82,448,0.000,0.00,0.00,0.0,84.4,0.0,76.12,54.79,0.00,26.5,0.0,0.000,804.9,22.0,8,364.3,33964.3,20.0
2026-02-03 22:43:08.462,3912.05,33.79,448,1.939,4.04,0.00,101.2,89.5,0.0,76.12,54.59,4.04,26.5,220.5,0.192,804.8,22.0,8,373.7,33973.7,20.0
2026-02-03 22:43:08.512,3913.05,33.76,447,1.944,4.05,0.00,101.3,89.5,0.0,76.11,54.58,4.05,26.5,221.0,0.193,804.7,22.0,8,383.1,33983.1,20.0
2026-02-03 22:43:08.562,3914.05,33.73,447,1.949,4.06,0.00,101.5,89.5,0.0,76.11,54.58,4.06,26.5,221.6,0.193,804.7,22.0,8,392.4,33992.4,20.0
2026-02-03 22:43:08.611,3915.05,33.71,447,1.953,4.07,0.00,101.6,89.5,0.0,76.10,54.58,4.07,26.5,222.1,0.194,804.6,22.0,8,401.8,34001.8,20.0
2026-02-03 22:43:08.662,3916.05,33.68,446,1.958,4.08,0.00,101.8,89.5,0.0,76.09,54.58,4.08,26.5,222.6,0.194,804.6,22.0,8,411.2,34011.2,20.0
2026-02-03 22:43:08.712,3917.05,33.66,446,1.962,4.09,0.00,101.9,89.5,0.0,76.09,54.58,4.09,26.5,223.1,0.195,804.5,22.0,8,420.5,34020.5,20.0
2026-02-03 22:43:08.762,3918.05,33.63,446,1.966,4.10,0.00,102.1,89.5,0.0,76.08,54.58,4.10,26.5,223.6,0.195,804.4,22.0,8,429.8,34029.8,20.0
2026-02-03 22:43:08.812,3919.05,33.61,445,1.971,4.11,0.00,102.2,89.5,0.0,76.08,54.58,4.11,26.5,224.1,0.196,804.4,22.0,8,439.2,34039.2,20.0
2026-02-03 22:43:08.861,3920.05,33.58,445,1.975,4.11,0.00,102.4,89.5,0.0,76.07,54.57,4.11,26.5,224.5,0.196,804.3,22.0,8,448.5,34048.5,20.0
2026-02-03 22:43:08.912,3921.05,33.56,445,1.979,4.12,0.00,102.5,89.5,0.0,76.07,54.57,4.12,26.5,225.0,0.196,804.2,22.0,8,457.8,34057.8,20.0
2026-02-03 22:43:08.962,3922.05,33.54,444,1.983,4.13,0.00,102.6,89.5,0.0,76.06,54.57,4.13,26.5,225.4,0.197,804.2,22.0,8,467.1,34067.1,20.0
2026-02-03 22:43:09.012,3923.05,33.51,444,1.987,4.14,0.00,102.7,89.5,0.0,76.06,54.57,4.14,26.5,225.9,0.197,804.1,22.0,8,476.5,34076.5,20.0
2026-02-03 22:43:09.061,3924.05,33.49,444,1.991,4.15,0.00,102.9,89.5,0.0,76.05,54.57,4.15,26.5,226.3,0.197,804.1,22.0,8,485.8,34085.8,20.0
2026-02-03 22:43:09.112,3925.05,33.47,443,1.994,4.16,0.00,103.0,89.5,0.0,76.05,54.57,4.16,26.5,226.7,0.198,804.0,22.0,8,495.1,34095.1,20.0
2026-02-03 22:43:09.162,3926.05,33.45,443,1.998,4.16,0.00,103.1,89.5,0.0,76.04,54.57,4.16,26.5,227.1,0.198,803.9,22.0,8,504.3,34104.3,20.0
2026-02-03 22:43:09.212,3927.05,33.52,444,2.902,6.05,0.00,149.8,89.5,0.0,76.03,54.47,6.05,26.5,329.4,0.288,803.8,22.0,8,513.7,34113.7,20.0
2026-02-03 22:43:09.261,3928.05,33.60,445,2.884,6.01,0.00,149.2,89.5,0.0,76.02,54.47,6.01,26.5,327.3,0.286,803.7,22.0,8,523.0,34123.0,20.0
2026-02-03 22:43:09.312,3929.05,33.67,446,2.866,5.97,0.00,147.0,90.4,0.0,76.02,54.47,5.97,26.5,325.3,0.284,803.7,22.0,8,532.3,34132.3,20.0
2026-02-03 22:43:09.362,3930.05,33.73,447,2.849,5.93,0.00,146.4,90.4,0.0,76.01,54.47,5.93,26.5,323.3,0.283,803.6,22.0,8,541.7,34141.7,20.0
2026-02-03 22:43:09.412,3931.05,33.80,448,2.783,5.80,0.00,143.5,90.3,0.0,76.00,54.48,5.80,26.5,315.9,0.276,803.5,22.0,8,551.1,34151.1,20.0
2026-02-03 22:43:09.461,3932.05,33.85,449,2.768,5.77,0.00,143.0,90.3,0.0,75.99,54.48,5.77,26.5,314.2,0.275,803.4,22.0,8,560.5,34160.5,20.0
2026-02-03 22:43:09.511,3933.05,33.91,449,2.754,5.74,0.00,142.5,90.3,0.0,75.99,54.48,5.74,26.5,312.6,0.273,803.3,22.0,8,569.9,34169.9,20.0
2026-02-03 22:43:09.562,3934.05,33.97,450,2.740,5.71,0.00,142.0,90.3,0.0,75.98,54.48,5.71,26.5,311.0,0.272,803.2,22.0,8,579.4,34179.4,20.0
2026-02-03 22:43:09.612,3935.05,34.02,451,2.726,5.68,0.00,141.6,90.3,0.0,75.97,54.48,5.68,26.5,309.4,0.270,803.1,22.0,8,588.8,34188.8,20.0
2026-02-03 22:43:09.662,3936.05,34.07,451,2.666,5.55,0.00,138.8,90.2,0.0,75.96,54.48,5.55,26.5,302.6,0.264,803.0,22.0,8,598.3,34198.3,20.0
2026-02-03 22:43:09.712,3937.05,34.12,452,2.654,5.53,0.00,138.4,90.2,0.0,75.96,54.48,5.53,26.5,301.3,0.263,803.0,22.0,8,607.7,34207.7,20.0
2026-02-03 22:43:09.762,3938.05,34.16,453,2.643,5.51,0.00,138.0,90.2,0.0,75.95,54.48,5.51,26.5,300.0,0.262,802.9,22.0,8,617.2,34217.2,20.0
2026-02-03 22:43:09.812,3939.05,34.13,452,1.880,3.92,0.00,99.2,89.4,0.0,75.94,54.56,3.92,26.5,213.8,0.187,802.8,22.0,8,626.7,34226.7,20.0
2026-02-03 22:43:09.861,3940.05,34.09,452,1.887,3.93,0.00,99.4,89.4,0.0,75.94,54.56,3.93,26.5,214.4,0.187,802.8,22.0,8,636.2,34236.2,20.0
2026-02-03 22:43:09.912,3941.05,34.06,451,1.893,3.94,0.00,99.6,89.4,0.0,75.93,54.56,3.94,26.5,215.1,0.188,802.7,22.0,8,645.6,34245.6,20.0
2026-02-03 22:43:09.962,3942.05,33.82,448,0.000,0.00,0.00,0.0,84.4,0.0,75.93,54.76,0.00,26.5,0.0,0.000,802.7,22.0,8,655.0,34255.0,20.0
2026-02-03 22:43:10.012,3943.05,33.59,445,0.000,0.00,0.00,0.0,84.4,0.0,75.93,54.76,0.00,26.5,0.0,0.000,802.7,22.0,8,664.4,34264.4,20.0
2026-02-03 22:43:10.061,3944.05,33.36,442,0.000,0.00,0.00,0.0,84.4,0.0,75.93,54.76,0.00,26.5,0.0,0.000,802.7,22.0,8,673.6,34273.6,20.0
2026-02-03 22:43:10.112,3945.05,33.12,439,0.000,0.00,0.00,0.0,84.4,0.0,75.93,54.76,0.00,26.5,0.0,0.000,802.7,22.0,8,682.8,34282.8,20.0
2026-02-03 22:43:10.162,3946.05,32.89,436,0.000,0.00,0.00,0.0,84.4,0.0,75.93,54.76,0.00,26.5,0.0,0.000,802.7,22.0,8,692.0,34292.0,20.0
2026-02-03 22:43:10.212,3947.05,32.66,433,0.000,0.00,0.00,0.0,84.4,0.0,75.93,54.76,0.00,26.5,0.0,0.000,802.7,22.0,8,701.0,34301.0,20.0
2026-02-03 22:43:10.262,3948.05,32.43,430,0.000,0.00,0.00,0.0,84.4,0.0,75.93,54.76,0.00,26.5,0.0,0.000,802.7,22.0,8,710.1,34310.1,20.0
2026-02-03 22:43:10.312,3949.05,32.20,427,0.000,0.00,0.00,0.0,84.4,0.0,75.93,54.76,0.00,26.5,0.0,0.000,802.7,22.0,8,719.0,34319.0,20.0
2026-02-03 22:43:10.362,3950.05,31.97,424,0.000,0.00,0.00,0.0,84.4,0.0,75.93,54.76,0.00,26.5,0.0,0.000,802.7,22.0,8,727.9,34327.9,20.0
2026-02-03 22:43:10.412,3951.05,31.75,421,0.000,0.00,0.00,0.0,84.4,0.0,75.93,54.76,0.00,26.5,0.0,0.000,802.7,22.0,8,736.7,34336.7,20.0
2026-02-03 22:43:10.462,3952.05,31.52,418,0.000,0.00,0.00,0.0,84.4,0.0,75.93,54.76,0.00,26.5,0.0,0.000,802.7,22.0,8,745.5,34345.5,20.0
2026-02-03 22:43:10.511,3953.05,31.29,415,0.000,0.00,0.00,0.0,84.4,0.0,75.93,54.76,0.00,26.5,0.0,0.000,802.7,22.0,8,754.1,34354.1,20.0
2026-02-03 22:43:10.562,3954.05,31.07,412,0.000,0.00,0.00,0.0,84.4,0.0,75.93,54.76,0.00,26.5,0.0,0.000,802.7,22.0,8,762.8,34362.8,20.0
2026-02-03 22:43:10.612,3955.05,30.84,409,0.000,0.00,0.00,0.0,84.4,0.0,75.93,54.76,0.00,26.5,0.0,0.000,802.7,22.0,8,771.3,34371.3,20.0
2026-02-03 22:43:10.661,3956.05,30.88,409,2.444,5.09,0.00,115.6,90.0,0.0,75.93,54.50,5.09,26.5,277.5,0.242,802.6,22.0,8,779.9,34379.9,20.0
2026-02-03 22:43:10.711,3957.05,30.91,409,2.438,5.08,0.00,115.5,90.0,0.0,75.92,54.50,5.08,26.5,276.8,0.242,802.5,22.0,8,788.5,34388.5,20.0
2026-02-03 22:43:10.762,3958.05,30.94,410,2.433,5.07,0.00,115.3,90.0,0.0,75.91,54.50,5.07,26.5,276.2,0.241,802.5,22.0,8,797.1,34397.1,20.0
2026-02-03 22:43:10.812,3959.05,30.98,410,2.427,5.06,0.00,115.2,90.0,0.0,75.91,54.50,5.06,26.5,275.5,0.241,802.4,22.0,8,805.7,34405.7,20.0
2026-02-03 22:43:10.862,3960.05,31.01,411,2.421,5.04,0.00,115.1,90.0,0.0,75.90,54.50,5.04,26.5,274.9,0.240,802.3,22.0,8,814.3,34414.3,20.0
2026-02-03 22:43:10.911,3961.05,31.04,411,2.416,5.03,0.00,114.9,90.0,0.0,75.89,54.50,5.03,26.5,274.3,0.240,802.2,22.0,8,822.9,34422.9,20.0
2026-02-03 22:43:10.962,3962.05,30.81,408,0.000,0.00,0.00,0.0,84.4,0.0,75.89,54.75,0.00,26.5,0.0,0.000,802.2,22.0,8,831.5,34431.5,20.0
2026-02-03 22:43:11.012,3963.05,30.59,405,0.000,0.00,0.00,0.0,84.4,0.0,75.89,54.75,0.00,26.5,0.0,0.000,802.2,22.0,8,840.0,34440.0,20.0
2026-02-03 22:43:11.062,3964.05,30.37,402,0.000,0.00,0.00,0.0,84.4,0.0,75.89,54.75,0.00,26.5,0.0,0.000,802.2,22.0,8,848.4,34448.4,20.0
2026-02-03 22:43:11.112,3965.05,30.14,399,0.000,0.00,0.00,0.0,84.4,0.0,75.89,54.75,0.00,26.5,0.0,0.000,802.2,22.0,8,856.8,34456.8,20.0
2026-02-03 22:43:11.161,3966.05,29.92,396,0.000,0.00,0.00,0.0,84.4,0.0,75.89,54.75,0.00,26.5,0.0,0.000,802.2,22.0,8,865.1,34465.1,20.0
2026-02-03 22:43:11.212,3967.05,29.97,397,2.535,5.28,0.00,116.2,90.1,0.0,75.89,54.48,5.28,26.5,287.8,0.252,802.2,22.0,8,873.4,34473.4,20.0
2026-02-03 22:43:11.262,3968.05,30.01,398,2.528,5.27,0.00,116.1,90.1,0.0,75.88,54.48,5.27,26.5,286.9,0.251,802.1,22.0,8,881.8,34481.8,20.0
2026-02-03 22:43:11.312,3969.05,29.79,395,0.000,0.00,0.00,0.0,84.4,0.0,75.88,54.75,0.00,26.5,0.0,0.000,802.1,22.0,8,890.1,34490.1,20.0
2026-02-03 22:43:11.361,3970.05,29.84,395,2.557,5.33,0.00,116.7,90.1,0.0,75.87,54.48,5.33,26.5,290.2,0.254,802.0,22.0,8,898.3,34498.3,20.0
2026-02-03 22:43:11.412,3971.05,29.89,396,2.548,5.31,0.00,116.5,90.1,0.0,75.86,54.48,5.31,26.5,289.2,0.253,801.9,22.0,8,906.6,34506.6,20.0
2026-02-03 22:43:11.462,3972.05,29.94,397,2.540,5.29,0.00,116.3,90.1,0.0,75.86,54.48,5.29,26.5,288.3,0.252,801.8,22.0,8,915.0,34515.0,20.0
2026-02-03 22:43:11.512,3973.05,29.99,397,2.532,5.28,0.00,116.2,90.1,0.0,75.85,54.48,5.28,26.5,287.4,0.251,801.8,22.0,8,923.3,34523.3,20.0
2026-02-03 22:43:11.561,3974.05,30.03,398,2.525,5.26,0.00,116.0,90.1,0.0,75.84,54.48,5.26,26.5,286.5,0.250,801.7,22.0,8,931.6,34531.6,20.0
2026-02-03 22:43:11.612,3975.05,29.81,395,0.000,0.00,0.00,0.0,84.4,0.0,75.84,54.74,0.00,26.5,0.0,0.000,801.7,22.0,8,939.9,34539.9,20.0
2026-02-03 22:43:11.662,3976.05,29.86,396,2.554,5.32,0.00,116.6,90.1,0.0,75.84,54.47,5.32,26.5,289.8,0.253,801.6,22.0,8,948.2,34548.2,20.0
2026-02-03 22:43:11.712,3977.05,29.91,396,2.546,5.30,0.00,116.5,90.1,0.0,75.83,54.47,5.30,26.5,288.9,0.253,801.5,22.0,8,956.5,34556.5,20.0
2026-02-03 22:43:11.762,3978.05,29.96,397,2.538,5.29,0.00,116.3,90.1,0.0,75.82,54.47,5.29,26.5,288.0,0.252,801.4,22.0,8,964.8,34564.8,20.0
2026-02-03 22:43:11.812,3979.05,30.00,397,2.530,5.27,0.00,116.1,90.1,0.0,75.82,54.47,5.27,26.5,287.1,0.251,801.4,22.0,8,973.2,34573.2,20.0
2026-02-03 22:43:11.862,3980.05,29.78,394,0.000,0.00,0.00,0.0,84.4,0.0,75.82,54.74,0.00,26.5,0.0,0.000,801.4,22.0,8,981.4,34581.4,20.0
2026-02-03 22:43:11.912,3981.05,29.83,395,2.559,5.33,0.00,116.7,90.1,0.0,75.81,54.47,5.33,26.5,290.4,0.254,801.3,22.0,8,989.7,34589.7,20.0
2026-02-03 22:43:11.961,3982.05,29.88,396,2.551,5.31,0.00,116.6,90.1,0.0,75.80,54.47,5.31,26.5,289.4,0.253,801.2,22.0,8,998.0,34598.0,20.0
2026-02-03 22:43:12.012,3983.05,29.93,396,2.542,5.30,0.00,116.4,90.1,0.0,75.79,54.47,5.30,26.5,288.5,0.252,801.1,22.0,8,1006.3,34606.3,20.0
2026-02-03 22:43:12.062,3984.05,30.19,400,4.549,9.48,0.00,206.1,91.2,0.0,75.78,54.26,9.48,26.5,514.2,0.451,801.0,22.0,8,1014.7,34614.7,20.0
2026-02-03 22:43:12.112,3985.05,30.44,403,4.472,9.32,0.00,204.5,91.1,0.0,75.77,54.26,9.32,26.5,505.5,0.444,800.8,22.0,8,1023.2,34623.2,20.0
2026-02-03 22:43:12.162,3986.05,30.68,406,4.397,9.16,0.00,203.0,91.0,0.0,75.76,54.27,9.16,26.5,497.1,0.436,800.7,22.0,8,1031.7,34631.7,20.0
2026-02-03 22:43:12.212,3987.05,30.92,410,4.325,9.01,0.00,201.4,91.0,0.0,75.75,54.27,9.01,26.5,489.0,0.429,800.6,22.0,8,1040.3,34640.3,20.0
2026-02-03 22:43:12.262,3988.05,31.14,413,4.255,8.87,0.00,199.8,90.9,0.0,75.73,54.28,8.87,26.5,481.2,0.422,800.4,22.0,8,1048.9,34648.9,20.0
2026-02-03 22:43:12.312,3989.05,31.36,415,4.188,8.73,0.00,198.3,90.8,0.0,75.72,54.29,8.73,26.5,473.7,0.416,800.3,22.0,8,1057.7,34657.7,20.0
2026-02-03 22:43:12.362,3990.05,31.57,418,4.123,8.59,0.00,196.7,90.8,0.0,75.71,54.29,8.59,26.5,466.4,0.409,800.2,22.0,8,1066.4,34666.4,20.0
2026-02-03 22:43:12.411,3991.05,31.77,421,4.061,8.46,0.00,195.2,90.7,0.0,75.70,54.29,8.46,26.5,459.3,0.403,800.0,22.0,8,1075.3,34675.3,20.0
2026-02-03 22:43:12.462,3992.05,31.96,423,3.943,8.21,0.00,191.0,90.6,0.0,75.69,54.30,8.21,26.5,446.1,0.391,799.9,22.0,8,1084.1,34684.1,20.0
2026-02-03 22:43:12.512,3993.05,32.15,426,3.887,8.10,0.00,189.5,90.5,0.0,75.68,54.31,8.10,26.5,439.8,0.386,799.8,22.0,8,1093.1,34693.1,20.0
2026-02-03 22:43:12.562,3994.05,32.32,428,3.778,7.87,0.00,185.5,90.4,0.0,75.67,54.32,7.87,26.5,427.5,0.375,799.7,22.0,8,1102.0,34702.0,20.0
2026-02-03 22:43:12.612,3995.05,32.49,430,3.728,7.77,0.00,184.2,90.3,0.0,75.66,54.32,7.77,26.5,421.9,0.370,799.6,22.0,8,1111.1,34711.1,20.0
2026-02-03 22:43:12.662,3996.05,32.64,432,3.626,7.56,0.00,180.2,90.2,0.0,75.65,54.33,7.56,26.5,410.5,0.360,799.4,22.0,8,1120.1,34720.1,20.0
2026-02-03 22:43:12.712,3997.05,32.79,434,3.582,7.46,0.00,179.0,90.2,0.0,75.64,54.33,7.46,26.5,405.5,0.355,799.3,22.0,8,1129.2,34729.2,20.0
2026-02-03 22:43:12.761,3998.05,32.93,436,3.487,7.26,0.00,175.2,90.1,0.0,75.63,54.34,7.26,26.5,394.8,0.346,799.2,22.0,8,1138.4,34738.4,20.0
2026-02-03 22:43:12.812,3999.05,33.06,438,3.448,7.18,0.00,174.1,90.0,0.0,75.62,54.34,7.18,26.5,390.4,0.342,799.1,22.0,8,1147.6,34747.6,20.0
2026-02-03 22:43:12.862,4000.05,33.19,440,3.359,7.00,0.00,170.4,90.0,0.0,75.61,54.35,7.00,26.5,380.3,0.333,799.0,22.0,8,1156.8,34756.8,20.0
2026-02-03 22:43:12.912,4001.05,33.31,441,3.325,6.93,0.00,169.4,89.9,0.0,75.60,54.35,6.93,26.5,376.5,0.330,798.9,22.0,8,1166.0,34766.0,20.0
2026-02-03 22:43:12.962,4002.05,33.42,443,3.291,6.86,0.00,168.4,89.9,0.0,75.59,54.36,6.86,26.5,372.7,0.327,798.8,22.0,8,1175.3,34775.3,20.0
2026-02-03 22:43:13.011,4003.05,33.53,444,3.209,6.69,0.00,164.9,89.8,0.0,75.58,54.36,6.69,26.5,363.5,0.318,798.7,22.0,8,1184.6,34784.6,20.0
2026-02-03 22:43:13.062,4004.05,33.64,446,3.180,6.63,0.00,164.0,89.8,0.0,75.57,54.37,6.63,26.5,360.2,0.315,798.6,22.0,8,1194.0,34794.0,20.0
2026-02-03 22:43:13.112,4005.05,33.74,447,3.152,6.57,0.00,163.1,89.7,0.0,75.56,54.37,6.57,26.5,357.0,0.313,798.5,22.0,8,1203.4,34803.4,20.0
2026-02-03 22:43:13.162,4006.05,33.83,448,3.076,6.41,0.00,159.8,89.7,0.0,75.56,54.37,6.41,26.5,348.4,0.305,798.4,22.0,8,1212.8,34812.8,20.0
2026-02-03 22:43:13.211,4007.05,33.92,449,3.051,6.36,0.00,159.0,89.6,0.0,75.55,54.37,6.36,26.5,345.6,0.303,798.3,22.0,8,1222.2,34822.2,20.0
2026-02-03 22:43:13.262,4008.05,34.00,450,3.027,6.31,0.00,158.2,89.6,0.0,75.54,54.38,6.31,26.5,342.9,0.300,798.2,22.0,8,1231.6,34831.6,20.0
2026-02-03 22:43:13.312,4009.05,34.08,452,2.956,6.16,0.00,155.0,89.5,0.0,75.53,54.38,6.16,26.5,334.9,0.293,798.1,22.0,8,1241.1,34841.1,20.0
2026-02-03 22:43:13.362,4010.05,34.16,453,2.936,6.12,0.00,154.3,89.5,0.0,75.52,54.38,6.12,26.5,332.6,0.291,798.0,22.0,8,1250.6,34850.6,20.0
2026-02-03 22:43:13.411,4011.05,34.23,454,2.916,6.07,0.00,153.6,89.5,0.0,75.52,54.38,6.07,26.5,330.3,0.289,797.9,22.0,8,1260.1,34860.1,20.0
2026-02-03 22:43:13.461,4012.05,34.19,453,1.869,3.89,0.00,98.8,89.4,0.0,75.51,54.49,3.89,26.5,212.1,0.185,797.9,22.0,8,1269.6,34869.6,20.0
2026-02-03 22:43:13.512,4013.05,33.96,450,0.000,0.00,0.00,0.0,84.4,0.0,75.51,54.69,0.00,26.5,0.0,0.000,797.9,22.0,8,1279.0,34879.0,20.0
2026-02-03 22:43:13.562,4014.05,33.73,447,0.000,0.00,0.00,0.0,84.4,0.0,75.51,54.69,0.00,26.5,0.0,0.000,797.9,22.0,8,1288.4,34888.4,20.0
2026-02-03 22:43:13.612,4015.05,33.49,444,0.000,0.00,0.00,0.0,84.4,0.0,75.51,54.69,0.00,26.5,0.0,0.000,797.9,22.0,8,1297.7,34897.7,20.0
2026-02-03 22:43:13.661,4016.05,33.26,441,0.000,0.00,0.00,0.0,84.4,0.0,75.51,54.69,0.00,26.5,0.0,0.000,797.9,22.0,8,1306.9,34906.9,20.0
2026-02-03 22:43:13.712,4017.05,33.03,438,0.000,0.00,0.00,0.0,84.4,0.0,75.51,54.69,0.00,26.5,0.0,0.000,797.9,22.0,8,1316.1,34916.1,20.0
2026-02-03 22:43:13.762,4018.05,32.80,434,0.000,0.00,0.00,0.0,84.4,0.0,75.51,54.69,0.00,26.5,0.0,0.000,797.9,22.0,8,1325.2,34925.2,20.0
2026-02-03 22:43:13.812,4019.05,32.57,431,0.000,0.00,0.00,0.0,84.4,0.0,75.51,54.69,0.00,26.5,0.0,0.000,797.9,22.0,8,1334.3,34934.3,20.0
2026-02-03 22:43:13.861,4020.05,32.34,428,0.000,0.00,0.00,0.0,84.4,0.0,75.51,54.69,0.00,26.5,0.0,0.000,797.9,22.0,8,1343.2,34943.2,20.0
2026-02-03 22:43:13.912,4021.05,32.11,425,0.000,0.00,0.00,0.0,84.4,0.0,75.51,54.69,0.00,26.5,0.0,0.000,797.9,22.0,8,1352.2,34952.2,20.0
2026-02-03 22:43:13.962,4022.05,31.88,422,0.000,0.00,0.00,0.0,84.4,0.0,75.51,54.69,0.00,26.5,0.0,0.000,797.9,22.0,8,1361.0,34961.0,20.0
2026-02-03 22:43:14.012,4023.05,31.65,419,0.000,0.00,0.00,0.0,84.4,0.0,75.51,54.69,0.00,26.5,0.0,0.000,797.9,22.0,8,1369.8,34969.8,20.0
2026-02-03 22:43:14.062,4024.05,31.42,416,0.000,0.00,0.00,0.0,84.4,0.0,75.51,54.69,0.00,26.5,0.0,0.000,797.9,22.0,8,1378.5,34978.5,20.0
2026-02-03 22:43:14.111,4025.05,31.20,413,0.000,0.00,0.00,0.0,84.4,0.0,75.51,54.69,0.00,26.5,0.0,0.000,797.9,22.0,8,1387.2,34987.2,20.0
2026-02-03 22:43:14.161,4026.05,30.97,410,0.000,0.00,0.00,0.0,84.4,0.0,75.51,54.69,0.00,26.5,0.0,0.000,797.9,22.0,8,1395.8,34995.8,20.0
2026-02-03 22:43:14.212,4027.05,30.75,407,0.000,0.00,0.00,0.0,84.4,0.0,75.51,54.69,0.00,26.5,0.0,0.000,797.9,22.0,8,1404.3,35004.3,20.0
2026-02-03 22:43:14.262,4028.05,30.52,404,0.000,0.00,0.00,0.0,84.4,0.0,75.51,54.69,0.00,26.5,0.0,0.000,797.9,22.0,8,1412.8,35012.8,20.0
2026-02-03 22:43:14.312,4029.05,30.30,401,0.000,0.00,0.00,0.0,84.4,0.0,75.51,54.69,0.00,26.5,0.0,0.000,797.9,22.0,8,1421.2,35021.2,20.0
2026-02-03 22:43:14.362,4030.05,30.08,398,0.000,0.00,0.00,0.0,84.4,0.0,75.51,54.69,0.00,26.5,0.0,0.000,797.9,22.0,8,1429.6,35029.6,20.0
2026-02-03 22:43:14.411,4031.05,29.86,395,0.000,0.00,0.00,0.0,84.4,0.0,75.51,54.69,0.00,26.5,0.0,0.000,797.9,22.0,8,1437.9,35037.9,20.0
2026-02-03 22:43:14.462,4032.05,29.64,393,0.000,0.00,0.00,0.0,84.4,0.0,75.51,54.69,0.00,26.5,0.0,0.000,797.9,22.0,8,1446.1,35046.1,20.0
2026-02-03 22:43:14.512,4033.05,29.42,390,0.000,0.00,0.00,0.0,84.4,0.0,75.51,54.69,0.00,26.5,0.0,0.000,797.9,22.0,8,1454.3,35054.3,20.0
2026-02-03 22:43:14.562,4034.05,29.20,387,0.000,0.00,0.00,0.0,84.4,0.0,75.51,54.69,0.00,26.5,0.0,0.000,797.9,22.0,8,1462.4,35062.4,20.0
2026-02-03 22:43:14.612,4035.05,28.98,384,0.000,0.00,0.00,0.0,84.4,0.0,75.51,54.69,0.00,26.5,0.0,0.000,797.9,22.0,8,1470.5,35070.5,20.0
2026-02-03 22:43:14.661,4036.05,28.76,381,0.000,0.00,0.00,0.0,84.4,0.0,75.51,54.69,0.00,26.5,0.0,0.000,797.9,22.0,8,1478.4,35078.4,20.0
2026-02-03 22:43:14.712,4037.05,28.54,378,0.000,0.00,0.00,0.0,84.4,0.0,75.51,54.69,0.00,26.5,0.0,0.000,797.9,22.0,8,1486.4,35086.4,20.0
2026-02-03 22:43:14.762,4038.05,28.32,375,0.000,0.00,0.00,0.0,84.4,0.0,75.51,54.69,0.00,26.5,0.0,0.000,797.9,22.0,8,1494.2,35094.2,20.0
2026-02-03 22:43:14.812,4039.05,28.11,372,0.000,0.00,0.00,0.0,84.4,0.0,75.51,54.69,0.00,26.5,0.0,0.000,797.9,22.0,8,1502.0,35102.0,20.0
2026-02-03 22:43:14.862,4040.05,27.89,369,0.000,0.00,0.00,0.0,84.4,0.0,75.51,54.69,0.00,26.5,0.0,0.000,797.9,22.0,8,1509.8,35109.8,20.0
2026-02-03 22:43:14.911,4041.05,27.67,367,0.000,0.00,0.00,0.0,84.4,0.0,75.51,54.69,0.00,26.5,0.0,0.000,797.9,22.0,8,1517.5,35117.5,20.0
2026-02-03 22:43:14.961,4042.05,27.46,364,0.000,0.00,0.00,0.0,84.4,0.0,75.51,54.69,0.00,26.5,0.0,0.000,797.9,22.0,8,1525.1,35125.1,20.0
2026-02-03 22:43:15.012,4043.05,27.25,361,0.000,0.00,0.00,0.0,84.4,0.0,75.51,54.69,0.00,26.5,0.0,0.000,797.9,22.0,8,1532.7,35132.7,20.0
2026-02-03 22:43:15.062,4044.05,27.03,358,0.000,0.00,0.00,0.0,84.4,0.0,75.51,54.69,0.00,26.5,0.0,0.000,797.9,22.0,8,1540.2,35140.2,20.0
2026-02-03 22:43:15.112,4045.05,26.82,355,0.000,0.00,0.00,0.0,84.4,0.0,75.51,54.69,0.00,26.5,0.0,0.000,797.9,22.0,8,1547.6,35147.6,20.0
2026-02-03 22:43:15.161,4046.05,26.61,352,0.000,0.00,0.00,0.0,84.4,0.0,75.51,54.69,0.00,26.5,0.0,0.000,797.9,22.0,8,1555.0,35155.0,20.0
2026-02-03 22:43:15.212,4047.05,26.98,357,5.536,11.53,0.00,220.5,92.2,0.0,75.49,54.11,11.53,26.5,624.0,0.549,797.7,22.0,8,1562.5,35162.5,20.0
2026-02-03 22:43:15.262,4048.05,27.33,362,5.347,11.14,0.00,216.4,92.0,0.0,75.48,54.12,11.14,26.5,602.9,0.530,797.5,22.0,8,1570.1,35170.1,20.0
2026-02-03 22:43:15.312,4049.05,27.67,366,5.168,10.77,0.00,212.4,91.8,0.0,75.47,54.14,10.77,26.5,582.9,0.513,797.4,22.0,8,1577.8,35177.8,20.0
2026-02-03 22:43:15.362,4050.05,27.98,371,4.997,10.41,0.00,208.2,91.7,0.0,75.45,54.16,10.41,26.5,563.8,0.496,797.2,22.0,8,1585.6,35185.6,20.0
2026-02-03 22:43:15.412,4051.05,28.28,375,4.834,10.07,0.00,204.1,91.5,0.0,75.44,54.17,10.07,26.5,545.6,0.480,797.1,22.0,8,1593.4,35193.4,20.0
2026-02-03 22:43:15.462,4052.05,28.56,378,4.679,9.75,0.00,200.0,91.3,0.0,75.43,54.18,9.75,26.5,528.2,0.464,796.9,22.0,8,1601.4,35201.4,20.0
2026-02-03 22:43:15.512,4053.05,28.82,382,4.532,9.44,0.00,196.0,91.2,0.0,75.41,54.20,9.44,26.5,511.7,0.450,796.8,22.0,8,1609.4,35209.4,20.0
2026-02-03 22:43:15.562,4054.05,29.06,385,4.391,9.15,0.00,191.9,91.0,0.0,75.40,54.21,9.15,26.5,495.9,0.436,796.6,22.0,8,1617.4,35217.4,20.0
2026-02-03 22:43:15.612,4055.05,29.30,388,4.256,8.87,0.00,187.9,90.9,0.0,75.39,54.22,8.87,26.5,480.8,0.422,796.5,22.0,8,1625.6,35225.6,20.0
2026-02-03 22:43:15.662,4056.05,29.52,391,4.195,8.74,0.00,186.8,90.8,0.0,75.38,54.23,8.74,26.5,473.9,0.416,796.4,22.0,8,1633.8,35233.8,20.0
2026-02-03 22:43:15.712,4057.05,29.73,394,4.069,8.48,0.00,182.9,90.7,0.0,75.37,54.24,8.48,26.5,459.8,0.404,796.2,22.0,8,1642.0,35242.0,20.0
2026-02-03 22:43:15.761,4058.05,29.93,396,3.949,8.23,0.00,179.0,90.6,0.0,75.36,54.25,8.23,26.5,446.3,0.392,796.1,22.0,8,1650.3,35250.3,20.0
2026-02-03 22:43:15.811,4059.05,30.12,399,3.899,8.12,0.00,178.0,90.5,0.0,75.35,54.25,8.12,26.5,440.6,0.387,796.0,22.0,8,1658.7,35258.7,20.0
2026-02-03 22:43:15.862,4060.05,30.30,401,3.786,7.89,0.00,174.1,90.4,0.0,75.33,54.26,7.89,26.5,428.0,0.376,795.9,22.0,8,1667.1,35267.1,20.0
2026-02-03 22:43:15.912,4061.05,30.35,402,2.536,5.28,0.00,117.7,90.1,0.0,75.33,54.39,5.28,26.5,287.4,0.252,795.8,22.0,8,1675.6,35275.6,20.0
2026-02-03 22:43:15.962,4062.05,30.39,403,2.528,5.27,0.00,117.6,90.1,0.0,75.32,54.39,5.27,26.5,286.5,0.251,795.7,22.0,8,1684.0,35284.0,20.0
2026-02-03 22:43:16.012,4063.05,30.43,403,2.521,5.25,0.00,117.4,90.1,0.0,75.31,54.39,5.25,26.5,285.6,0.250,795.6,22.0,8,1692.4,35292.4,20.0
2026-02-03 22:43:16.062,4064.05,30.48,404,2.513,5.24,0.00,117.2,90.1,0.0,75.31,54.39,5.24,26.5,284.8,0.249,795.6,22.0,8,1700.9,35300.9,20.0
2026-02-03 22:43:16.112,4065.05,30.25,401,0.000,0.00,0.00,0.0,84.4,0.0,75.31,54.65,0.00,26.5,0.0,0.000,795.6,22.0,8,1709.3,35309.3,20.0
2026-02-03 22:43:16.162,4066.05,30.03,398,0.000,0.00,0.00,0.0,84.4,0.0,75.31,54.65,0.00,26.5,0.0,0.000,795.6,22.0,8,1717.7,35317.7,20.0
2026-02-03 22:43:16.211,4067.05,29.81,395,0.000,0.00,0.00,0.0,84.4,0.0,75.31,54.65,0.00,26.5,0.0,0.000,795.6,22.0,8,1725.9,35325.9,20.0
2026-02-03 22:43:16.262,4068.05,29.59,392,0.000,0.00,0.00,0.0,84.4,0.0,75.31,54.65,0.00,26.5,0.0,0.000,795.6,22.0,8,1734.2,35334.2,20.0
2026-02-03 22:43:16.312,4069.05,29.37,389,0.000,0.00,0.00,0.0,84.4,0.0,75.31,54.65,0.00,26.5,0.0,0.000,795.6,22.0,8,1742.3,35342.3,20.0
2026-02-03 22:43:16.362,4070.05,29.15,386,0.000,0.00,0.00,0.0,84.4,0.0,75.31,54.65,0.00,26.5,0.0,0.000,795.6,22.0,8,1750.4,35350.4,20.0
2026-02-03 22:43:16.412,4071.05,28.93,383,0.000,0.00,0.00,0.0,84.4,0.0,75.31,54.65,0.00,26.5,0.0,0.000,795.6,22.0,8,1758.5,35358.5,20.0
2026-02-03 22:43:16.461,4072.05,28.71,380,0.000,0.00,0.00,0.0,84.4,0.0,75.31,54.65,0.00,26.5,0.0,0.000,795.6,22.0,8,1766.4,35366.4,20.0
2026-02-03 22:43:16.511,4073.05,28.49,377,0.000,0.00,0.00,0.0,84.4,0.0,75.31,54.65,0.00,26.5,0.0,0.000,795.6,22.0,8,1774.3,35374.3,20.0
2026-02-03 22:43:16.562,4074.05,28.28,375,0.000,0.00,0.00,0.0,84.4,0.0,75.31,54.65,0.00,26.5,0.0,0.000,795.6,22.0,8,1782.2,35382.2,20.0
2026-02-03 22:43:16.612,4075.05,28.06,372,0.000,0.00,0.00,0.0,84.4,0.0,75.31,54.65,0.00,26.5,0.0,0.000,795.6,22.0,8,1790.0,35390.0,20.0
2026-02-03 22:43:16.662,4076.05,27.84,369,0.000,0.00,0.00,0.0,84.4,0.0,75.31,54.65,0.00,26.5,0.0,0.000,795.6,22.0,8,1797.7,35397.7,20.0
2026-02-03 22:43:16.712,4077.05,27.63,366,0.000,0.00,0.00,0.0,84.4,0.0,75.31,54.65,0.00,26.5,0.0,0.000,795.6,22.0,8,1805.4,35405.4,20.0
2026-02-03 22:43:16.761,4078.05,27.41,363,0.000,0.00,0.00,0.0,84.4,0.0,75.31,54.65,0.00,26.5,0.0,0.000,795.6,22.0,8,1813.0,35413.0,20.0
2026-02-03 22:43:16.812,4079.05,27.20,360,0.000,0.00,0.00,0.0,84.4,0.0,75.31,54.65,0.00,26.5,0.0,0.000,795.6,22.0,8,1820.6,35420.6,20.0
2026-02-03 22:43:16.862,4080.05,26.99,357,0.000,0.00,0.00,0.0,84.4,0.0,75.31,54.65,0.00,26.5,0.0,0.000,795.6,22.0,8,1828.1,35428.1,20.0
2026-02-03 22:43:16.912,4081.05,27.08,359,2.944,6.13,0.00,122.5,89.5,0.0,75.30,54.34,6.13,26.5,333.3,0.292,795.5,22.0,8,1835.6,35435.6,20.0
2026-02-03 22:43:16.962,4082.05,26.87,356,0.000,0.00,0.00,0.0,84.4,0.0,75.30,54.65,0.00,26.5,0.0,0.000,795.5,22.0,8,1843.1,35443.1,20.0
2026-02-03 22:43:17.012,4083.05,26.97,357,2.962,6.17,0.00,122.7,89.5,0.0,75.29,54.34,6.17,26.5,335.4,0.294,795.4,22.0,8,1850.5,35450.5,20.0
2026-02-03 22:43:17.062,4084.05,27.07,359,2.946,6.14,0.00,122.5,89.5,0.0,75.28,54.34,6.14,26.5,333.5,0.292,795.3,22.0,8,1858.1,35458.1,20.0
2026-02-03 22:43:17.112,4085.05,26.86,356,0.000,0.00,0.00,0.0,84.4,0.0,75.28,54.65,0.00,26.5,0.0,0.000,795.3,22.0,8,1865.5,35465.5,20.0
2026-02-03 22:43:17.161,4086.05,26.96,357,2.964,6.18,0.00,122.7,89.5,0.0,75.27,54.34,6.18,26.5,335.6,0.294,795.2,22.0,8,1873.0,35473.0,20.0
2026-02-03 22:43:17.212,4087.05,27.06,358,2.948,6.14,0.00,122.6,89.5,0.0,75.27,54.34,6.14,26.5,333.7,0.292,795.1,22.0,8,1880.5,35480.5,20.0
2026-02-03 22:43:17.262,4088.05,26.85,356,0.000,0.00,0.00,0.0,84.4,0.0,75.27,54.64,0.00,26.5,0.0,0.000,795.1,22.0,8,1888.0,35488.0,20.0
2026-02-03 22:43:17.312,4089.05,26.95,357,2.966,6.18,0.00,122.8,89.5,0.0,75.26,54.33,6.18,26.5,335.8,0.294,795.0,22.0,8,1895.5,35495.5,20.0
2026-02-03 22:43:17.362,4090.05,27.05,358,2.950,6.15,0.00,122.6,89.5,0.0,75.25,54.33,6.15,26.5,333.9,0.293,794.9,22.0,8,1903.0,35503.0,20.0
2026-02-03 22:43:17.411,4091.05,27.27,361,4.092,8.53,0.00,168.4,90.7,0.0,75.24,54.21,8.53,26.5,462.2,0.406,794.8,22.0,8,1910.6,35510.6,20.0
2026-02-03 22:43:17.462,4092.05,27.48,364,4.043,8.42,0.00,167.9,90.7,0.0,75.23,54.22,8.42,26.5,456.6,0.401,794.7,22.0,8,1918.2,35518.2,20.0
2026-02-03 22:43:17.512,4093.05,27.68,367,3.919,8.16,0.00,164.2,90.5,0.0,75.22,54.23,8.16,26.5,442.8,0.389,794.5,22.0,8,1925.9,35525.9,20.0
2026-02-03 22:43:17.562,4094.05,27.87,369,3.800,7.92,0.00,160.6,90.4,0.0,75.21,54.24,7.92,26.5,429.4,0.377,794.4,22.0,8,1933.6,35533.6,20.0
2026-02-03 22:43:17.612,4095.05,28.05,372,3.760,7.83,0.00,160.1,90.4,0.0,75.20,54.24,7.83,26.5,424.9,0.373,794.3,22.0,8,1941.4,35541.4,20.0
2026-02-03 22:43:17.661,4096.05,28.14,373,2.845,5.93,0.00,121.8,90.4,0.0,75.19,54.34,5.93,26.5,322.0,0.282,794.2,22.0,8,1949.2,35549.2,20.0
2026-02-03 22:43:17.712,4097.05,28.22,374,2.831,5.90,0.00,121.6,90.4,0.0,75.18,54.34,5.90,26.5,320.4,0.281,794.1,22.0,8,1957.1,35557.1,20.0
2026-02-03 22:43:17.762,4098.05,28.30,375,2.817,5.87,0.00,121.4,90.4,0.0,75.17,54.34,5.87,26.5,318.9,0.279,794.0,22.0,8,1964.9,35564.9,20.0
2026-02-03 22:43:17.812,4099.05,28.38,376,2.803,5.84,0.00,121.2,90.4,0.0,75.16,54.34,5.84,26.5,317.3,0.278,793.9,22.0,8,1972.8,35572.8,20.0
2026-02-03 22:43:17.861,4100.05,28.46,377,2.790,5.81,0.00,121.0,90.4,0.0,75.16,54.34,5.81,26.5,315.8,0.277,793.9,22.0,8,1980.7,35580.7,20.0
2026-02-03 22:43:17.911,4101.05,28.54,378,2.777,5.79,0.00,120.8,90.3,0.0,75.15,54.34,5.79,26.5,314.4,0.276,793.8,22.0,8,1988.7,35588.7,20.0
2026-02-03 22:43:17.962,4102.05,28.61,379,2.764,5.76,0.00,120.6,90.3,0.0,75.14,54.34,5.76,26.5,312.9,0.274,793.7,22.0,8,1996.6,35596.6,20.0
2026-02-03 22:43:18.012,4103.05,28.69,380,2.752,5.73,0.00,120.4,90.3,0.0,75.13,54.34,5.73,26.5,311.5,0.273,793.6,22.0,8,2004.6,35604.6,20.0
2026-02-03 22:43:18.062,4104.05,28.76,381,2.740,5.71,0.00,120.1,90.3,0.0,75.13,54.34,5.71,26.5,310.1,0.272,793.5,22.0,8,2012.6,35612.6,20.0
2026-02-03 22:43:18.111,4105.05,28.83,382,2.728,5.68,0.00,119.9,90.3,0.0,75.12,54.34,5.68,26.5,308.8,0.271,793.4,22.0,8,2020.6,35620.6,20.0
2026-02-03 22:43:18.161,4106.05,28.90,383,2.716,5.66,0.00,119.7,90.3,0.0,75.11,54.34,5.66,26.5,307.5,0.269,793.3,22.0,8,2028.6,35628.6,20.0
2026-02-03 22:43:18.212,4107.05,28.97,384,2.705,5.63,0.00,119.5,90.3,0.0,75.10,54.34,5.63,26.5,306.2,0.268,793.2,22.0,8,2036.6,35636.6,20.0
2026-02-03 22:43:18.262,4108.05,29.03,385,2.693,5.61,0.00,119.3,90.3,0.0,75.10,54.34,5.61,26.5,304.9,0.267,793.2,22.0,8,2044.7,35644.7,20.0
2026-02-03 22:43:18.312,4109.05,29.10,385,2.682,5.59,0.00,119.1,90.2,0.0,75.09,54.34,5.59,26.5,303.6,0.266,793.1,22.0,8,2052.8,35652.8,20.0
2026-02-03 22:43:18.361,4110.05,29.16,386,2.671,5.57,0.00,118.9,90.2,0.0,75.08,54.34,5.57,26.5,302.4,0.265,793.0,22.0,8,2060.9,35660.9,20.0
2026-02-03 22:43:18.412,4111.05,29.23,387,2.661,5.54,0.00,118.7,90.2,0.0,75.07,54.34,5.54,26.5,301.2,0.264,792.9,22.0,8,2069.0,35669.0,20.0
2026-02-03 22:43:18.462,4112.05,29.29,388,2.651,5.52,0.00,118.5,90.2,0.0,75.07,54.34,5.52,26.5,300.0,0.263,792.8,22.0,8,2077.1,35677.1,20.0
2026-02-03 22:43:18.512,4113.05,29.35,389,2.640,5.50,0.00,118.3,90.2,0.0,75.06,54.34,5.50,26.5,298.9,0.262,792.7,22.0,8,2085.3,35685.3,20.0
2026-02-03 22:43:18.561,4114.05,29.41,390,2.630,5.48,0.00,118.2,90.2,0.0,75.05,54.33,5.48,26.5,297.8,0.261,792.7,22.0,8,2093.5,35693.5,20.0
2026-02-03 22:43:18.611,4115.05,29.46,390,2.621,5.46,0.00,118.0,90.2,0.0,75.05,54.33,5.46,26.5,296.7,0.260,792.6,22.0,8,2101.6,35701.6,20.0
2026-02-03 22:43:18.662,4116.05,29.52,391,2.611,5.44,0.00,117.8,90.2,0.0,75.04,54.33,5.44,26.5,295.6,0.259,792.5,22.0,8,2109.8,35709.8,20.0
2026-02-03 22:43:18.712,4117.05,29.58,392,2.602,5.42,0.00,117.6,90.2,0.0,75.03,54.33,5.42,26.5,294.5,0.258,792.4,22.0,8,2118.1,35718.1,20.0
2026-02-03 22:43:18.762,4118.05,29.63,392,2.593,5.40,0.00,117.4,90.1,0.0,75.02,54.33,5.40,26.5,293.5,0.257,792.3,22.0,8,2126.3,35726.3,20.0
2026-02-03 22:43:18.812,4119.05,29.68,393,2.584,5.38,0.00,117.2,90.1,0.0,75.02,54.33,5.38,26.5,292.5,0.256,792.3,22.0,8,2134.5,35734.5,20.0
2026-02-03 22:43:18.862,4120.05,29.73,394,2.575,5.36,0.00,117.1,90.1,0.0,75.01,54.33,5.36,26.5,291.5,0.255,792.2,22.0,8,2142.8,35742.8,20.0
2026-02-03 22:43:18.912,4121.05,29.79,395,2.566,5.35,0.00,116.9,90.1,0.0,75.00,54.33,5.35,26.5,290.5,0.255,792.1,22.0,8,2151.1,35751.1,20.0
2026-02-03 22:43:18.962,4122.05,29.84,395,2.558,5.33,0.00,116.7,90.1,0.0,75.00,54.33,5.33,26.5,289.5,0.254,792.0,22.0,8,2159.4,35759.4,20.0
2026-02-03 22:43:19.011,4123.05,29.88,396,2.550,5.31,0.00,116.5,90.1,0.0,74.99,54.33,5.31,26.5,288.6,0.253,791.9,22.0,8,2167.7,35767.7,20.0
2026-02-03 22:43:19.061,4124.05,29.93,396,2.542,5.29,0.00,116.4,90.1,0.0,74.98,54.33,5.29,26.5,287.7,0.252,791.9,22.0,8,2176.0,35776.0,20.0
2026-02-03 22:43:19.112,4125.05,29.98,397,2.534,5.28,0.00,116.2,90.1,0.0,74.97,54.33,5.28,26.5,286.8,0.251,791.8,22.0,8,2184.3,35784.3,20.0
2026-02-03 22:43:19.162,4126.05,30.02,398,2.526,5.26,0.00,116.0,90.1,0.0,74.97,54.33,5.26,26.5,285.9,0.251,791.7,22.0,8,2192.6,35792.6,20.0
2026-02-03 22:43:19.212,4127.05,30.08,398,2.583,5.38,0.00,118.8,90.1,0.0,74.96,54.32,5.38,26.5,292.3,0.256,791.6,22.0,8,2201.0,35801.0,20.0
2026-02-03 22:43:19.261,4128.05,30.33,402,4.505,9.38,0.00,205.2,91.2,0.0,74.95,54.12,9.38,26.5,507.9,0.447,791.5,22.0,8,2209.4,35809.4,20.0
2026-02-03 22:43:19.312,4129.05,30.58,405,4.429,9.23,0.00,203.7,91.1,0.0,74.94,54.13,9.23,26.5,499.4,0.439,791.3,22.0,8,2217.9,35817.9,20.0
2026-02-03 22:43:19.362,4130.05,30.82,408,4.356,9.07,0.00,202.1,91.0,0.0,74.92,54.13,9.07,26.5,491.2,0.432,791.2,22.0,8,2226.5,35826.5,20.0
2026-02-03 22:43:19.412,4131.05,31.05,411,4.285,8.93,0.00,200.5,90.9,0.0,74.91,54.14,8.93,26.5,483.3,0.425,791.1,22.0,8,2235.1,35835.1,20.0
2026-02-03 22:43:19.462,4132.05,31.27,414,4.217,8.78,0.00,198.9,90.9,0.0,74.90,54.14,8.78,26.5,475.7,0.418,790.9,22.0,8,2243.8,35843.8,20.0
2026-02-03 22:43:19.511,4133.05,31.48,417,4.151,8.65,0.00,197.4,90.8,0.0,74.89,54.15,8.65,26.5,468.3,0.412,790.8,22.0,8,2252.5,35852.5,20.0
2026-02-03 22:43:19.562,4134.05,31.69,420,4.087,8.52,0.00,195.8,90.7,0.0,74.88,54.15,8.52,26.5,461.1,0.405,790.7,22.0,8,2261.3,35861.3,20.0
2026-02-03 22:43:19.612,4135.05,31.88,422,3.968,8.27,0.00,191.6,90.6,0.0,74.87,54.16,8.27,26.5,447.8,0.394,790.5,22.0,8,2270.2,35870.2,20.0
2026-02-03 22:43:19.662,4136.05,32.07,425,3.912,8.15,0.00,190.2,90.5,0.0,74.86,54.17,8.15,26.5,441.5,0.388,790.4,22.0,8,2279.1,35879.1,20.0
2026-02-03 22:43:19.712,4137.05,32.24,427,3.801,7.92,0.00,186.1,90.4,0.0,74.85,54.18,7.92,26.5,429.0,0.377,790.3,22.0,8,2288.1,35888.1,20.0
2026-02-03 22:43:19.761,4138.05,32.41,429,3.751,7.81,0.00,184.8,90.4,0.0,74.84,54.18,7.81,26.5,423.4,0.372,790.2,22.0,8,2297.1,35897.1,20.0
2026-02-03 22:43:19.811,4139.05,32.57,431,3.648,7.60,0.00,180.8,90.3,0.0,74.83,54.19,7.60,26.5,411.8,0.362,790.1,22.0,8,2306.1,35906.1,20.0
2026-02-03 22:43:19.862,4140.05,32.72,433,3.603,7.51,0.00,179.6,90.2,0.0,74.82,54.19,7.51,26.5,406.8,0.357,790.0,22.0,8,2315.2,35915.2,20.0
2026-02-03 22:43:19.912,4141.05,32.86,435,3.507,7.31,0.00,175.8,90.1,0.0,74.81,54.20,7.31,26.5,396.0,0.348,789.8,22.0,8,2324.3,35924.3,20.0
2026-02-03 22:43:19.962,4142.05,33.00,437,3.467,7.22,0.00,174.6,90.1,0.0,74.80,54.20,7.22,26.5,391.5,0.344,789.7,22.0,8,2333.5,35933.5,20.0
2026-02-03 22:43:20.012,4143.05,33.13,439,3.429,7.14,0.00,173.5,90.0,0.0,74.79,54.21,7.14,26.5,387.2,0.340,789.6,22.0,8,2342.7,35942.7,20.0
2026-02-03 22:43:20.061,4144.05,33.25,441,3.341,6.96,0.00,169.9,89.9,0.0,74.78,54.21,6.96,26.5,377.3,0.331,789.5,22.0,8,2351.9,35951.9,20.0
2026-02-03 22:43:20.112,4145.05,33.37,442,3.307,6.89,0.00,168.9,89.9,0.0,74.77,54.22,6.89,26.5,373.5,0.328,789.4,22.0,8,2361.2,35961.2,20.0
2026-02-03 22:43:20.162,4146.05,33.48,444,3.224,6.72,0.00,165.4,89.8,0.0,74.76,54.22,6.72,26.5,364.2,0.320,789.3,22.0,8,2370.5,35970.5,20.0
2026-02-03 22:43:20.212,4147.05,33.58,445,3.194,6.65,0.00,164.4,89.8,0.0,74.75,54.23,6.65,26.5,360.9,0.317,789.2,22.0,8,2379.8,35979.8,20.0
2026-02-03 22:43:20.262,4148.05,33.69,446,3.166,6.60,0.00,163.5,89.8,0.0,74.74,54.23,6.60,26.5,357.6,0.314,789.1,22.0,8,2389.2,35989.2,20.0
2026-02-03 22:43:20.311,4149.05,33.78,448,3.089,6.44,0.00,160.2,89.7,0.0,74.73,54.23,6.44,26.5,349.0,0.306,789.0,22.0,8,2398.6,35998.6,20.0
2026-02-03 22:43:20.362,4150.05,33.87,449,3.064,6.38,0.00,159.4,89.6,0.0,74.72,54.23,6.38,26.5,346.2,0.304,788.9,22.0,8,2408.0,36008.0,20.0
2026-02-03 22:43:20.412,4151.05,33.96,450,3.040,6.33,0.00,158.6,89.6,0.0,74.72,54.24,6.33,26.5,343.4,0.302,788.8,22.0,8,2417.4,36017.4,20.0
2026-02-03 22:43:20.462,4152.05,34.04,451,3.016,6.28,0.00,157.8,89.6,0.0,74.71,54.24,6.28,26.5,340.8,0.299,788.7,22.0,8,2426.9,36026.9,20.0
2026-02-03 22:43:20.512,4153.05,34.12,452,2.946,6.14,0.00,154.6,89.5,0.0,74.70,54.24,6.14,26.5,332.9,0.292,788.6,22.0,8,2436.3,36036.3,20.0
2026-02-03 22:43:20.561,4154.05,34.20,453,2.925,6.09,0.00,154.0,89.5,0.0,74.69,54.24,6.09,26.5,330.6,0.290,788.6,22.0,8,2445.8,36045.8,20.0
2026-02-03 22:43:20.612,4155.05,34.27,454,2.906,6.05,0.00,153.3,89.5,0.0,74.68,54.24,6.05,26.5,328.4,0.288,788.5,22.0,8,2455.4,36055.4,20.0
2026-02-03 22:43:20.662,4156.05,34.34,455,2.887,6.01,0.00,152.6,89.5,0.0,74.68,54.24,6.01,26.5,326.2,0.286,788.4,22.0,8,2464.9,36064.9,20.0
2026-02-03 22:43:20.712,4157.05,34.40,456,2.822,5.88,0.00,148.0,90.4,0.0,74.67,54.25,5.88,26.5,318.9,0.280,788.3,22.0,8,2474.4,36074.4,20.0
2026-02-03 22:43:20.761,4158.05,34.46,457,2.806,5.84,0.00,147.4,90.4,0.0,74.66,54.25,5.84,26.5,317.1,0.278,788.2,22.0,8,2484.0,36084.0,20.0
2026-02-03 22:43:20.812,4159.05,34.52,457,2.790,5.81,0.00,146.9,90.4,0.0,74.65,54.25,5.81,26.5,315.3,0.277,788.1,22.0,8,2493.6,36093.6,20.0
2026-02-03 22:43:20.862,4160.05,34.58,458,2.774,5.78,0.00,146.4,90.3,0.0,74.65,54.25,5.78,26.5,313.6,0.275,788.0,22.0,8,2503.2,36103.2,20.0
2026-02-03 22:43:20.912,4161.05,34.64,459,2.759,5.75,0.00,145.8,90.3,0.0,74.64,54.25,5.75,26.5,311.9,0.274,787.9,22.0,8,2512.8,36112.8,20.0
2026-02-03 22:43:20.962,4162.05,34.69,460,2.745,5.72,0.00,145.3,90.3,0.0,74.63,54.25,5.72,26.6,310.3,0.272,787.9,22.0,8,2522.5,36122.5,20.0
2026-02-03 22:43:21.012,4163.05,34.74,460,2.686,5.60,0.00,142.5,90.2,0.0,74.62,54.26,5.60,26.6,303.6,0.266,787.8,22.0,8,2532.1,36132.1,20.0
2026-02-03 22:43:21.062,4164.05,34.78,461,2.674,5.57,0.00,142.1,90.2,0.0,74.62,54.26,5.57,26.6,302.3,0.265,787.7,22.0,8,2541.8,36141.8,20.0
2026-02-03 22:43:21.112,4165.05,34.83,461,2.662,5.55,0.00,141.7,90.2,0.0,74.61,54.26,5.55,26.6,300.9,0.264,787.6,22.0,8,2551.5,36151.5,20.0
2026-02-03 22:43:21.162,4166.05,34.87,462,2.651,5.52,0.00,141.3,90.2,0.0,74.60,54.26,5.52,26.6,299.6,0.263,787.5,22.0,8,2561.1,36161.1,20.0
2026-02-03 22:43:21.211,4167.05,34.91,463,2.640,5.50,0.00,140.9,90.2,0.0,74.59,54.26,5.50,26.6,298.4,0.262,787.4,22.0,8,2570.8,36170.8,20.0
2026-02-03 22:43:21.262,4168.05,34.96,463,2.629,5.48,0.00,140.5,90.2,0.0,74.59,54.26,5.48,26.5,297.2,0.261,787.3,22.0,8,2580.6,36180.6,20.0
2026-02-03 22:43:21.312,4169.05,34.99,464,2.619,5.46,0.00,140.1,90.2,0.0,74.58,54.26,5.46,26.5,296.0,0.260,787.3,22.0,8,2590.3,36190.3,20.0
2026-02-03 22:43:21.362,4170.05,35.03,464,2.609,5.43,0.00,139.8,90.2,0.0,74.57,54.26,5.43,26.5,294.9,0.259,787.2,22.0,8,2600.0,36200.0,20.0
2026-02-03 22:43:21.412,4171.05,35.07,465,2.556,5.32,0.00,137.2,90.1,0.0,74.56,54.26,5.32,26.5,288.9,0.254,787.1,22.0,8,2609.7,36209.7,20.0
2026-02-03 22:43:21.461,4172.05,35.10,465,2.547,5.31,0.00,136.9,90.1,0.0,74.56,54.26,5.31,26.5,288.0,0.253,787.0,22.0,8,2619.5,36219.5,20.0
2026-02-03 22:43:21.512,4173.05,35.13,465,2.540,5.29,0.00,136.6,90.1,0.0,74.55,54.26,5.29,26.5,287.1,0.252,786.9,22.0,8,2629.3,36229.3,20.0
2026-02-03 22:43:21.562,4174.05,35.16,466,2.532,5.27,0.00,136.3,90.1,0.0,74.54,54.26,5.27,26.5,286.2,0.251,786.9,22.0,8,2639.0,36239.0,20.0
2026-02-03 22:43:21.612,4175.05,35.19,466,2.524,5.26,0.00,136.0,90.1,0.0,74.54,54.26,5.26,26.5,285.4,0.250,786.8,22.0,8,2648.8,36248.8,20.0
2026-02-03 22:43:21.662,4176.05,35.21,467,2.517,5.24,0.00,135.7,90.1,0.0,74.53,54.26,5.24,26.5,284.5,0.250,786.7,22.0,8,2658.6,36258.6,20.0
2026-02-03 22:43:21.711,4177.05,35.24,467,2.510,5.23,0.00,135.5,90.1,0.0,74.52,54.26,5.23,26.5,283.7,0.249,786.6,22.0,8,2668.4,36268.4,20.0
2026-02-03 22:43:21.762,4178.05,35.27,467,2.503,5.22,0.00,135.2,90.1,0.0,74.52,54.26,5.22,26.5,283.0,0.248,786.6,22.0,8,2678.2,36278.2,20.0
2026-02-03 22:43:21.812,4179.05,35.29,468,2.497,5.20,0.00,135.0,90.0,0.0,74.51,54.26,5.20,26.5,282.2,0.248,786.5,22.0,8,2688.0,36288.0,20.0
2026-02-03 22:43:21.862,4180.05,35.32,468,2.490,5.19,0.00,134.7,90.0,0.0,74.50,54.26,5.19,26.5,281.5,0.247,786.4,22.0,8,2697.8,36297.8,20.0
2026-02-03 22:43:21.911,4181.05,35.34,468,2.484,5.18,0.00,134.5,90.0,0.0,74.50,54.26,5.18,26.5,280.8,0.246,786.3,22.0,8,2707.6,36307.6,20.0
2026-02-03 22:43:21.961,4182.05,35.36,468,2.436,5.08,0.00,132.1,90.0,0.0,74.49,54.26,5.08,26.5,275.4,0.242,786.2,22.0,8,2717.4,36317.4,20.0
2026-02-03 22:43:22.012,4183.05,35.38,469,2.432,5.07,0.00,131.9,90.0,0.0,74.48,54.26,5.07,26.5,274.9,0.241,786.2,22.0,8,2727.2,36327.2,20.0
2026-02-03 22:43:22.062,4184.05,35.32,468,1.674,3.49,0.00,91.6,89.2,0.0,74.48,54.34,3.49,26.5,189.5,0.166,786.1,22.0,8,2737.1,36337.1,20.0
2026-02-03 22:43:22.112,4185.05,35.26,467,1.684,3.51,0.00,92.1,89.2,0.0,74.47,54.34,3.51,26.5,190.7,0.167,786.1,22.0,8,2746.8,36346.8,20.0
2026-02-03 22:43:22.162,4186.05,35.20,466,1.695,3.53,0.00,92.4,89.2,0.0,74.47,54.33,3.53,26.5,191.8,0.168,786.0,22.0,8,2756.6,36356.6,20.0
2026-02-03 22:43:22.211,4187.05,35.14,466,1.705,3.55,0.00,92.8,89.2,0.0,74.46,54.33,3.55,26.5,193.0,0.169,786.0,22.0,8,2766.4,36366.4,20.0
2026-02-03 22:43:22.262,4188.05,35.08,465,1.715,3.57,0.00,93.2,89.2,0.0,74.46,54.33,3.57,26.5,194.1,0.170,785.9,22.0,8,2776.1,36376.1,20.0
2026-02-03 22:43:22.312,4189.05,35.03,464,1.724,3.59,0.00,93.6,89.2,0.0,74.45,54.33,3.59,26.5,195.2,0.171,785.8,22.0,8,2785.9,36385.9,20.0
2026-02-03 22:43:22.362,4190.05,34.97,463,1.734,3.61,0.00,93.9,89.2,0.0,74.45,54.33,3.61,26.5,196.2,0.172,785.8,22.0,8,2795.6,36395.6,20.0
2026-02-03 22:43:22.412,4191.05,34.92,463,1.743,3.63,0.00,94.3,89.2,0.0,74.44,54.33,3.63,26.5,197.3,0.173,785.7,22.0,8,2805.3,36405.3,20.0
2026-02-03 22:43:22.461,4192.05,34.87,462,1.752,3.65,0.00,94.6,89.3,0.0,74.44,54.32,3.65,26.5,198.3,0.174,785.7,22.0,8,2815.0,36415.0,20.0
2026-02-03 22:43:22.512,4193.05,34.82,461,1.761,3.67,0.00,94.9,89.3,0.0,74.43,54.32,3.67,26.5,199.3,0.175,785.6,22.0,8,2824.6,36424.6,20.0
2026-02-03 22:43:22.562,4194.05,34.77,461,1.769,3.69,0.00,95.2,89.3,0.0,74.43,54.32,3.69,26.5,200.2,0.176,785.6,22.0,8,2834.3,36434.3,20.0
2026-02-03 22:43:22.612,4195.05,34.72,460,1.778,3.70,0.00,95.5,89.3,0.0,74.42,54.32,3.70,26.5,201.2,0.176,785.5,22.0,8,2843.9,36443.9,20.0
2026-02-03 22:43:22.662,4196.05,34.67,459,1.786,3.72,0.00,95.8,89.3,0.0,74.42,54.32,3.72,26.5,202.1,0.177,785.5,22.0,8,2853.6,36453.6,20.0
2026-02-03 22:43:22.712,4197.05,34.62,459,1.794,3.74,0.00,96.1,89.3,0.0,74.42,54.31,3.74,26.5,203.0,0.178,785.4,22.0,8,2863.2,36463.2,20.0
2026-02-03 22:43:22.761,4198.05,34.58,458,1.802,3.75,0.00,96.4,89.3,0.0,74.41,54.31,3.75,26.5,203.9,0.179,785.3,22.0,8,2872.8,36472.8,20.0
2026-02-03 22:43:22.812,4199.05,34.53,458,1.810,3.77,0.00,96.7,89.3,0.0,74.41,54.31,3.77,26.5,204.8,0.180,785.3,22.0,8,2882.4,36482.4,20.0
2026-02-03 22:43:22.862,4200.05,34.49,457,1.818,3.79,0.00,97.0,89.3,0.0,74.40,54.31,3.79,26.5,205.7,0.180,785.2,22.0,8,2892.0,36492.0,20.0
2026-02-03 22:43:22.912,4201.05,34.45,456,1.825,3.80,0.00,97.2,89.3,0.0,74.40,54.31,3.80,26.5,206.5,0.181,785.2,22.0,8,2901.5,36501.5,20.0
2026-02-03 22:43:22.961,4202.05,34.40,456,1.832,3.82,0.00,97.5,89.3,0.0,74.39,54.31,3.82,26.5,207.3,0.182,785.1,22.0,8,2911.1,36511.1,20.0
2026-02-03 22:43:23.012,4203.05,34.36,455,1.839,3.83,0.00,97.8,89.4,0.0,74.38,54.31,3.83,26.5,208.1,0.182,785.1,22.0,8,2920.6,36520.6,20.0
2026-02-03 22:43:23.062,4204.05,34.32,455,1.846,3.85,0.00,98.0,89.4,0.0,74.38,54.30,3.85,26.5,208.9,0.183,785.0,22.0,8,2930.2,36530.2,20.0
2026-02-03 22:43:23.112,4205.05,34.28,454,1.853,3.86,0.00,98.2,89.4,0.0,74.37,54.30,3.86,26.5,209.7,0.184,784.9,22.0,8,2939.7,36539.7,20.0
2026-02-03 22:43:23.161,4206.05,34.24,454,1.860,3.87,0.00,98.5,89.4,0.0,74.37,54.30,3.87,26.5,210.4,0.185,784.9,22.0,8,2949.2,36549.2,20.0
2026-02-03 22:43:23.212,4207.05,34.21,453,1.866,3.89,0.00,98.7,89.4,0.0,74.36,54.30,3.89,26.5,211.1,0.185,784.8,22.0,8,2958.7,36558.7,20.0
2026-02-03 22:43:23.262,4208.05,34.17,453,1.873,3.90,0.00,98.9,89.4,0.0,74.36,54.30,3.90,26.5,211.9,0.186,784.8,22.0,8,2968.2,36568.2,20.0
2026-02-03 22:43:23.312,4209.05,34.13,452,1.879,3.91,0.00,99.1,89.4,0.0,74.35,54.30,3.91,26.5,212.6,0.186,784.7,22.0,8,2977.7,36577.7,20.0
2026-02-03 22:43:23.361,4210.05,34.10,452,1.885,3.93,0.00,99.3,89.4,0.0,74.35,54.29,3.93,26.5,213.2,0.187,784.6,22.0,8,2987.1,36587.1,20.0
2026-02-03 22:43:23.412,4211.05,34.06,451,1.891,3.94,0.00,99.6,89.4,0.0,74.34,54.29,3.94,26.5,213.9,0.188,784.6,22.0,8,2996.6,36596.6,20.0
2026-02-03 22:43:23.462,4212.05,34.03,451,1.897,3.95,0.00,99.8,89.4,0.0,74.34,54.29,3.95,26.5,214.6,0.188,784.5,22.0,8,3006.1,36606.1,20.0
2026-02-03 22:43:23.512,4213.05,34.08,451,2.664,5.55,0.00,138.7,90.2,0.0,74.33,54.21,5.55,26.5,300.9,0.264,784.4,22.0,8,3015.5,36615.5,20.0
2026-02-03 22:43:23.562,4214.05,34.12,452,2.653,5.53,0.00,138.3,90.2,0.0,74.32,54.21,5.53,26.5,299.6,0.263,784.4,22.0,8,3025.0,36625.0,20.0
2026-02-03 22:43:23.612,4215.05,34.17,453,2.642,5.50,0.00,138.0,90.2,0.0,74.32,54.21,5.50,26.5,298.3,0.262,784.3,22.0,8,3034.5,36634.5,20.0
2026-02-03 22:43:23.662,4216.05,34.21,453,2.631,5.48,0.00,137.6,90.2,0.0,74.31,54.21,5.48,26.5,297.1,0.261,784.2,22.0,8,3044.0,36644.0,20.0
2026-02-03 22:43:23.712,4217.05,34.26,454,2.621,5.46,0.00,137.2,90.2,0.0,74.30,54.21,5.46,26.5,296.0,0.260,784.1,22.0,8,3053.5,36653.5,20.0
2026-02-03 22:43:23.762,4218.05,34.30,454,2.611,5.44,0.00,136.9,90.2,0.0,74.29,54.21,5.44,26.5,294.8,0.259,784.0,22.0,8,3063.0,36663.0,20.0
2026-02-03 22:43:23.811,4219.05,34.34,455,2.601,5.42,0.00,136.6,90.2,0.0,74.29,54.21,5.42,26.5,293.7,0.258,783.9,22.0,8,3072.6,36672.6,20.0
2026-02-03 22:43:23.862,4220.05,34.37,455,2.545,5.30,0.00,133.9,90.1,0.0,74.28,54.21,5.30,26.5,287.4,0.252,783.9,22.0,8,3082.1,36682.1,20.0
2026-02-03 22:43:23.912,4221.05,34.40,456,2.537,5.29,0.00,133.6,90.1,0.0,74.27,54.21,5.29,26.5,286.6,0.252,783.8,22.0,8,3091.7,36691.7,20.0
2026-02-03 22:43:23.962,4222.05,34.44,456,2.529,5.27,0.00,133.3,90.1,0.0,74.27,54.21,5.27,26.5,285.7,0.251,783.7,22.0,8,3101.3,36701.3,20.0
2026-02-03 22:43:24.012,4223.05,34.47,457,2.522,5.25,0.00,133.1,90.1,0.0,74.26,54.21,5.25,26.5,284.8,0.250,783.6,22.0,8,3110.8,36710.8,20.0
2026-02-03 22:43:24.061,4224.05,34.50,457,2.515,5.24,0.00,132.8,90.1,0.0,74.25,54.21,5.24,26.5,284.0,0.249,783.6,22.0,8,3120.4,36720.4,20.0
2026-02-03 22:43:24.112,4225.05,34.53,457,2.508,5.22,0.00,132.6,90.1,0.0,74.25,54.21,5.22,26.5,283.2,0.249,783.5,22.0,8,3130.0,36730.0,20.0
2026-02-03 22:43:24.162,4226.05,34.55,458,2.501,5.21,0.00,132.4,90.1,0.0,74.24,54.21,5.21,26.5,282.4,0.248,783.4,22.0,8,3139.6,36739.6,20.0
2026-02-03 22:43:24.212,4227.05,34.58,458,2.494,5.20,0.00,132.1,90.0,0.0,74.23,54.21,5.20,26.5,281.7,0.247,783.3,22.0,8,3149.2,36749.2,20.0
2026-02-03 22:43:24.262,4228.05,34.61,459,2.488,5.18,0.00,131.9,90.0,0.0,74.23,54.21,5.18,26.5,280.9,0.247,783.2,22.0,8,3158.8,36758.8,20.0
2026-02-03 22:43:24.312,4229.05,34.64,459,2.481,5.17,0.00,131.7,90.0,0.0,74.22,54.21,5.17,26.5,280.2,0.246,783.2,22.0,8,3168.4,36768.4,20.0
2026-02-03 22:43:24.362,4230.05,34.66,459,2.475,5.16,0.00,131.5,90.0,0.0,74.21,54.21,5.16,26.5,279.5,0.246,783.1,22.0,8,3178.1,36778.1,20.0
2026-02-03 22:43:24.412,4231.05,34.69,460,2.469,5.14,0.00,131.2,90.0,0.0,74.20,54.21,5.14,26.5,278.9,0.245,783.0,22.0,8,3187.7,36787.7,20.0
2026-02-03 22:43:24.462,4232.05,34.70,460,2.419,5.04,0.00,128.7,90.0,0.0,74.20,54.21,5.04,26.5,273.2,0.240,782.9,22.0,8,3197.3,36797.3,20.0
2026-02-03 22:43:24.511,4233.05,34.72,460,2.414,5.03,0.00,128.6,90.0,0.0,74.19,54.21,5.03,26.5,272.7,0.240,782.9,22.0,8,3207.0,36807.0,20.0
2026-02-03 22:43:24.562,4234.05,34.74,460,2.410,5.02,0.00,128.4,90.0,0.0,74.18,54.21,5.02,26.5,272.2,0.239,782.8,22.0,8,3216.6,36816.6,20.0
2026-02-03 22:43:24.612,4235.05,34.69,460,1.782,3.71,0.00,95.7,89.3,0.0,74.18,54.28,3.71,26.5,201.5,0.177,782.7,22.0,8,3226.3,36826.3,20.0
2026-02-03 22:43:24.662,4236.05,34.46,456,0.000,0.00,0.00,0.0,84.4,0.0,74.18,54.46,0.00,26.5,0.0,0.000,782.7,22.0,8,3235.8,36835.8,20.0
2026-02-03 22:43:24.711,4237.05,34.22,453,0.000,0.00,0.00,0.0,84.4,0.0,74.18,54.46,0.00,26.5,0.0,0.000,782.7,22.0,8,3245.4,36845.4,20.0
2026-02-03 22:43:24.761,4238.05,33.99,450,0.000,0.00,0.00,0.0,84.4,0.0,74.18,54.46,0.00,26.5,0.0,0.000,782.7,22.0,8,3254.8,36854.8,20.0
2026-02-03 22:43:24.812,4239.05,33.75,447,0.000,0.00,0.00,0.0,84.4,0.0,74.18,54.46,0.00,26.5,0.0,0.000,782.7,22.0,8,3264.2,36864.2,20.0
2026-02-03 22:43:24.862,4240.05,33.52,444,0.000,0.00,0.00,0.0,84.4,0.0,74.18,54.46,0.00,26.5,0.0,0.000,782.7,22.0,8,3273.5,36873.5,20.0
2026-02-03 22:43:24.912,4241.05,33.28,441,0.000,0.00,0.00,0.0,84.4,0.0,74.18,54.46,0.00,26.5,0.0,0.000,782.7,22.0,8,3282.7,36882.7,20.0
2026-02-03 22:43:24.961,4242.05,33.05,438,0.000,0.00,0.00,0.0,84.4,0.0,74.18,54.46,0.00,26.5,0.0,0.000,782.7,22.0,8,3291.9,36891.9,20.0
2026-02-03 22:43:25.012,4243.05,32.82,435,0.000,0.00,0.00,0.0,84.4,0.0,74.18,54.46,0.00,26.5,0.0,0.000,782.7,22.0,8,3301.0,36901.0,20.0
2026-02-03 22:43:25.062,4244.05,32.59,432,0.000,0.00,0.00,0.0,84.4,0.0,74.18,54.46,0.00,26.5,0.0,0.000,782.7,22.0,8,3310.1,36910.1,20.0
2026-02-03 22:43:25.112,4245.05,32.36,429,0.000,0.00,0.00,0.0,84.4,0.0,74.18,54.46,0.00,26.5,0.0,0.000,782.7,22.0,8,3319.1,36919.1,20.0
2026-02-03 22:43:25.162,4246.05,32.13,426,0.000,0.00,0.00,0.0,84.4,0.0,74.18,54.46,0.00,26.5,0.0,0.000,782.7,22.0,8,3328.0,36928.0,20.0
2026-02-03 22:43:25.211,4247.05,31.90,423,0.000,0.00,0.00,0.0,84.4,0.0,74.18,54.46,0.00,26.5,0.0,0.000,782.7,22.0,8,3336.9,36936.9,20.0
2026-02-03 22:43:25.262,4248.05,31.68,420,0.000,0.00,0.00,0.0,84.4,0.0,74.18,54.46,0.00,26.5,0.0,0.000,782.7,22.0,8,3345.6,36945.6,20.0
2026-02-03 22:43:25.312,4249.05,31.45,417,0.000,0.00,0.00,0.0,84.4,0.0,74.18,54.46,0.00,26.5,0.0,0.000,782.7,22.0,8,3354.4,36954.4,20.0
2026-02-03 22:43:25.362,4250.05,31.22,414,0.000,0.00,0.00,0.0,84.4,0.0,74.18,54.46,0.00,26.5,0.0,0.000,782.7,22.0,8,3363.1,36963.1,20.0
2026-02-03 22:43:25.412,4251.05,31.25,414,2.379,4.96,0.00,114.0,89.9,0.0,74.17,54.21,4.96,26.5,268.7,0.236,782.6,22.0,8,3371.7,36971.7,20.0
2026-02-03 22:43:25.462,4252.05,31.28,414,2.375,4.95,0.00,113.9,89.9,0.0,74.17,54.21,4.95,26.5,268.2,0.236,782.6,22.0,8,3380.4,36980.4,20.0
2026-02-03 22:43:25.512,4253.05,31.30,415,2.370,4.94,0.00,113.8,89.9,0.0,74.16,54.21,4.94,26.5,267.7,0.235,782.5,22.0,8,3389.1,36989.1,20.0
2026-02-03 22:43:25.562,4254.05,31.08,412,0.000,0.00,0.00,0.0,84.4,0.0,74.16,54.46,0.00,26.5,0.0,0.000,782.5,22.0,8,3397.8,36997.8,20.0
2026-02-03 22:43:25.612,4255.05,30.85,409,0.000,0.00,0.00,0.0,84.4,0.0,74.16,54.46,0.00,26.5,0.0,0.000,782.5,22.0,8,3406.3,37006.3,20.0
2026-02-03 22:43:25.662,4256.05,30.63,406,0.000,0.00,0.00,0.0,84.4,0.0,74.16,54.46,0.00,26.5,0.0,0.000,782.5,22.0,8,3414.8,37014.8,20.0
2026-02-03 22:43:25.711,4257.05,30.40,403,0.000,0.00,0.00,0.0,84.4,0.0,74.16,54.46,0.00,26.5,0.0,0.000,782.5,22.0,8,3423.3,37023.3,20.0
2026-02-03 22:43:25.761,4258.05,30.18,400,0.000,0.00,0.00,0.0,84.4,0.0,74.16,54.46,0.00,26.5,0.0,0.000,782.5,22.0,8,3431.7,37031.7,20.0
2026-02-03 22:43:25.812,4259.05,29.96,397,0.000,0.00,0.00,0.0,84.4,0.0,74.16,54.46,0.00,26.5,0.0,0.000,782.5,22.0,8,3440.0,37040.0,20.0
2026-02-03 22:43:25.862,4260.05,29.74,394,0.000,0.00,0.00,0.0,84.4,0.0,74.16,54.46,0.00,26.5,0.0,0.000,782.5,22.0,8,3448.2,37048.2,20.0
2026-02-03 22:43:25.912,4261.05,29.52,391,0.000,0.00,0.00,0.0,84.4,0.0,74.16,54.46,0.00,26.5,0.0,0.000,782.5,22.0,8,3456.4,37056.4,20.0
2026-02-03 22:43:25.961,4262.05,29.30,388,0.000,0.00,0.00,0.0,84.4,0.0,74.16,54.46,0.00,26.5,0.0,0.000,782.5,22.0,8,3464.6,37064.6,20.0
2026-02-03 22:43:26.012,4263.05,29.08,385,0.000,0.00,0.00,0.0,84.4,0.0,74.16,54.46,0.00,26.5,0.0,0.000,782.5,22.0,8,3472.7,37072.7,20.0
2026-02-03 22:43:26.062,4264.05,28.86,382,0.000,0.00,0.00,0.0,84.4,0.0,74.16,54.46,0.00,26.5,0.0,0.000,782.5,22.0,8,3480.7,37080.7,20.0
2026-02-03 22:43:26.112,4265.05,28.64,379,0.000,0.00,0.00,0.0,84.4,0.0,74.16,54.46,0.00,26.5,0.0,0.000,782.5,22.0,8,3488.6,37088.6,20.0
2026-02-03 22:43:26.162,4266.05,28.42,376,0.000,0.00,0.00,0.0,84.4,0.0,74.16,54.46,0.00,26.5,0.0,0.000,782.5,22.0,8,3496.5,37096.5,20.0
2026-02-03 22:43:26.211,4267.05,28.20,374,0.000,0.00,0.00,0.0,84.4,0.0,74.16,54.46,0.00,26.5,0.0,0.000,782.5,22.0,8,3504.4,37104.4,20.0
2026-02-03 22:43:26.262,4268.05,27.99,371,0.000,0.00,0.00,0.0,84.4,0.0,74.16,54.46,0.00,26.5,0.0,0.000,782.5,22.0,8,3512.1,37112.1,20.0
2026-02-03 22:43:26.312,4269.05,27.77,368,0.000,0.00,0.00,0.0,84.4,0.0,74.16,54.46,0.00,26.5,0.0,0.000,782.5,22.0,8,3519.8,37119.8,20.0
2026-02-03 22:43:26.362,4270.05,27.56,365,0.000,0.00,0.00,0.0,84.4,0.0,74.16,54.46,0.00,26.5,0.0,0.000,782.5,22.0,8,3527.5,37127.5,20.0
2026-02-03 22:43:26.412,4271.05,27.34,362,0.000,0.00,0.00,0.0,84.4,0.0,74.16,54.46,0.00,26.5,0.0,0.000,782.5,22.0,8,3535.1,37135.1,20.0
2026-02-03 22:43:26.461,4272.05,27.13,359,0.000,0.00,0.00,0.0,84.4,0.0,74.16,54.46,0.00,26.5,0.0,0.000,782.5,22.0,8,3542.6,37142.6,20.0
2026-02-03 22:43:26.512,4273.05,26.92,356,0.000,0.00,0.00,0.0,84.4,0.0,74.16,54.46,0.00,26.5,0.0,0.000,782.5,22.0,8,3550.1,37150.1,20.0
2026-02-03 22:43:26.562,4274.05,26.70,354,0.000,0.00,0.00,0.0,84.4,0.0,74.16,54.46,0.00,26.5,0.0,0.000,782.5,22.0,8,3557.5,37157.5,20.0
2026-02-03 22:43:26.612,4275.05,26.49,351,0.000,0.00,0.00,0.0,84.4,0.0,74.16,54.46,0.00,26.5,0.0,0.000,782.5,22.0,8,3564.9,37164.9,20.0
2026-02-03 22:43:26.662,4276.05,26.28,348,0.000,0.00,0.00,0.0,84.4,0.0,74.16,54.46,0.00,26.5,0.0,0.000,782.5,22.0,8,3572.2,37172.2,20.0
2026-02-03 22:43:26.712,4277.05,26.07,345,0.000,0.00,0.00,0.0,84.4,0.0,74.16,54.46,0.00,26.5,0.0,0.000,782.5,22.0,8,3579.4,37179.4,20.0
2026-02-03 22:43:26.761,4278.05,25.86,342,0.000,0.00,0.00,0.0,84.4,0.0,74.16,54.46,0.00,26.5,0.0,0.000,782.5,22.0,8,3586.6,37186.6,20.0
2026-02-03 22:43:26.812,4279.05,25.65,340,0.000,0.00,0.00,0.0,84.4,0.0,74.16,54.46,0.00,26.5,0.0,0.000,782.5,22.0,8,3593.7,37193.7,20.0
2026-02-03 22:43:26.862,4280.05,25.44,337,0.000,0.00,0.00,0.0,84.4,0.0,74.16,54.46,0.00,26.5,0.0,0.000,782.5,22.0,8,3600.8,37200.8,20.0
2026-02-03 22:43:26.912,4281.05,25.85,342,5.883,12.26,0.00,220.6,93.7,0.0,74.14,53.84,12.26,26.5,659.9,0.584,782.3,22.0,8,3608.0,37208.0,20.0
2026-02-03 22:43:26.962,4282.05,26.25,348,5.760,12.00,0.00,222.4,92.5,0.0,74.13,53.85,12.00,26.5,646.2,0.571,782.1,22.0,8,3615.3,37215.3,20.0
2026-02-03 22:43:27.011,4283.05,26.64,353,5.641,11.75,0.00,221.4,92.3,0.0,74.11,53.86,11.75,26.5,633.0,0.560,782.0,22.0,8,3622.7,37222.7,20.0
2026-02-03 22:43:27.062,4284.05,27.01,358,5.526,11.51,0.00,220.4,92.2,0.0,74.10,53.87,11.51,26.5,620.2,0.548,781.8,22.0,8,3630.2,37230.2,20.0
2026-02-03 22:43:27.112,4285.05,27.37,363,5.416,11.28,0.00,219.3,92.1,0.0,74.08,53.88,11.28,26.5,607.9,0.537,781.6,22.0,8,3637.8,37237.8,20.0
2026-02-03 22:43:27.162,4286.05,27.72,367,5.308,11.06,0.00,218.1,92.0,0.0,74.07,53.89,11.06,26.5,596.0,0.527,781.5,22.0,8,3645.5,37245.5,20.0
2026-02-03 22:43:27.212,4287.05,28.05,372,5.205,10.84,0.00,216.8,91.9,0.0,74.05,53.90,10.84,26.5,584.5,0.516,781.3,22.0,8,3653.3,37253.3,20.0
2026-02-03 22:43:27.261,4288.05,28.38,376,5.105,10.64,0.00,215.5,91.8,0.0,74.04,53.91,10.64,26.5,573.3,0.506,781.1,22.0,8,3661.2,37261.2,20.0
2026-02-03 22:43:27.312,4289.05,28.69,380,5.009,10.43,0.00,214.1,91.7,0.0,74.03,53.91,10.43,26.5,562.6,0.497,781.0,22.0,8,3669.1,37269.1,20.0
2026-02-03 22:43:27.362,4290.05,29.00,384,4.916,10.24,0.00,212.7,91.6,0.0,74.01,53.92,10.24,26.5,552.2,0.488,780.8,22.0,8,3677.2,37277.2,20.0
2026-02-03 22:43:27.412,4291.05,29.29,388,4.826,10.05,0.00,211.2,91.5,0.0,74.00,53.93,10.05,26.5,542.2,0.479,780.7,22.0,8,3685.3,37285.3,20.0
2026-02-03 22:43:27.462,4292.05,29.57,392,4.739,9.87,0.00,209.7,91.4,0.0,73.99,53.94,9.87,26.5,532.5,0.470,780.5,22.0,8,3693.5,37293.5,20.0
2026-02-03 22:43:27.511,4293.05,29.84,395,4.655,9.70,0.00,208.1,91.3,0.0,73.97,53.94,9.70,26.5,523.1,0.462,780.4,22.0,8,3701.8,37301.8,20.0
2026-02-03 22:43:27.562,4294.05,30.10,399,4.509,9.39,0.00,203.8,91.2,0.0,73.96,53.96,9.39,26.5,506.8,0.447,780.2,22.0,8,3710.2,37310.2,20.0
2026-02-03 22:43:27.612,4295.05,30.34,402,4.369,9.10,0.00,199.5,91.0,0.0,73.95,53.97,9.10,26.5,491.3,0.433,780.1,22.0,8,3718.6,37318.6,20.0
2026-02-03 22:43:27.662,4296.05,30.57,405,4.237,8.83,0.00,195.3,90.9,0.0,73.94,53.98,8.83,26.5,476.5,0.420,780.0,22.0,8,3727.1,37327.1,20.0
2026-02-03 22:43:27.711,4297.05,30.78,408,4.172,8.69,0.00,193.9,90.8,0.0,73.93,53.98,8.69,26.5,469.3,0.414,779.8,22.0,8,3735.6,37335.6,20.0
2026-02-03 22:43:27.762,4298.05,30.99,411,4.049,8.44,0.00,189.8,90.7,0.0,73.91,54.00,8.44,26.5,455.5,0.402,779.7,22.0,8,3744.3,37344.3,20.0
2026-02-03 22:43:27.812,4299.05,31.19,413,3.992,8.32,0.00,188.5,90.6,0.0,73.90,54.00,8.32,26.5,449.1,0.396,779.6,22.0,8,3752.9,37352.9,20.0
2026-02-03 22:43:27.862,4300.05,31.37,416,3.877,8.08,0.00,184.4,90.5,0.0,73.89,54.01,8.08,26.5,436.2,0.385,779.5,22.0,8,3761.6,37361.6,20.0
2026-02-03 22:43:27.912,4301.05,31.54,418,3.767,7.85,0.00,180.5,90.4,0.0,73.88,54.02,7.85,26.5,423.9,0.374,779.3,22.0,8,3770.4,37370.4,20.0
2026-02-03 22:43:27.962,4302.05,31.56,418,2.325,4.84,0.00,112.6,89.9,0.0,73.88,54.17,4.84,26.5,262.4,0.231,779.3,22.0,8,3779.2,37379.2,20.0
2026-02-03 22:43:28.012,4303.05,31.58,418,2.321,4.84,0.00,112.6,89.9,0.0,73.87,54.17,4.84,26.5,262.0,0.230,779.2,22.0,8,3787.9,37387.9,20.0
2026-02-03 22:43:28.062,4304.05,31.60,419,2.318,4.83,0.00,112.5,89.9,0.0,73.86,54.17,4.83,26.5,261.6,0.230,779.1,22.0,8,3796.7,37396.7,20.0
2026-02-03 22:43:28.111,4305.05,31.38,416,0.000,0.00,0.00,0.0,84.4,0.0,73.86,54.41,0.00,26.5,0.0,0.000,779.1,22.0,8,3805.4,37405.4,20.0
2026-02-03 22:43:28.161,4306.05,31.15,413,0.000,0.00,0.00,0.0,84.4,0.0,73.86,54.41,0.00,26.5,0.0,0.000,779.1,22.0,8,3814.1,37414.1,20.0
2026-02-03 22:43:28.212,4307.05,30.93,410,0.000,0.00,0.00,0.0,84.4,0.0,73.86,54.41,0.00,26.5,0.0,0.000,779.1,22.0,8,3822.7,37422.7,20.0
2026-02-03 22:43:28.262,4308.05,30.70,407,0.000,0.00,0.00,0.0,84.4,0.0,73.86,54.41,0.00,26.5,0.0,0.000,779.1,22.0,8,3831.2,37431.2,20.0
2026-02-03 22:43:28.312,4309.05,30.48,404,0.000,0.00,0.00,0.0,84.4,0.0,73.86,54.41,0.00,26.5,0.0,0.000,779.1,22.0,8,3839.7,37439.7,20.0
2026-02-03 22:43:28.361,4310.05,30.25,401,0.000,0.00,0.00,0.0,84.4,0.0,73.86,54.41,0.00,26.5,0.0,0.000,779.1,22.0,8,3848.1,37448.1,20.0
2026-02-03 22:43:28.412,4311.05,30.03,398,0.000,0.00,0.00,0.0,84.4,0.0,73.86,54.41,0.00,26.5,0.0,0.000,779.1,22.0,8,3856.4,37456.4,20.0
2026-02-03 22:43:28.462,4312.05,29.81,395,0.000,0.00,0.00,0.0,84.4,0.0,73.86,54.41,0.00,26.5,0.0,0.000,779.1,22.0,8,3864.7,37464.7,20.0
2026-02-03 22:43:28.512,4313.05,29.59,392,0.000,0.00,0.00,0.0,84.4,0.0,73.86,54.41,0.00,26.5,0.0,0.000,779.1,22.0,8,3872.9,37472.9,20.0
2026-02-03 22:43:28.562,4314.05,29.37,389,0.000,0.00,0.00,0.0,84.4,0.0,73.86,54.41,0.00,26.5,0.0,0.000,779.1,22.0,8,3881.1,37481.1,20.0
2026-02-03 22:43:28.612,4315.05,29.15,386,0.000,0.00,0.00,0.0,84.4,0.0,73.86,54.41,0.00,26.5,0.0,0.000,779.1,22.0,8,3889.2,37489.2,20.0
2026-02-03 22:43:28.661,4316.05,28.93,383,0.000,0.00,0.00,0.0,84.4,0.0,73.86,54.41,0.00,26.5,0.0,0.000,779.1,22.0,8,3897.2,37497.2,20.0
2026-02-03 22:43:28.712,4317.05,28.71,380,0.000,0.00,0.00,0.0,84.4,0.0,73.86,54.41,0.00,26.5,0.0,0.000,779.1,22.0,8,3905.2,37505.2,20.0
2026-02-03 22:43:28.762,4318.05,28.49,377,0.000,0.00,0.00,0.0,84.4,0.0,73.86,54.41,0.00,26.5,0.0,0.000,779.1,22.0,8,3913.1,37513.1,20.0
2026-02-03 22:43:28.812,4319.05,28.28,375,0.000,0.00,0.00,0.0,84.4,0.0,73.86,54.41,0.00,26.5,0.0,0.000,779.1,22.0,8,3920.9,37520.9,20.0
2026-02-03 22:43:28.862,4320.05,28.06,372,0.000,0.00,0.00,0.0,84.4,0.0,73.86,54.41,0.00,26.5,0.0,0.000,779.1,22.0,8,3928.7,37528.7,20.0
2026-02-03 22:43:28.911,4321.05,27.84,369,0.000,0.00,0.00,0.0,84.4,0.0,73.86,54.41,0.00,26.5,0.0,0.000,779.1,22.0,8,3936.5,37536.5,20.0
2026-02-03 22:43:28.962,4322.05,27.93,370,2.805,5.84,0.00,119.3,90.4,0.0,73.86,54.12,5.84,26.5,316.3,0.278,779.0,22.0,8,3944.2,37544.2,20.0
2026-02-03 22:43:29.012,4323.05,28.01,371,2.792,5.82,0.00,119.1,90.4,0.0,73.85,54.12,5.82,26.5,314.8,0.277,779.0,22.0,8,3952.0,37552.0,20.0
2026-02-03 22:43:29.062,4324.05,27.79,368,0.000,0.00,0.00,0.0,84.4,0.0,73.85,54.41,0.00,26.5,0.0,0.000,779.0,22.0,8,3959.7,37559.7,20.0
2026-02-03 22:43:29.112,4325.05,27.87,369,2.814,5.86,0.00,119.4,90.4,0.0,73.84,54.11,5.86,26.5,317.2,0.279,778.9,22.0,8,3967.5,37567.5,20.0
2026-02-03 22:43:29.162,4326.05,27.95,370,2.801,5.84,0.00,119.3,90.4,0.0,73.83,54.11,5.84,26.5,315.7,0.278,778.8,22.0,8,3975.2,37575.2,20.0
2026-02-03 22:43:29.211,4327.05,28.03,371,2.788,5.81,0.00,119.1,90.4,0.0,73.82,54.11,5.81,26.5,314.3,0.277,778.7,22.0,8,3983.0,37583.0,20.0
2026-02-03 22:43:29.262,4328.05,27.82,368,0.000,0.00,0.00,0.0,84.4,0.0,73.82,54.40,0.00,26.5,0.0,0.000,778.7,22.0,8,3990.8,37590.8,20.0
2026-02-03 22:43:29.312,4329.05,27.90,370,2.810,5.85,0.00,119.4,90.4,0.0,73.82,54.11,5.85,26.5,316.7,0.279,778.6,22.0,8,3998.5,37598.5,20.0
2026-02-03 22:43:29.362,4330.05,27.98,371,2.796,5.83,0.00,119.2,90.4,0.0,73.81,54.11,5.83,26.5,315.2,0.277,778.5,22.0,8,4006.3,37606.3,20.0
2026-02-03 22:43:29.412,4331.05,28.06,372,2.783,5.80,0.00,119.0,90.4,0.0,73.80,54.11,5.80,26.5,313.8,0.276,778.4,22.0,8,4014.1,37614.1,20.0
2026-02-03 22:43:29.461,4332.05,27.84,369,0.000,0.00,0.00,0.0,84.4,0.0,73.80,54.40,0.00,26.5,0.0,0.000,778.4,22.0,8,4021.8,37621.8,20.0
2026-02-03 22:43:29.512,4333.05,27.92,370,2.806,5.84,0.00,119.3,90.4,0.0,73.79,54.11,5.84,26.5,316.2,0.278,778.3,22.0,8,4029.6,37629.6,20.0
2026-02-03 22:43:29.562,4334.05,28.00,371,2.792,5.82,0.00,119.1,90.4,0.0,73.79,54.11,5.82,26.5,314.8,0.277,778.3,22.0,8,4037.3,37637.3,20.0
2026-02-03 22:43:29.612,4335.05,27.79,368,0.000,0.00,0.00,0.0,84.4,0.0,73.79,54.40,0.00,26.5,0.0,0.000,778.3,22.0,8,4045.1,37645.1,20.0
2026-02-03 22:43:29.662,4336.05,27.87,369,2.814,5.86,0.00,119.5,90.4,0.0,73.78,54.10,5.86,26.5,317.2,0.279,778.2,22.0,8,4052.8,37652.8,20.0
2026-02-03 22:43:29.712,4337.05,28.20,374,5.160,10.75,0.00,216.2,91.8,0.0,73.76,53.85,10.75,26.5,578.9,0.512,778.0,22.0,8,4060.6,37660.6,20.0
2026-02-03 22:43:29.761,4338.05,28.52,378,5.061,10.54,0.00,214.9,91.7,0.0,73.75,53.86,10.54,26.5,568.0,0.502,777.8,22.0,8,4068.6,37668.6,20.0
2026-02-03 22:43:29.812,4339.05,28.83,382,4.966,10.35,0.00,213.4,91.6,0.0,73.74,53.87,10.35,26.5,557.4,0.493,777.7,22.0,8,4076.6,37676.6,20.0
2026-02-03 22:43:29.862,4340.05,29.13,386,4.875,10.16,0.00,212.0,91.5,0.0,73.72,53.88,10.16,26.5,547.2,0.484,777.5,22.0,8,4084.7,37684.7,20.0
2026-02-03 22:43:29.912,4341.05,29.42,390,4.786,9.97,0.00,210.5,91.5,0.0,73.71,53.88,9.97,26.5,537.3,0.475,777.4,22.0,8,4092.8,37692.8,20.0
2026-02-03 22:43:29.962,4342.05,29.69,393,4.701,9.79,0.00,209.0,91.4,0.0,73.70,53.89,9.79,26.5,527.8,0.466,777.2,22.0,8,4101.1,37701.1,20.0
2026-02-03 22:43:30.011,4343.05,29.96,397,4.618,9.62,0.00,207.5,91.3,0.0,73.68,53.90,9.62,26.5,518.6,0.458,777.1,22.0,8,4109.4,37709.4,20.0
2026-02-03 22:43:30.062,4344.05,30.22,400,4.538,9.46,0.00,205.9,91.2,0.0,73.67,53.90,9.46,26.5,509.7,0.450,777.0,22.0,8,4117.8,37717.8,20.0
2026-02-03 22:43:30.112,4345.05,30.47,404,4.462,9.29,0.00,204.3,91.1,0.0,73.66,53.91,9.29,26.5,501.1,0.443,776.8,22.0,8,4126.3,37726.3,20.0
2026-02-03 22:43:30.162,4346.05,30.71,407,4.387,9.14,0.00,202.8,91.0,0.0,73.65,53.92,9.14,26.5,492.8,0.435,776.7,22.0,8,4134.8,37734.8,20.0
2026-02-03 22:43:30.212,4347.05,30.95,410,4.315,8.99,0.00,201.2,91.0,0.0,73.64,53.92,8.99,26.5,484.8,0.428,776.5,22.0,8,4143.4,37743.4,20.0
2026-02-03 22:43:30.261,4348.05,31.17,413,4.246,8.85,0.00,199.6,90.9,0.0,73.62,53.93,8.85,26.5,477.0,0.421,776.4,22.0,8,4152.0,37752.0,20.0
2026-02-03 22:43:30.312,4349.05,31.39,416,4.179,8.71,0.00,198.1,90.8,0.0,73.61,53.93,8.71,26.5,469.6,0.415,776.3,22.0,8,4160.8,37760.8,20.0
2026-02-03 22:43:30.362,4350.05,31.60,419,4.115,8.57,0.00,196.5,90.8,0.0,73.60,53.94,8.57,26.5,462.4,0.408,776.2,22.0,8,4169.5,37769.5,20.0
2026-02-03 22:43:30.412,4351.05,31.80,421,4.052,8.44,0.00,195.0,90.7,0.0,73.59,53.94,8.44,26.5,455.4,0.402,776.0,22.0,8,4178.4,37778.4,20.0
2026-02-03 22:43:30.462,4352.05,31.99,424,3.935,8.20,0.00,190.8,90.6,0.0,73.58,53.95,8.20,26.5,442.3,0.390,775.9,22.0,8,4187.3,37787.3,20.0
2026-02-03 22:43:30.511,4353.05,32.17,426,3.880,8.08,0.00,189.3,90.5,0.0,73.57,53.96,8.08,26.5,436.1,0.385,775.8,22.0,8,4196.2,37796.2,20.0
2026-02-03 22:43:30.562,4354.05,32.34,428,3.771,7.86,0.00,185.3,90.4,0.0,73.56,53.96,7.86,26.6,423.9,0.374,775.7,22.0,9,5.2,37805.2,20.0
2026-02-03 22:43:30.612,4355.05,32.50,431,3.667,7.64,0.00,181.4,90.3,0.0,73.55,53.97,7.64,26.6,412.3,0.364,775.6,22.0,9,14.2,37814.2,20.0
2026-02-03 22:43:30.662,4356.05,32.66,433,3.621,7.54,0.00,180.1,90.2,0.0,73.54,53.98,7.54,26.6,407.2,0.359,775.4,22.0,9,23.3,37823.3,20.0
2026-02-03 22:43:30.711,4357.05,32.81,435,3.578,7.45,0.00,178.9,90.2,0.0,73.53,53.98,7.45,26.6,402.3,0.355,775.3,22.0,9,32.4,37832.4,20.0
2026-02-03 22:43:30.762,4358.05,32.94,436,3.482,7.26,0.00,175.1,90.1,0.0,73.52,53.99,7.26,26.6,391.7,0.345,775.2,22.0,9,41.5,37841.5,20.0
2026-02-03 22:43:30.812,4359.05,33.08,438,3.444,7.17,0.00,173.9,90.0,0.0,73.51,53.99,7.17,26.6,387.4,0.342,775.1,22.0,9,50.7,37850.7,20.0
2026-02-03 22:43:30.862,4360.05,33.20,440,3.355,6.99,0.00,170.3,90.0,0.0,73.50,54.00,6.99,26.6,377.4,0.333,775.0,22.0,9,60.0,37860.0,20.0
2026-02-03 22:43:30.912,4361.05,33.32,441,3.321,6.92,0.00,169.3,89.9,0.0,73.49,54.00,6.92,26.6,373.6,0.329,774.9,22.0,9,69.2,37869.2,20.0
2026-02-03 22:43:30.961,4362.05,33.44,443,3.287,6.85,0.00,168.3,89.9,0.0,73.48,54.00,6.85,26.6,369.9,0.326,774.8,22.0,9,78.5,37878.5,20.0
2026-02-03 22:43:31.012,4363.05,33.55,444,3.205,6.68,0.00,164.8,89.8,0.0,73.47,54.01,6.68,26.6,360.7,0.318,774.7,22.0,9,87.8,37887.8,20.0
2026-02-03 22:43:31.062,4364.05,33.65,446,3.176,6.62,0.00,163.9,89.8,0.0,73.46,54.01,6.62,26.6,357.4,0.315,774.6,22.0,9,97.2,37897.2,20.0
2026-02-03 22:43:31.112,4365.05,33.75,447,3.148,6.56,0.00,163.0,89.7,0.0,73.45,54.01,6.56,26.6,354.3,0.312,774.5,22.0,9,106.5,37906.5,20.0
2026-02-03 22:43:31.162,4366.05,33.84,448,3.072,6.40,0.00,159.7,89.7,0.0,73.45,54.02,6.40,26.6,345.8,0.305,774.4,22.0,9,115.9,37915.9,20.0
2026-02-03 22:43:31.211,4367.05,33.93,449,3.048,6.35,0.00,158.9,89.6,0.0,73.44,54.02,6.35,26.6,343.0,0.302,774.3,22.0,9,125.4,37925.4,20.0
2026-02-03 22:43:31.262,4368.05,34.02,451,3.024,6.30,0.00,158.1,89.6,0.0,73.43,54.02,6.30,26.6,340.3,0.300,774.2,22.0,9,134.8,37934.8,20.0
2026-02-03 22:43:31.312,4369.05,34.09,452,2.953,6.15,0.00,154.9,89.5,0.0,73.42,54.03,6.15,26.6,332.4,0.293,774.1,22.0,9,144.3,37944.3,20.0
2026-02-03 22:43:31.362,4370.05,34.17,453,2.933,6.11,0.00,154.2,89.5,0.0,73.41,54.03,6.11,26.6,330.1,0.291,774.0,22.0,9,153.8,37953.8,20.0
2026-02-03 22:43:31.411,4371.05,34.24,454,2.913,6.07,0.00,153.5,89.5,0.0,73.41,54.03,6.07,26.6,327.9,0.289,773.9,22.0,9,163.3,37963.3,20.0
2026-02-03 22:43:31.461,4372.05,34.31,455,2.894,6.03,0.00,152.9,89.5,0.0,73.40,54.03,6.03,26.6,325.7,0.287,773.9,22.0,9,172.8,37972.8,20.0
2026-02-03 22:43:31.512,4373.05,34.38,456,2.875,5.99,0.00,150.6,90.4,0.0,73.39,54.03,5.99,26.6,323.6,0.285,773.8,22.0,9,182.4,37982.4,20.0
2026-02-03 22:43:31.562,4374.05,34.44,456,2.811,5.86,0.00,147.6,90.4,0.0,73.38,54.04,5.86,26.6,316.4,0.279,773.7,22.0,9,191.9,37991.9,20.0
2026-02-03 22:43:31.612,4375.05,34.50,457,2.795,5.82,0.00,147.1,90.4,0.0,73.37,54.04,5.82,26.6,314.6,0.277,773.6,22.0,9,201.5,38001.5,20.0
2026-02-03 22:43:31.661,4376.05,34.56,458,2.779,5.79,0.00,146.5,90.3,0.0,73.37,54.04,5.79,26.6,312.9,0.276,773.5,22.0,9,211.1,38011.1,20.0
2026-02-03 22:43:31.711,4377.05,34.62,459,2.764,5.76,0.00,146.0,90.3,0.0,73.36,54.04,5.76,26.6,311.2,0.274,773.4,22.0,9,220.7,38020.7,20.0
2026-02-03 22:43:31.762,4378.05,34.67,459,2.749,5.73,0.00,145.5,90.3,0.0,73.35,54.04,5.73,26.6,309.5,0.273,773.3,22.0,9,230.4,38030.4,20.0
2026-02-03 22:43:31.812,4379.05,34.72,460,2.691,5.61,0.00,142.7,90.3,0.0,73.34,54.04,5.61,26.6,302.9,0.267,773.2,22.0,9,240.0,38040.0,20.0
2026-02-03 22:43:31.862,4380.05,34.77,461,2.678,5.58,0.00,142.3,90.2,0.0,73.34,54.04,5.58,26.6,301.5,0.266,773.2,22.0,9,249.7,38049.7,20.0
2026-02-03 22:43:31.912,4381.05,34.81,461,2.666,5.55,0.00,141.8,90.2,0.0,73.33,54.04,5.55,26.6,300.2,0.265,773.1,22.0,9,259.3,38059.3,20.0
2026-02-03 22:43:31.962,4382.05,34.86,462,2.655,5.53,0.00,141.4,90.2,0.0,73.32,54.04,5.53,26.6,298.9,0.263,773.0,22.0,9,269.0,38069.0,20.0
2026-02-03 22:43:32.012,4383.05,34.81,461,1.762,3.67,0.00,95.0,89.3,0.0,73.32,54.13,3.67,26.6,198.8,0.175,772.9,22.0,9,278.7,38078.7,20.0
2026-02-03 22:43:32.062,4384.05,34.76,460,1.771,3.69,0.00,95.3,89.3,0.0,73.31,54.13,3.69,26.6,199.7,0.176,772.9,22.0,9,288.4,38088.4,20.0
2026-02-03 22:43:32.111,4385.05,34.71,460,1.779,3.71,0.00,95.6,89.3,0.0,73.31,54.13,3.71,26.6,200.7,0.177,772.8,22.0,9,298.0,38098.0,20.0
2026-02-03 22:43:32.162,4386.05,34.66,459,1.788,3.72,0.00,95.9,89.3,0.0,73.30,54.13,3.72,26.6,201.6,0.177,772.8,22.0,9,307.6,38107.6,20.0
2026-02-03 22:43:32.212,4387.05,34.61,459,1.796,3.74,0.00,96.2,89.3,0.0,73.30,54.13,3.74,26.6,202.5,0.178,772.7,22.0,9,317.2,38117.2,20.0
2026-02-03 22:43:32.262,4388.05,34.57,458,1.804,3.76,0.00,96.5,89.3,0.0,73.29,54.13,3.76,26.6,203.4,0.179,772.7,22.0,9,326.8,38126.8,20.0
2026-02-03 22:43:32.312,4389.05,34.52,457,1.811,3.77,0.00,96.8,89.3,0.0,73.29,54.12,3.77,26.6,204.3,0.180,772.6,22.0,9,336.4,38136.4,20.0
2026-02-03 22:43:32.362,4390.05,34.29,454,0.000,0.00,0.00,0.0,84.4,0.0,73.29,54.31,0.00,26.6,0.0,0.000,772.6,22.0,9,346.0,38146.0,20.0
2026-02-03 22:43:32.411,4391.05,34.05,451,0.000,0.00,0.00,0.0,84.4,0.0,73.29,54.31,0.00,26.6,0.0,0.000,772.6,22.0,9,355.4,38155.4,20.0
2026-02-03 22:43:32.462,4392.05,33.82,448,0.000,0.00,0.00,0.0,84.4,0.0,73.29,54.31,0.00,26.6,0.0,0.000,772.6,22.0,9,364.8,38164.8,20.0
2026-02-03 22:43:32.512,4393.05,33.79,448,1.939,4.04,0.00,101.2,89.5,0.0,73.28,54.11,4.04,26.6,218.6,0.192,772.5,22.0,9,374.2,38174.2,20.0
2026-02-03 22:43:32.562,4394.05,33.76,447,1.944,4.05,0.00,101.3,89.5,0.0,73.28,54.11,4.05,26.6,219.1,0.193,772.5,22.0,9,383.6,38183.6,20.0
2026-02-03 22:43:32.611,4395.05,33.73,447,1.949,4.06,0.00,101.5,89.5,0.0,73.27,54.11,4.06,26.6,219.6,0.193,772.4,22.0,9,392.9,38192.9,20.0
2026-02-03 22:43:32.661,4396.05,33.71,447,1.953,4.07,0.00,101.6,89.5,0.0,73.27,54.11,4.07,26.6,220.2,0.194,772.4,22.0,9,402.3,38202.3,20.0
2026-02-03 22:43:32.712,4397.05,33.68,446,1.958,4.08,0.00,101.8,89.5,0.0,73.26,54.10,4.08,26.6,220.7,0.194,772.3,22.0,9,411.7,38211.7,20.0
2026-02-03 22:43:32.762,4398.05,33.66,446,1.962,4.09,0.00,101.9,89.5,0.0,73.25,54.10,4.09,26.6,221.2,0.195,772.2,22.0,9,421.0,38221.0,20.0
2026-02-03 22:43:32.812,4399.05,33.63,446,1.966,4.10,0.00,102.1,89.5,0.0,73.25,54.10,4.10,26.5,221.6,0.195,772.2,22.0,9,430.3,38230.3,20.0
2026-02-03 22:43:32.862,4400.05,33.61,445,1.971,4.11,0.00,102.2,89.5,0.0,73.24,54.10,4.11,26.5,222.1,0.196,772.1,22.0,9,439.7,38239.7,20.0
2026-02-03 22:43:32.911,4401.05,33.58,445,1.975,4.11,0.00,102.4,89.5,0.0,73.24,54.10,4.11,26.5,222.6,0.196,772.0,22.0,9,449.0,38249.0,20.0
2026-02-03 22:43:32.962,4402.05,33.56,445,1.979,4.12,0.00,102.5,89.5,0.0,73.23,54.10,4.12,26.5,223.0,0.196,772.0,22.0,9,458.3,38258.3,20.0
2026-02-03 22:43:33.012,4403.05,33.54,444,1.983,4.13,0.00,102.6,89.5,0.0,73.23,54.10,4.13,26.5,223.5,0.197,771.9,22.0,9,467.7,38267.7,20.0
2026-02-03 22:43:33.062,4404.05,33.51,444,1.987,4.14,0.00,102.7,89.5,0.0,73.22,54.09,4.14,26.5,223.9,0.197,771.9,22.0,9,477.0,38277.0,20.0
2026-02-03 22:43:33.112,4405.05,33.49,444,1.991,4.15,0.00,102.9,89.5,0.0,73.22,54.09,4.15,26.5,224.3,0.197,771.8,22.0,9,486.3,38286.3,20.0
2026-02-03 22:43:33.161,4406.05,33.47,443,1.994,4.15,0.00,103.0,89.5,0.0,73.21,54.09,4.15,26.5,224.7,0.198,771.7,22.0,9,495.6,38295.6,20.0
2026-02-03 22:43:33.211,4407.05,33.45,443,1.998,4.16,0.00,103.1,89.5,0.0,73.21,54.09,4.16,26.5,225.2,0.198,771.7,22.0,9,504.9,38304.9,20.0
2026-02-03 22:43:33.262,4408.05,33.52,444,2.902,6.05,0.00,149.8,89.5,0.0,73.20,53.99,6.05,26.5,326.5,0.288,771.6,22.0,9,514.2,38314.2,20.0
2026-02-03 22:43:33.312,4409.05,33.60,445,2.884,6.01,0.00,149.2,89.5,0.0,73.19,54.00,6.01,26.5,324.4,0.286,771.5,22.0,9,523.5,38323.5,20.0
2026-02-03 22:43:33.362,4410.05,33.67,446,2.866,5.97,0.00,147.0,90.4,0.0,73.18,54.00,5.97,26.5,322.4,0.284,771.4,22.0,9,532.8,38332.8,20.0
2026-02-03 22:43:33.412,4411.05,33.73,447,2.849,5.93,0.00,146.4,90.4,0.0,73.17,54.00,5.93,26.5,320.5,0.283,771.3,22.0,9,542.2,38342.2,20.0
2026-02-03 22:43:33.461,4412.05,33.80,448,2.783,5.80,0.00,143.5,90.4,0.0,73.17,54.00,5.80,26.5,313.1,0.276,771.2,22.0,9,551.6,38351.6,20.0
2026-02-03 22:43:33.512,4413.05,33.85,449,2.768,5.77,0.00,143.0,90.3,0.0,73.16,54.00,5.77,26.5,311.4,0.275,771.1,22.0,9,561.0,38361.0,20.0
2026-02-03 22:43:33.562,4414.05,33.91,449,2.754,5.74,0.00,142.5,90.3,0.0,73.15,54.00,5.74,26.5,309.8,0.273,771.1,22.0,9,570.4,38370.4,20.0
2026-02-03 22:43:33.612,4415.05,33.97,450,2.740,5.71,0.00,142.0,90.3,0.0,73.14,54.00,5.71,26.5,308.3,0.272,771.0,22.0,9,579.9,38379.9,20.0
2026-02-03 22:43:33.661,4416.05,34.02,451,2.726,5.68,0.00,141.6,90.3,0.0,73.14,54.00,5.68,26.5,306.7,0.270,770.9,22.0,9,589.3,38389.3,20.0
2026-02-03 22:43:33.711,4417.05,34.07,451,2.666,5.55,0.00,138.8,90.2,0.0,73.13,54.01,5.55,26.5,299.9,0.264,770.8,22.0,9,598.8,38398.8,20.0
2026-02-03 22:43:33.762,4418.05,34.12,452,2.654,5.53,0.00,138.4,90.2,0.0,73.12,54.01,5.53,26.5,298.7,0.263,770.7,22.0,9,608.3,38408.3,20.0
2026-02-03 22:43:33.812,4419.05,34.16,453,2.643,5.51,0.00,138.0,90.2,0.0,73.11,54.01,5.51,26.5,297.4,0.262,770.6,22.0,9,617.7,38417.7,20.0
2026-02-03 22:43:33.862,4420.05,34.13,452,1.880,3.92,0.00,99.2,89.4,0.0,73.11,54.09,3.92,26.5,211.9,0.187,770.6,22.0,9,627.2,38427.2,20.0
2026-02-03 22:43:33.911,4421.05,34.09,452,1.887,3.93,0.00,99.4,89.4,0.0,73.10,54.08,3.93,26.5,212.6,0.187,770.5,22.0,9,636.7,38436.7,20.0
2026-02-03 22:43:33.961,4422.05,34.06,451,1.892,3.94,0.00,99.6,89.4,0.0,73.10,54.08,3.94,26.5,213.2,0.188,770.5,22.0,9,646.2,38446.2,20.0
2026-02-03 22:43:34.012,4423.05,33.82,448,0.000,0.00,0.00,0.0,84.4,0.0,73.10,54.28,0.00,26.5,0.0,0.000,770.5,22.0,9,655.6,38455.6,20.0
2026-02-03 22:43:34.062,4424.05,33.59,445,0.000,0.00,0.00,0.0,84.4,0.0,73.10,54.28,0.00,26.5,0.0,0.000,770.5,22.0,9,664.9,38464.9,20.0
2026-02-03 22:43:34.112,4425.05,33.36,442,0.000,0.00,0.00,0.0,84.4,0.0,73.10,54.28,0.00,26.5,0.0,0.000,770.5,22.0,9,674.1,38474.1,20.0
2026-02-03 22:43:34.162,4426.05,33.12,439,0.000,0.00,0.00,0.0,84.4,0.0,73.10,54.28,0.00,26.5,0.0,0.000,770.5,22.0,9,683.3,38483.3,20.0
2026-02-03 22:43:34.211,4427.05,32.89,436,0.000,0.00,0.00,0.0,84.4,0.0,73.10,54.28,0.00,26.5,0.0,0.000,770.5,22.0,9,692.5,38492.5,20.0
2026-02-03 22:43:34.262,4428.05,32.66,433,0.000,0.00,0.00,0.0,84.4,0.0,73.10,54.28,0.00,26.5,0.0,0.000,770.5,22.0,9,701.6,38501.6,20.0
2026-02-03 22:43:34.312,4429.05,32.43,430,0.000,0.00,0.00,0.0,84.4,0.0,73.10,54.28,0.00,26.5,0.0,0.000,770.5,22.0,9,710.6,38510.6,20.0
2026-02-03 22:43:34.362,4430.05,32.20,427,0.000,0.00,0.00,0.0,84.4,0.0,73.10,54.28,0.00,26.5,0.0,0.000,770.5,22.0,9,719.5,38519.5,20.0
2026-02-03 22:43:34.411,4431.05,31.97,424,0.000,0.00,0.00,0.0,84.4,0.0,73.10,54.28,0.00,26.5,0.0,0.000,770.5,22.0,9,728.4,38528.4,20.0
2026-02-03 22:43:34.462,4432.05,31.75,421,0.000,0.00,0.00,0.0,84.4,0.0,73.10,54.28,0.00,26.5,0.0,0.000,770.5,22.0,9,737.2,38537.2,20.0
2026-02-03 22:43:34.512,4433.05,31.52,418,0.000,0.00,0.00,0.0,84.4,0.0,73.10,54.28,0.00,26.5,0.0,0.000,770.5,22.0,9,746.0,38546.0,20.0
2026-02-03 22:43:34.562,4434.05,31.29,415,0.000,0.00,0.00,0.0,84.4,0.0,73.10,54.28,0.00,26.5,0.0,0.000,770.5,22.0,9,754.7,38554.7,20.0
2026-02-03 22:43:34.612,4435.05,31.07,412,0.000,0.00,0.00,0.0,84.4,0.0,73.10,54.28,0.00,26.5,0.0,0.000,770.5,22.0,9,763.3,38563.3,20.0
2026-02-03 22:43:34.661,4436.05,30.84,409,0.000,0.00,0.00,0.0,84.4,0.0,73.10,54.28,0.00,26.5,0.0,0.000,770.5,22.0,9,771.9,38571.9,20.0
2026-02-03 22:43:34.712,4437.05,30.88,409,2.444,5.09,0.00,115.6,90.0,0.0,73.09,54.02,5.09,26.5,275.1,0.242,770.4,22.0,9,780.4,38580.4,20.0
2026-02-03 22:43:34.762,4438.05,30.91,409,2.438,5.08,0.00,115.5,90.0,0.0,73.09,54.02,5.08,26.5,274.4,0.242,770.3,22.0,9,789.0,38589.0,20.0
2026-02-03 22:43:34.812,4439.05,30.94,410,2.433,5.07,0.00,115.3,90.0,0.0,73.08,54.02,5.07,26.5,273.8,0.241,770.2,22.0,9,797.6,38597.6,20.0
2026-02-03 22:43:34.861,4440.05,30.98,410,2.427,5.06,0.00,115.2,90.0,0.0,73.07,54.02,5.06,26.5,273.1,0.241,770.2,22.0,9,806.2,38606.2,20.0
2026-02-03 22:43:34.912,4441.05,31.01,411,2.421,5.04,0.00,115.1,90.0,0.0,73.07,54.02,5.04,26.5,272.5,0.240,770.1,22.0,9,814.8,38614.8,20.0
2026-02-03 22:43:34.962,4442.05,31.04,411,2.416,5.03,0.00,114.9,90.0,0.0,73.06,54.02,5.03,26.5,271.9,0.240,770.0,22.0,9,823.5,38623.5,20.0
2026-02-03 22:43:35.012,4443.05,30.81,408,0.000,0.00,0.00,0.0,84.4,0.0,73.06,54.27,0.00,26.5,0.0,0.000,770.0,22.0,9,832.0,38632.0,20.0
2026-02-03 22:43:35.062,4444.05,30.59,405,0.000,0.00,0.00,0.0,84.4,0.0,73.06,54.27,0.00,26.5,0.0,0.000,770.0,22.0,9,840.5,38640.5,20.0
2026-02-03 22:43:35.111,4445.05,30.37,402,0.000,0.00,0.00,0.0,84.4,0.0,73.06,54.27,0.00,26.5,0.0,0.000,770.0,22.0,9,848.9,38648.9,20.0
2026-02-03 22:43:35.162,4446.05,30.14,399,0.000,0.00,0.00,0.0,84.4,0.0,73.06,54.27,0.00,26.5,0.0,0.000,770.0,22.0,9,857.3,38657.3,20.0
2026-02-03 22:43:35.212,4447.05,29.92,396,0.000,0.00,0.00,0.0,84.4,0.0,73.06,54.27,0.00,26.5,0.0,0.000,770.0,22.0,9,865.6,38665.6,20.0
2026-02-03 22:43:35.262,4448.05,29.97,397,2.535,5.28,0.00,116.2,90.1,0.0,73.05,54.01,5.28,26.5,285.3,0.252,769.9,22.0,9,874.0,38674.0,20.0
2026-02-03 22:43:35.312,4449.05,30.01,398,2.528,5.27,0.00,116.1,90.1,0.0,73.04,54.01,5.27,26.5,284.4,0.251,769.8,22.0,9,882.3,38682.3,20.0
2026-02-03 22:43:35.361,4450.05,29.79,395,0.000,0.00,0.00,0.0,84.4,0.0,73.04,54.27,0.00,26.5,0.0,0.000,769.8,22.0,9,890.6,38690.6,20.0
2026-02-03 22:43:35.412,4451.05,29.84,395,2.557,5.33,0.00,116.7,90.1,0.0,73.04,54.00,5.33,26.5,287.6,0.254,769.8,22.0,9,898.9,38698.9,20.0
2026-02-03 22:43:35.462,4452.05,29.89,396,2.548,5.31,0.00,116.5,90.1,0.0,73.03,54.00,5.31,26.5,286.7,0.253,769.7,22.0,9,907.2,38707.2,20.0
2026-02-03 22:43:35.512,4453.05,29.94,397,2.540,5.29,0.00,116.3,90.1,0.0,73.02,54.00,5.29,26.5,285.8,0.252,769.6,22.0,9,915.5,38715.5,20.0
2026-02-03 22:43:35.561,4454.05,29.99,397,2.532,5.28,0.00,116.2,90.1,0.0,73.02,54.00,5.28,26.5,284.9,0.251,769.5,22.0,9,923.8,38723.8,20.0
2026-02-03 22:43:35.611,4455.05,30.03,398,2.525,5.26,0.00,116.0,90.1,0.0,73.01,54.00,5.26,26.5,284.0,0.250,769.4,22.0,9,932.1,38732.1,20.0
2026-02-03 22:43:35.662,4456.05,29.81,395,0.000,0.00,0.00,0.0,84.4,0.0,73.01,54.27,0.00,26.5,0.0,0.000,769.4,22.0,9,940.4,38740.4,20.0
2026-02-03 22:43:35.712,4457.05,29.86,396,2.554,5.32,0.00,116.6,90.1,0.0,73.00,54.00,5.32,26.5,287.3,0.253,769.4,22.0,9,948.7,38748.7,20.0
2026-02-03 22:43:35.762,4458.05,29.91,396,2.546,5.30,0.00,116.5,90.1,0.0,73.00,54.00,5.30,26.5,286.4,0.253,769.3,22.0,9,957.0,38757.0,20.0
2026-02-03 22:43:35.812,4459.05,29.96,397,2.538,5.29,0.00,116.3,90.1,0.0,72.99,54.00,5.29,26.5,285.5,0.252,769.2,22.0,9,965.4,38765.4,20.0
2026-02-03 22:43:35.862,4460.05,30.00,397,2.530,5.27,0.00,116.1,90.1,0.0,72.98,54.00,5.27,26.5,284.6,0.251,769.1,22.0,9,973.7,38773.7,20.0
2026-02-03 22:43:35.911,4461.05,29.78,394,0.000,0.00,0.00,0.0,84.4,0.0,72.98,54.26,0.00,26.5,0.0,0.000,769.1,22.0,9,982.0,38782.0,20.0
2026-02-03 22:43:35.962,4462.05,29.83,395,2.559,5.33,0.00,116.7,90.1,0.0,72.97,53.99,5.33,26.5,287.8,0.254,769.1,22.0,9,990.2,38790.2,20.0
2026-02-03 22:43:36.012,4463.05,29.88,396,2.551,5.31,0.00,116.6,90.1,0.0,72.97,53.99,5.31,26.5,286.9,0.253,769.0,22.0,9,998.5,38798.5,20.0
2026-02-03 22:43:36.062,4464.05,29.93,396,2.542,5.30,0.00,116.4,90.1,0.0,72.96,53.99,5.30,26.5,286.0,0.252,768.9,22.0,9,1006.9,38806.9,20.0
2026-02-03 22:43:36.112,4465.05,30.19,400,4.549,9.48,0.00,206.1,91.2,0.0,72.95,53.78,9.48,26.5,509.7,0.451,768.7,22.0,9,1015.2,38815.2,20.0
2026-02-03 22:43:36.161,4466.05,30.44,403,4.472,9.32,0.00,204.5,91.1,0.0,72.94,53.79,9.32,26.5,501.1,0.444,768.6,22.0,9,1023.7,38823.7,20.0
2026-02-03 22:43:36.212,4467.05,30.68,406,4.397,9.16,0.00,203.0,91.1,0.0,72.92,53.79,9.16,26.5,492.8,0.436,768.5,22.0,9,1032.2,38832.2,20.0
2026-02-03 22:43:36.262,4468.05,30.92,410,4.325,9.01,0.00,201.4,91.0,0.0,72.91,53.80,9.01,26.5,484.8,0.429,768.3,22.0,9,1040.8,38840.8,20.0
2026-02-03 22:43:36.312,4469.05,31.14,413,4.255,8.87,0.00,199.8,90.9,0.0,72.90,53.80,8.87,26.5,477.0,0.422,768.2,22.0,9,1049.5,38849.5,20.0
2026-02-03 22:43:36.362,4470.05,31.36,415,4.188,8.73,0.00,198.3,90.8,0.0,72.89,53.81,8.73,26.5,469.5,0.415,768.1,22.0,9,1058.2,38858.2,20.0
2026-02-03 22:43:36.411,4471.05,31.57,418,4.123,8.59,0.00,196.7,90.8,0.0,72.88,53.81,8.59,26.5,462.3,0.409,767.9,22.0,9,1066.9,38866.9,20.0
2026-02-03 22:43:36.461,4472.05,31.77,421,4.061,8.46,0.00,195.2,90.7,0.0,72.87,53.82,8.46,26.5,455.3,0.403,767.8,22.0,9,1075.8,38875.8,20.0
2026-02-03 22:43:36.512,4473.05,31.96,423,3.943,8.21,0.00,191.0,90.6,0.0,72.85,53.83,8.21,26.5,442.2,0.391,767.7,22.0,9,1084.6,38884.6,20.0
2026-02-03 22:43:36.562,4474.05,32.15,426,3.887,8.10,0.00,189.5,90.5,0.0,72.84,53.83,8.10,26.5,436.0,0.386,767.6,22.0,9,1093.6,38893.6,20.0
2026-02-03 22:43:36.611,4475.05,32.32,428,3.778,7.87,0.00,185.5,90.4,0.0,72.83,53.84,7.87,26.5,423.8,0.375,767.5,22.0,9,1102.5,38902.5,20.0
2026-02-03 22:43:36.661,4476.05,32.49,430,3.728,7.77,0.00,184.2,90.4,0.0,72.82,53.85,7.77,26.5,418.2,0.370,767.3,22.0,9,1111.6,38911.6,20.0
2026-02-03 22:43:36.712,4477.05,32.64,432,3.626,7.55,0.00,180.2,90.2,0.0,72.81,53.85,7.55,26.5,406.9,0.360,767.2,22.0,9,1120.6,38920.6,20.0
2026-02-03 22:43:36.762,4478.05,32.79,434,3.582,7.46,0.00,179.0,90.2,0.0,72.80,53.86,7.46,26.5,402.0,0.355,767.1,22.0,9,1129.7,38929.7,20.0
2026-02-03 22:43:36.812,4479.05,32.93,436,3.487,7.26,0.00,175.2,90.1,0.0,72.79,53.87,7.26,26.5,391.3,0.346,767.0,22.0,9,1138.9,38938.9,20.0
2026-02-03 22:43:36.861,4480.05,33.06,438,3.448,7.18,0.00,174.1,90.1,0.0,72.78,53.87,7.18,26.5,387.0,0.342,766.9,22.0,9,1148.1,38948.1,20.0
2026-02-03 22:43:36.912,4481.05,33.19,440,3.359,7.00,0.00,170.4,90.0,0.0,72.78,53.88,7.00,26.5,377.0,0.333,766.8,22.0,9,1157.3,38957.3,20.0
2026-02-03 22:43:36.962,4482.05,33.31,441,3.325,6.93,0.00,169.4,89.9,0.0,72.77,53.88,6.93,26.5,373.2,0.330,766.7,22.0,9,1166.6,38966.6,20.0
2026-02-03 22:43:37.012,4483.05,33.42,443,3.291,6.86,0.00,168.4,89.9,0.0,72.76,53.88,6.86,26.5,369.5,0.327,766.6,22.0,9,1175.8,38975.8,20.0
2026-02-03 22:43:37.062,4484.05,33.53,444,3.209,6.69,0.00,164.9,89.8,0.0,72.75,53.89,6.69,26.5,360.3,0.318,766.5,22.0,9,1185.1,38985.1,20.0
2026-02-03 22:43:37.111,4485.05,33.64,446,3.180,6.63,0.00,164.0,89.8,0.0,72.74,53.89,6.63,26.5,357.0,0.315,766.4,22.0,9,1194.5,38994.5,20.0
2026-02-03 22:43:37.162,4486.05,33.74,447,3.152,6.57,0.00,163.1,89.7,0.0,72.73,53.89,6.57,26.5,353.9,0.313,766.3,22.0,9,1203.9,39003.9,20.0
2026-02-03 22:43:37.212,4487.05,33.83,448,3.076,6.41,0.00,159.8,89.7,0.0,72.72,53.90,6.41,26.5,345.4,0.305,766.2,22.0,9,1213.3,39013.3,20.0
2026-02-03 22:43:37.262,4488.05,33.92,449,3.051,6.36,0.00,159.0,89.6,0.0,72.71,53.90,6.36,26.5,342.6,0.303,766.1,22.0,9,1222.7,39022.7,20.0
2026-02-03 22:43:37.312,4489.05,34.00,450,3.027,6.31,0.00,158.2,89.6,0.0,72.71,53.90,6.31,26.5,339.9,0.300,766.0,22.0,9,1232.1,39032.1,20.0
2026-02-03 22:43:37.361,4490.05,34.08,452,2.956,6.16,0.00,155.0,89.5,0.0,72.70,53.91,6.16,26.5,332.0,0.293,765.9,22.0,9,1241.6,39041.6,20.0
2026-02-03 22:43:37.412,4491.05,34.16,453,2.936,6.12,0.00,154.3,89.5,0.0,72.69,53.91,6.12,26.5,329.7,0.291,765.8,22.0,9,1251.1,39051.1,20.0
2026-02-03 22:43:37.462,4492.05,34.23,454,2.916,6.07,0.00,153.6,89.5,0.0,72.68,53.91,6.07,26.5,327.5,0.289,765.7,22.0,9,1260.6,39060.6,20.0
2026-02-03 22:43:37.512,4493.05,34.19,453,1.869,3.89,0.00,98.8,89.4,0.0,72.68,54.01,3.89,26.5,210.3,0.185,765.7,22.0,9,1270.1,39070.1,20.0
2026-02-03 22:43:37.562,4494.05,33.96,450,0.000,0.00,0.00,0.0,84.4,0.0,72.68,54.21,0.00,26.5,0.0,0.000,765.7,22.0,9,1279.5,39079.5,20.0
2026-02-03 22:43:37.611,4495.05,33.73,447,0.000,0.00,0.00,0.0,84.4,0.0,72.68,54.21,0.00,26.5,0.0,0.000,765.7,22.0,9,1288.9,39088.9,20.0
2026-02-03 22:43:37.662,4496.05,33.49,444,0.000,0.00,0.00,0.0,84.4,0.0,72.68,54.21,0.00,26.5,0.0,0.000,765.7,22.0,9,1298.2,39098.2,20.0
2026-02-03 22:43:37.712,4497.05,33.26,441,0.000,0.00,0.00,0.0,84.4,0.0,72.68,54.21,0.00,26.5,0.0,0.000,765.7,22.0,9,1307.4,39107.4,20.0
2026-02-03 22:43:37.762,4498.05,33.03,438,0.000,0.00,0.00,0.0,84.4,0.0,72.68,54.21,0.00,26.5,0.0,0.000,765.7,22.0,9,1316.6,39116.6,20.0
2026-02-03 22:43:37.812,4499.05,32.80,434,0.000,0.00,0.00,0.0,84.4,0.0,72.68,54.21,0.00,26.5,0.0,0.000,765.7,22.0,9,1325.7,39125.7,20.0
2026-02-03 22:43:37.861,4500.05,32.57,431,0.000,0.00,0.00,0.0,84.4,0.0,72.68,54.21,0.00,26.5,0.0,0.000,765.7,22.0,9,1334.8,39134.8,20.0
2026-02-03 22:43:37.912,4501.05,32.34,428,0.000,0.00,0.00,0.0,84.4,0.0,72.68,54.21,0.00,26.5,0.0,0.000,765.7,22.0,9,1343.7,39143.7,20.0
2026-02-03 22:43:37.962,4502.05,32.11,425,0.000,0.00,0.00,0.0,84.4,0.0,72.68,54.21,0.00,26.5,0.0,0.000,765.7,22.0,9,1352.7,39152.7,20.0
2026-02-03 22:43:38.012,4503.05,31.88,422,0.000,0.00,0.00,0.0,84.4,0.0,72.68,54.21,0.00,26.5,0.0,0.000,765.7,22.0,9,1361.5,39161.5,20.0
2026-02-03 22:43:38.062,4504.05,31.65,419,0.000,0.00,0.00,0.0,84.4,0.0,72.68,54.21,0.00,26.5,0.0,0.000,765.7,22.0,9,1370.3,39170.3,20.0
2026-02-03 22:43:38.111,4505.05,31.42,416,0.000,0.00,0.00,0.0,84.4,0.0,72.68,54.21,0.00,26.5,0.0,0.000,765.7,22.0,9,1379.0,39179.0,20.0
2026-02-03 22:43:38.162,4506.05,31.20,413,0.000,0.00,0.00,0.0,84.4,0.0,72.68,54.21,0.00,26.5,0.0,0.000,765.7,22.0,9,1387.7,39187.7,20.0
2026-02-03 22:43:38.212,4507.05,30.97,410,0.000,0.00,0.00,0.0,84.4,0.0,72.68,54.21,0.00,26.5,0.0,0.000,765.7,22.0,9,1396.3,39196.3,20.0
2026-02-03 22:43:38.262,4508.05,30.75,407,0.000,0.00,0.00,0.0,84.4,0.0,72.68,54.21,0.00,26.5,0.0,0.000,765.7,22.0,9,1404.9,39204.9,20.0
2026-02-03 22:43:38.312,4509.05,30.52,404,0.000,0.00,0.00,0.0,84.4,0.0,72.68,54.21,0.00,26.5,0.0,0.000,765.7,22.0,9,1413.3,39213.3,20.0
2026-02-03 22:43:38.361,4510.05,30.30,401,0.000,0.00,0.00,0.0,84.4,0.0,72.68,54.21,0.00,26.5,0.0,0.000,765.7,22.0,9,1421.7,39221.7,20.0
2026-02-03 22:43:38.412,4511.05,30.08,398,0.000,0.00,0.00,0.0,84.4,0.0,72.68,54.21,0.00,26.5,0.0,0.000,765.7,22.0,9,1430.1,39230.1,20.0
2026-02-03 22:43:38.462,4512.05,29.86,395,0.000,0.00,0.00,0.0,84.4,0.0,72.68,54.21,0.00,26.5,0.0,0.000,765.7,22.0,9,1438.4,39238.4,20.0
2026-02-03 22:43:38.512,4513.05,29.64,393,0.000,0.00,0.00,0.0,84.4,0.0,72.68,54.21,0.00,26.5,0.0,0.000,765.7,22.0,9,1446.6,39246.6,20.0
2026-02-03 22:43:38.561,4514.05,29.42,390,0.000,0.00,0.00,0.0,84.4,0.0,72.68,54.21,0.00,26.5,0.0,0.000,765.7,22.0,9,1454.8,39254.8,20.0
2026-02-03 22:43:38.612,4515.05,29.20,387,0.000,0.00,0.00,0.0,84.4,0.0,72.68,54.21,0.00,26.5,0.0,0.000,765.7,22.0,9,1462.9,39262.9,20.0
2026-02-03 22:43:38.662,4516.05,28.98,384,0.000,0.00,0.00,0.0,84.4,0.0,72.68,54.21,0.00,26.5,0.0,0.000,765.7,22.0,9,1471.0,39271.0,20.0
2026-02-03 22:43:38.712,4517.05,28.76,381,0.000,0.00,0.00,0.0,84.4,0.0,72.68,54.21,0.00,26.5,0.0,0.000,765.7,22.0,9,1478.9,39278.9,20.0
2026-02-03 22:43:38.761,4518.05,28.54,378,0.000,0.00,0.00,0.0,84.4,0.0,72.68,54.21,0.00,26.5,0.0,0.000,765.7,22.0,9,1486.9,39286.9,20.0
2026-02-03 22:43:38.812,4519.05,28.32,375,0.000,0.00,0.00,0.0,84.4,0.0,72.68,54.21,0.00,26.5,0.0,0.000,765.7,22.0,9,1494.7,39294.7,20.0
2026-02-03 22:43:38.862,4520.05,28.11,372,0.000,0.00,0.00,0.0,84.4,0.0,72.68,54.21,0.00,26.5,0.0,0.000,765.7,22.0,9,1502.6,39302.6,20.0
2026-02-03 22:43:38.912,4521.05,27.89,369,0.000,0.00,0.00,0.0,84.4,0.0,72.68,54.21,0.00,26.5,0.0,0.000,765.7,22.0,9,1510.3,39310.3,20.0
2026-02-03 22:43:38.962,4522.05,27.67,367,0.000,0.00,0.00,0.0,84.4,0.0,72.68,54.21,0.00,26.5,0.0,0.000,765.7,22.0,9,1518.0,39318.0,20.0
2026-02-03 22:43:39.011,4523.05,27.46,364,0.000,0.00,0.00,0.0,84.4,0.0,72.68,54.21,0.00,26.5,0.0,0.000,765.7,22.0,9,1525.6,39325.6,20.0
2026-02-03 22:43:39.062,4524.05,27.25,361,0.000,0.00,0.00,0.0,84.4,0.0,72.68,54.21,0.00,26.5,0.0,0.000,765.7,22.0,9,1533.2,39333.2,20.0
2026-02-03 22:43:39.112,4525.05,27.03,358,0.000,0.00,0.00,0.0,84.4,0.0,72.68,54.21,0.00,26.5,0.0,0.000,765.7,22.0,9,1540.7,39340.7,20.0
2026-02-03 22:43:39.162,4526.05,26.82,355,0.000,0.00,0.00,0.0,84.4,0.0,72.68,54.21,0.00,26.5,0.0,0.000,765.7,22.0,9,1548.1,39348.1,20.0
2026-02-03 22:43:39.212,4527.05,26.61,352,0.000,0.00,0.00,0.0,84.4,0.0,72.68,54.21,0.00,26.5,0.0,0.000,765.7,22.0,9,1555.5,39355.5,20.0
2026-02-03 22:43:39.262,4528.05,26.98,357,5.536,11.53,0.00,220.5,92.2,0.0,72.66,53.63,11.53,26.5,618.5,0.549,765.5,22.0,9,1563.0,39363.0,20.0
2026-02-03 22:43:39.311,4529.05,27.33,362,5.347,11.14,0.00,216.4,92.0,0.0,72.65,53.65,11.14,26.5,597.6,0.530,765.3,22.0,9,1570.6,39370.6,20.0
2026-02-03 22:43:39.362,4530.05,27.67,366,5.168,10.77,0.00,212.4,91.8,0.0,72.63,53.66,10.77,26.5,577.7,0.513,765.2,22.0,9,1578.3,39378.3,20.0
2026-02-03 22:43:39.412,4531.05,27.98,371,4.997,10.41,0.00,208.2,91.7,0.0,72.62,53.68,10.41,26.5,558.8,0.496,765.0,22.0,9,1586.1,39386.1,20.0
2026-02-03 22:43:39.462,4532.05,28.28,375,4.834,10.07,0.00,204.1,91.5,0.0,72.60,53.69,10.07,26.5,540.8,0.480,764.9,22.0,9,1593.9,39393.9,20.0
2026-02-03 22:43:39.511,4533.05,28.56,378,4.679,9.75,0.00,200.0,91.3,0.0,72.59,53.71,9.75,26.5,523.6,0.464,764.7,22.0,9,1601.9,39401.9,20.0
2026-02-03 22:43:39.562,4534.05,28.82,382,4.532,9.44,0.00,196.0,91.2,0.0,72.58,53.72,9.44,26.5,507.2,0.450,764.6,22.0,9,1609.9,39409.9,20.0
2026-02-03 22:43:39.612,4535.05,29.06,385,4.391,9.15,0.00,191.9,91.0,0.0,72.57,53.73,9.15,26.5,491.5,0.436,764.4,22.0,9,1617.9,39417.9,20.0
2026-02-03 22:43:39.662,4536.05,29.30,388,4.256,8.87,0.00,187.9,90.9,0.0,72.56,53.75,8.87,26.5,476.6,0.422,764.3,22.0,9,1626.1,39426.1,20.0
2026-02-03 22:43:39.711,4537.05,29.52,391,4.195,8.74,0.00,186.8,90.8,0.0,72.54,53.75,8.74,26.5,469.8,0.416,764.2,22.0,9,1634.3,39434.3,20.0
2026-02-03 22:43:39.761,4538.05,29.73,394,4.069,8.48,0.00,182.9,90.7,0.0,72.53,53.76,8.48,26.5,455.8,0.404,764.1,22.0,9,1642.5,39442.5,20.0
2026-02-03 22:43:39.812,4539.05,29.93,396,3.949,8.23,0.00,179.0,90.6,0.0,72.52,53.77,8.23,26.5,442.4,0.392,763.9,22.0,9,1650.9,39450.9,20.0
2026-02-03 22:43:39.862,4540.05,30.12,399,3.899,8.12,0.00,178.0,90.5,0.0,72.51,53.78,8.12,26.5,436.8,0.387,763.8,22.0,9,1659.2,39459.2,20.0
2026-02-03 22:43:39.912,4541.05,30.30,401,3.786,7.89,0.00,174.1,90.4,0.0,72.50,53.79,7.89,26.5,424.2,0.376,763.7,22.0,9,1667.6,39467.6,20.0
2026-02-03 22:43:39.962,4542.05,30.35,402,2.536,5.28,0.00,117.7,90.1,0.0,72.49,53.91,5.28,26.5,284.9,0.252,763.6,22.0,9,1676.1,39476.1,20.0
2026-02-03 22:43:40.011,4543.05,30.39,403,2.528,5.27,0.00,117.6,90.1,0.0,72.49,53.91,5.27,26.5,284.0,0.251,763.5,22.0,9,1684.5,39484.5,20.0
2026-02-03 22:43:40.062,4544.05,30.43,403,2.521,5.25,0.00,117.4,90.1,0.0,72.48,53.91,5.25,26.5,283.1,0.250,763.5,22.0,9,1693.0,39493.0,20.0
2026-02-03 22:43:40.112,4545.05,30.48,404,2.513,5.24,0.00,117.2,90.1,0.0,72.47,53.91,5.24,26.5,282.3,0.249,763.4,22.0,9,1701.4,39501.4,20.0
2026-02-03 22:43:40.162,4546.05,30.25,401,0.000,0.00,0.00,0.0,84.4,0.0,72.47,54.18,0.00,26.5,0.0,0.000,763.4,22.0,9,1709.8,39509.8,20.0
2026-02-03 22:43:40.211,4547.05,30.03,398,0.000,0.00,0.00,0.0,84.4,0.0,72.47,54.18,0.00,26.5,0.0,0.000,763.4,22.0,9,1718.2,39518.2,20.0
2026-02-03 22:43:40.262,4548.05,29.81,395,0.000,0.00,0.00,0.0,84.4,0.0,72.47,54.18,0.00,26.5,0.0,0.000,763.4,22.0,9,1726.5,39526.5,20.0
2026-02-03 22:43:40.312,4549.05,29.59,392,0.000,0.00,0.00,0.0,84.4,0.0,72.47,54.18,0.00,26.5,0.0,0.000,763.4,22.0,9,1734.7,39534.7,20.0
2026-02-03 22:43:40.362,4550.05,29.37,389,0.000,0.00,0.00,0.0,84.4,0.0,72.47,54.18,0.00,26.5,0.0,0.000,763.4,22.0,9,1742.8,39542.8,20.0
2026-02-03 22:43:40.412,4551.05,29.15,386,0.000,0.00,0.00,0.0,84.4,0.0,72.47,54.18,0.00,26.5,0.0,0.000,763.4,22.0,9,1750.9,39550.9,20.0
2026-02-03 22:43:40.462,4552.05,28.93,383,0.000,0.00,0.00,0.0,84.4,0.0,72.47,54.18,0.00,26.5,0.0,0.000,763.4,22.0,9,1759.0,39559.0,20.0
2026-02-03 22:43:40.512,4553.05,28.71,380,0.000,0.00,0.00,0.0,84.4,0.0,72.47,54.18,0.00,26.5,0.0,0.000,763.4,22.0,9,1766.9,39566.9,20.0
2026-02-03 22:43:40.562,4554.05,28.49,377,0.000,0.00,0.00,0.0,84.4,0.0,72.47,54.18,0.00,26.5,0.0,0.000,763.4,22.0,9,1774.9,39574.9,20.0
2026-02-03 22:43:40.612,4555.05,28.28,375,0.000,0.00,0.00,0.0,84.4,0.0,72.47,54.18,0.00,26.5,0.0,0.000,763.4,22.0,9,1782.7,39582.7,20.0
2026-02-03 22:43:40.661,4556.05,28.06,372,0.000,0.00,0.00,0.0,84.4,0.0,72.47,54.18,0.00,26.5,0.0,0.000,763.4,22.0,9,1790.5,39590.5,20.0
2026-02-03 22:43:40.711,4557.05,27.84,369,0.000,0.00,0.00,0.0,84.4,0.0,72.47,54.18,0.00,26.5,0.0,0.000,763.4,22.0,9,1798.2,39598.2,20.0
2026-02-03 22:43:40.762,4558.05,27.63,366,0.000,0.00,0.00,0.0,84.4,0.0,72.47,54.18,0.00,26.5,0.0,0.000,763.4,22.0,9,1805.9,39605.9,20.0
2026-02-03 22:43:40.812,4559.05,27.41,363,0.000,0.00,0.00,0.0,84.4,0.0,72.47,54.18,0.00,26.5,0.0,0.000,763.4,22.0,9,1813.5,39613.5,20.0
2026-02-03 22:43:40.862,4560.05,27.20,360,0.000,0.00,0.00,0.0,84.4,0.0,72.47,54.18,0.00,26.5,0.0,0.000,763.4,22.0,9,1821.1,39621.1,20.0
2026-02-03 22:43:40.912,4561.05,26.99,357,0.000,0.00,0.00,0.0,84.4,0.0,72.47,54.18,0.00,26.5,0.0,0.000,763.4,22.0,9,1828.6,39628.6,20.0
2026-02-03 22:43:40.961,4562.05,27.08,359,2.944,6.13,0.00,122.5,89.5,0.0,72.46,53.87,6.13,26.5,330.4,0.292,763.3,22.0,9,1836.1,39636.1,20.0
2026-02-03 22:43:41.012,4563.05,26.87,356,0.000,0.00,0.00,0.0,84.4,0.0,72.46,54.17,0.00,26.5,0.0,0.000,763.3,22.0,9,1843.6,39643.6,20.0
2026-02-03 22:43:41.062,4564.05,26.97,357,2.962,6.17,0.00,122.7,89.5,0.0,72.46,53.86,6.17,26.5,332.4,0.294,763.2,22.0,9,1851.1,39651.1,20.0
2026-02-03 22:43:41.112,4565.05,27.07,359,2.946,6.14,0.00,122.5,89.5,0.0,72.45,53.86,6.14,26.5,330.6,0.292,763.1,22.0,9,1858.6,39658.6,20.0
2026-02-03 22:43:41.162,4566.05,26.86,356,0.000,0.00,0.00,0.0,84.4,0.0,72.45,54.17,0.00,26.5,0.0,0.000,763.1,22.0,9,1866.0,39666.0,20.0
2026-02-03 22:43:41.211,4567.05,26.96,357,2.964,6.18,0.00,122.7,89.5,0.0,72.44,53.86,6.18,26.5,332.6,0.294,763.0,22.0,9,1873.5,39673.5,20.0
2026-02-03 22:43:41.262,4568.05,27.06,358,2.948,6.14,0.00,122.6,89.5,0.0,72.43,53.86,6.14,26.5,330.8,0.292,762.9,22.0,9,1881.0,39681.0,20.0
2026-02-03 22:43:41.312,4569.05,26.85,356,0.000,0.00,0.00,0.0,84.4,0.0,72.43,54.17,0.00,26.5,0.0,0.000,762.9,22.0,9,1888.5,39688.5,20.0
2026-02-03 22:43:41.362,4570.05,26.95,357,2.966,6.18,0.00,122.8,89.5,0.0,72.42,53.86,6.18,26.5,332.9,0.294,762.8,22.0,9,1896.0,39696.0,20.0
2026-02-03 22:43:41.411,4571.05,27.05,358,2.950,6.15,0.00,122.6,89.5,0.0,72.42,53.86,6.15,26.5,331.0,0.293,762.7,22.0,9,1903.5,39703.5,20.0
2026-02-03 22:43:41.462,4572.05,27.27,361,4.092,8.53,0.00,168.4,90.7,0.0,72.40,53.74,8.53,26.5,458.1,0.406,762.6,22.0,9,1911.1,39711.1,20.0
2026-02-03 22:43:41.512,4573.05,27.48,364,4.043,8.42,0.00,167.9,90.7,0.0,72.39,53.74,8.42,26.5,452.6,0.401,762.5,22.0,9,1918.7,39718.7,20.0
2026-02-03 22:43:41.562,4574.05,27.68,367,3.919,8.16,0.00,164.2,90.6,0.0,72.38,53.75,8.16,26.5,438.9,0.389,762.4,22.0,9,1926.4,39726.4,20.0
2026-02-03 22:43:41.612,4575.05,27.87,369,3.800,7.92,0.00,160.6,90.4,0.0,72.37,53.76,7.92,26.5,425.7,0.377,762.2,22.0,9,1934.1,39734.1,20.0
2026-02-03 22:43:41.661,4576.05,28.05,372,3.760,7.83,0.00,160.1,90.4,0.0,72.36,53.77,7.83,26.5,421.1,0.373,762.1,22.0,9,1941.9,39741.9,20.0
2026-02-03 22:43:41.712,4577.05,28.14,373,2.845,5.93,0.00,121.8,90.4,0.0,72.35,53.86,5.93,26.5,319.2,0.282,762.0,22.0,9,1949.7,39749.7,20.0
2026-02-03 22:43:41.762,4578.05,28.22,374,2.831,5.90,0.00,121.6,90.4,0.0,72.35,53.86,5.90,26.5,317.6,0.281,762.0,22.0,9,1957.6,39757.6,20.0
2026-02-03 22:43:41.812,4579.05,28.30,375,2.817,5.87,0.00,121.4,90.4,0.0,72.34,53.86,5.87,26.5,316.1,0.279,761.9,22.0,9,1965.4,39765.4,20.0
2026-02-03 22:43:41.861,4580.05,28.38,376,2.803,5.84,0.00,121.2,90.4,0.0,72.33,53.86,5.84,26.5,314.6,0.278,761.8,22.0,9,1973.3,39773.3,20.0
2026-02-03 22:43:41.911,4581.05,28.46,377,2.790,5.81,0.00,121.0,90.4,0.0,72.32,53.86,5.81,26.5,313.1,0.277,761.7,22.0,9,1981.2,39781.2,20.0
2026-02-03 22:43:41.962,4582.05,28.54,378,2.777,5.79,0.00,120.8,90.3,0.0,72.32,53.86,5.79,26.5,311.6,0.276,761.6,22.0,9,1989.2,39789.2,20.0
2026-02-03 22:43:42.012,4583.05,28.61,379,2.764,5.76,0.00,120.6,90.3,0.0,72.31,53.86,5.76,26.5,310.2,0.274,761.5,22.0,9,1997.1,39797.1,20.0
2026-02-03 22:43:42.062,4584.05,28.69,380,2.752,5.73,0.00,120.4,90.3,0.0,72.30,53.86,5.73,26.5,308.8,0.273,761.4,22.0,9,2005.1,39805.1,20.0
2026-02-03 22:43:42.112,4585.05,28.76,381,2.740,5.71,0.00,120.1,90.3,0.0,72.29,53.86,5.71,26.5,307.4,0.272,761.3,22.0,9,2013.1,39813.1,20.0
2026-02-03 22:43:42.162,4586.05,28.83,382,2.728,5.68,0.00,119.9,90.3,0.0,72.28,53.86,5.68,26.5,306.1,0.271,761.3,22.0,9,2021.1,39821.1,20.0
2026-02-03 22:43:42.212,4587.05,28.90,383,2.716,5.66,0.00,119.7,90.3,0.0,72.28,53.86,5.66,26.5,304.8,0.269,761.2,22.0,9,2029.1,39829.1,20.0
2026-02-03 22:43:42.262,4588.05,28.97,384,2.705,5.63,0.00,119.5,90.3,0.0,72.27,53.86,5.63,26.5,303.5,0.268,761.1,22.0,9,2037.1,39837.1,20.0
2026-02-03 22:43:42.312,4589.05,29.03,385,2.693,5.61,0.00,119.3,90.3,0.0,72.26,53.86,5.61,26.5,302.2,0.267,761.0,22.0,9,2045.2,39845.2,20.0
2026-02-03 22:43:42.361,4590.05,29.10,385,2.682,5.59,0.00,119.1,90.2,0.0,72.26,53.86,5.59,26.5,301.0,0.266,760.9,22.0,9,2053.3,39853.3,20.0
2026-02-03 22:43:42.412,4591.05,29.16,386,2.671,5.57,0.00,118.9,90.2,0.0,72.25,53.86,5.57,26.5,299.8,0.265,760.8,22.0,9,2061.4,39861.4,20.0
2026-02-03 22:43:42.462,4592.05,29.23,387,2.661,5.54,0.00,118.7,90.2,0.0,72.24,53.86,5.54,26.5,298.6,0.264,760.8,22.0,9,2069.5,39869.5,20.0
2026-02-03 22:43:42.512,4593.05,29.29,388,2.651,5.52,0.00,118.5,90.2,0.0,72.23,53.86,5.52,26.5,297.4,0.263,760.7,22.0,9,2077.7,39877.7,20.0
2026-02-03 22:43:42.561,4594.05,29.35,389,2.640,5.50,0.00,118.3,90.2,0.0,72.23,53.86,5.50,26.5,296.3,0.262,760.6,22.0,9,2085.8,39885.8,20.0
2026-02-03 22:43:42.612,4595.05,29.41,390,2.630,5.48,0.00,118.2,90.2,0.0,72.22,53.86,5.48,26.5,295.1,0.261,760.5,22.0,9,2094.0,39894.0,20.0
2026-02-03 22:43:42.662,4596.05,29.46,390,2.621,5.46,0.00,118.0,90.2,0.0,72.21,53.86,5.46,26.5,294.1,0.260,760.4,22.0,9,2102.2,39902.2,20.0
2026-02-03 22:43:42.712,4597.05,29.52,391,2.611,5.44,0.00,117.8,90.2,0.0,72.20,53.86,5.44,26.5,293.0,0.259,760.3,22.0,9,2110.4,39910.4,20.0
2026-02-03 22:43:42.761,4598.05,29.58,392,2.602,5.42,0.00,117.6,90.2,0.0,72.20,53.86,5.42,26.5,291.9,0.258,760.3,22.0,9,2118.6,39918.6,20.0
2026-02-03 22:43:42.812,4599.05,29.63,392,2.593,5.40,0.00,117.4,90.2,0.0,72.19,53.86,5.40,26.5,290.9,0.257,760.2,22.0,9,2126.8,39926.8,20.0
2026-02-03 22:43:42.862,4600.05,29.68,393,2.584,5.38,0.00,117.2,90.1,0.0,72.18,53.86,5.38,26.5,289.9,0.256,760.1,22.0,9,2135.0,39935.0,20.0
2026-02-03 22:43:42.912,4601.05,29.73,394,2.575,5.36,0.00,117.1,90.1,0.0,72.18,53.86,5.36,26.5,288.9,0.255,760.0,22.0,9,2143.3,39943.3,20.0
2026-02-03 22:43:42.961,4602.05,29.79,395,2.566,5.35,0.00,116.9,90.1,0.0,72.17,53.86,5.35,26.5,287.9,0.255,759.9,22.0,9,2151.6,39951.6,20.0
2026-02-03 22:43:43.012,4603.05,29.84,395,2.558,5.33,0.00,116.7,90.1,0.0,72.16,53.86,5.33,26.5,287.0,0.254,759.9,22.0,9,2159.9,39959.9,20.0
2026-02-03 22:43:43.062,4604.05,29.88,396,2.550,5.31,0.00,116.5,90.1,0.0,72.15,53.86,5.31,26.5,286.1,0.253,759.8,22.0,9,2168.2,39968.2,20.0
2026-02-03 22:43:43.112,4605.05,29.93,396,2.542,5.29,0.00,116.4,90.1,0.0,72.15,53.86,5.29,26.5,285.2,0.252,759.7,22.0,9,2176.5,39976.5,20.0
2026-02-03 22:43:43.162,4606.05,29.98,397,2.534,5.28,0.00,116.2,90.1,0.0,72.14,53.86,5.28,26.5,284.3,0.251,759.6,22.0,9,2184.8,39984.8,20.0
2026-02-03 22:43:43.211,4607.05,30.02,398,2.526,5.26,0.00,116.0,90.1,0.0,72.13,53.86,5.26,26.5,283.4,0.251,759.5,22.0,9,2193.2,39993.2,20.0
2026-02-03 22:43:43.262,4608.05,30.08,398,2.583,5.38,0.00,118.8,90.1,0.0,72.13,53.85,5.38,26.5,289.8,0.256,759.5,22.0,9,2201.5,40001.5,20.0
2026-02-03 22:43:43.312,4609.05,30.33,402,4.505,9.38,0.00,205.2,91.2,0.0,72.11,53.65,9.38,26.5,503.4,0.447,759.3,22.0,9,2209.9,40009.9,20.0
2026-02-03 22:43:43.362,4610.05,30.58,405,4.429,9.23,0.00,203.7,91.1,0.0,72.10,53.65,9.23,26.5,495.0,0.439,759.2,22.0,9,2218.4,40018.4,20.0
2026-02-03 22:43:43.411,4611.05,30.82,408,4.356,9.07,0.00,202.1,91.0,0.0,72.09,53.66,9.07,26.5,486.9,0.432,759.1,22.0,9,2227.0,40027.0,20.0
2026-02-03 22:43:43.462,4612.05,31.05,411,4.285,8.93,0.00,200.5,90.9,0.0,72.08,53.66,8.93,26.5,479.0,0.425,758.9,22.0,9,2235.6,40035.6,20.0
2026-02-03 22:43:43.512,4613.05,31.27,414,4.217,8.78,0.00,198.9,90.9,0.0,72.07,53.67,8.78,26.5,471.5,0.418,758.8,22.0,9,2244.3,40044.3,20.0
2026-02-03 22:43:43.562,4614.05,31.48,417,4.151,8.65,0.00,197.4,90.8,0.0,72.06,53.67,8.65,26.5,464.1,0.412,758.7,22.0,9,2253.0,40053.0,20.0
2026-02-03 22:43:43.611,4615.05,31.69,420,4.087,8.52,0.00,195.8,90.7,0.0,72.04,53.68,8.52,26.5,457.1,0.405,758.5,22.0,9,2261.8,40061.8,20.0
2026-02-03 22:43:43.661,4616.05,31.88,422,3.968,8.27,0.00,191.6,90.6,0.0,72.03,53.69,8.27,26.5,443.9,0.394,758.4,22.0,9,2270.7,40070.7,20.0
2026-02-03 22:43:43.712,4617.05,32.07,425,3.912,8.15,0.00,190.2,90.5,0.0,72.02,53.69,8.15,26.5,437.6,0.388,758.3,22.0,9,2279.6,40079.6,20.0
2026-02-03 22:43:43.762,4618.05,32.24,427,3.801,7.92,0.00,186.1,90.4,0.0,72.01,53.70,7.92,26.5,425.3,0.377,758.2,22.0,9,2288.6,40088.6,20.0
2026-02-03 22:43:43.811,4619.05,32.41,429,3.751,7.81,0.00,184.8,90.4,0.0,72.00,53.71,7.81,26.5,419.7,0.372,758.1,22.0,9,2297.6,40097.6,20.0
2026-02-03 22:43:43.861,4620.05,32.57,431,3.648,7.60,0.00,180.8,90.3,0.0,71.99,53.71,7.60,26.5,408.2,0.362,757.9,22.0,9,2306.6,40106.6,20.0
2026-02-03 22:43:43.912,4621.05,32.72,433,3.603,7.51,0.00,179.6,90.2,0.0,71.98,53.72,7.51,26.5,403.2,0.357,757.8,22.0,9,2315.7,40115.7,20.0
2026-02-03 22:43:43.962,4622.05,32.86,435,3.507,7.31,0.00,175.8,90.1,0.0,71.97,53.73,7.31,26.5,392.5,0.348,757.7,22.0,9,2324.8,40124.8,20.0
2026-02-03 22:43:44.012,4623.05,33.00,437,3.467,7.22,0.00,174.6,90.1,0.0,71.96,53.73,7.22,26.5,388.1,0.344,757.6,22.0,9,2334.0,40134.0,20.0
2026-02-03 22:43:44.061,4624.05,33.13,439,3.429,7.14,0.00,173.5,90.0,0.0,71.95,53.73,7.14,26.5,383.8,0.340,757.5,22.0,9,2343.2,40143.2,20.0
2026-02-03 22:43:44.112,4625.05,33.25,441,3.341,6.96,0.00,169.9,89.9,0.0,71.94,53.74,6.96,26.5,374.0,0.331,757.4,22.0,9,2352.4,40152.4,20.0
2026-02-03 22:43:44.162,4626.05,33.37,442,3.307,6.89,0.00,168.9,89.9,0.0,71.93,53.74,6.89,26.5,370.2,0.328,757.3,22.0,9,2361.7,40161.7,20.0
2026-02-03 22:43:44.212,4627.05,33.48,444,3.224,6.72,0.00,165.4,89.8,0.0,71.93,53.75,6.72,26.6,361.0,0.320,757.2,22.0,9,2371.0,40171.0,20.0
2026-02-03 22:43:44.262,4628.05,33.58,445,3.194,6.65,0.00,164.4,89.8,0.0,71.92,53.75,6.65,26.6,357.7,0.317,757.1,22.0,9,2380.3,40180.3,20.0
2026-02-03 22:43:44.312,4629.05,33.69,446,3.166,6.60,0.00,163.5,89.8,0.0,71.91,53.75,6.60,26.6,354.5,0.314,757.0,22.0,9,2389.7,40189.7,20.0
2026-02-03 22:43:44.362,4630.05,33.78,448,3.089,6.44,0.00,160.2,89.7,0.0,71.90,53.76,6.44,26.6,345.9,0.306,756.9,22.0,9,2399.1,40199.1,20.0
2026-02-03 22:43:44.412,4631.05,33.87,449,3.064,6.38,0.00,159.4,89.6,0.0,71.89,53.76,6.38,26.6,343.1,0.304,756.8,22.0,9,2408.5,40208.5,20.0
2026-02-03 22:43:44.461,4632.05,33.96,450,3.040,6.33,0.00,158.6,89.6,0.0,71.88,53.76,6.33,26.6,340.4,0.302,756.7,22.0,9,2417.9,40217.9,20.0
2026-02-03 22:43:44.512,4633.05,34.04,451,3.016,6.28,0.00,157.8,89.6,0.0,71.87,53.76,6.28,26.6,337.8,0.299,756.6,22.0,9,2427.4,40227.4,20.0
2026-02-03 22:43:44.562,4634.05,34.12,452,2.946,6.14,0.00,154.6,89.5,0.0,71.87,53.77,6.14,26.6,330.0,0.292,756.5,22.0,9,2436.8,40236.8,20.0
2026-02-03 22:43:44.612,4635.05,34.20,453,2.925,6.09,0.00,154.0,89.5,0.0,71.86,53.77,6.09,26.6,327.7,0.290,756.4,22.0,9,2446.3,40246.3,20.0
2026-02-03 22:43:44.662,4636.05,34.27,454,2.906,6.05,0.00,153.3,89.5,0.0,71.85,53.77,6.05,26.6,325.5,0.288,756.3,22.0,9,2455.9,40255.9,20.0
2026-02-03 22:43:44.712,4637.05,34.34,455,2.887,6.01,0.00,152.6,89.5,0.0,71.84,53.77,6.01,26.6,323.4,0.286,756.3,22.0,9,2465.4,40265.4,20.0
2026-02-03 22:43:44.762,4638.05,34.40,456,2.822,5.88,0.00,148.0,90.4,0.0,71.83,53.77,5.88,26.6,316.1,0.280,756.2,22.0,9,2475.0,40275.0,20.0
2026-02-03 22:43:44.812,4639.05,34.46,457,2.806,5.84,0.00,147.4,90.4,0.0,71.83,53.77,5.84,26.6,314.3,0.278,756.1,22.0,9,2484.5,40284.5,20.0
2026-02-03 22:43:44.862,4640.05,34.52,457,2.790,5.81,0.00,146.9,90.4,0.0,71.82,53.77,5.81,26.6,312.5,0.277,756.0,22.0,9,2494.1,40294.1,20.0
2026-02-03 22:43:44.911,4641.05,34.58,458,2.774,5.78,0.00,146.4,90.3,0.0,71.81,53.78,5.78,26.6,310.8,0.275,755.9,22.0,9,2503.7,40303.7,20.0
2026-02-03 22:43:44.962,4642.05,34.64,459,2.759,5.75,0.00,145.8,90.3,0.0,71.80,53.78,5.75,26.6,309.1,0.274,755.8,22.0,9,2513.3,40313.3,20.0
2026-02-03 22:43:45.012,4643.05,34.69,460,2.745,5.72,0.00,145.3,90.3,0.0,71.80,53.78,5.72,26.6,307.5,0.272,755.7,22.0,9,2523.0,40323.0,20.0
2026-02-03 22:43:45.062,4644.05,34.74,460,2.686,5.60,0.00,142.5,90.3,0.0,71.79,53.78,5.60,26.6,301.0,0.266,755.7,22.0,9,2532.6,40332.6,20.0
2026-02-03 22:43:45.112,4645.05,34.78,461,2.674,5.57,0.00,142.1,90.2,0.0,71.78,53.78,5.57,26.6,299.6,0.265,755.6,22.0,9,2542.3,40342.3,20.0
2026-02-03 22:43:45.162,4646.05,34.83,461,2.662,5.55,0.00,141.7,90.2,0.0,71.77,53.78,5.55,26.6,298.3,0.264,755.5,22.0,9,2552.0,40352.0,20.0
2026-02-03 22:43:45.211,4647.05,34.87,462,2.651,5.52,0.00,141.3,90.2,0.0,71.77,53.78,5.52,26.6,297.0,0.263,755.4,22.0,9,2561.7,40361.7,20.0
2026-02-03 22:43:45.262,4648.05,34.91,463,2.640,5.50,0.00,140.9,90.2,0.0,71.76,53.78,5.50,26.6,295.8,0.262,755.3,22.0,9,2571.4,40371.4,20.0
2026-02-03 22:43:45.312,4649.05,34.96,463,2.629,5.48,0.00,140.5,90.2,0.0,71.75,53.78,5.48,26.6,294.6,0.261,755.2,22.0,9,2581.1,40381.1,20.0
2026-02-03 22:43:45.362,4650.05,34.99,464,2.619,5.46,0.00,140.1,90.2,0.0,71.74,53.78,5.46,26.6,293.4,0.260,755.2,22.0,9,2590.8,40390.8,20.0
2026-02-03 22:43:45.411,4651.05,35.03,464,2.609,5.43,0.00,139.8,90.2,0.0,71.74,53.78,5.43,26.6,292.3,0.259,755.1,22.0,9,2600.5,40400.5,20.0
2026-02-03 22:43:45.462,4652.05,35.07,465,2.556,5.32,0.00,137.2,90.1,0.0,71.73,53.78,5.32,26.6,286.4,0.254,755.0,22.0,9,2610.3,40410.3,20.0
2026-02-03 22:43:45.512,4653.05,35.10,465,2.547,5.31,0.00,136.9,90.1,0.0,71.72,53.78,5.31,26.6,285.4,0.253,754.9,22.0,9,2620.0,40420.0,20.0
2026-02-03 22:43:45.562,4654.05,35.13,465,2.540,5.29,0.00,136.6,90.1,0.0,71.72,53.78,5.29,26.6,284.6,0.252,754.8,22.0,9,2629.8,40429.8,20.0
2026-02-03 22:43:45.612,4655.05,35.16,466,2.532,5.27,0.00,136.3,90.1,0.0,71.71,53.78,5.27,26.6,283.7,0.251,754.8,22.0,9,2639.5,40439.5,20.0
2026-02-03 22:43:45.661,4656.05,35.19,466,2.524,5.26,0.00,136.0,90.1,0.0,71.70,53.78,5.26,26.6,282.9,0.250,754.7,22.0,9,2649.3,40449.3,20.0
2026-02-03 22:43:45.712,4657.05,35.21,467,2.517,5.24,0.00,135.7,90.1,0.0,71.70,53.78,5.24,26.6,282.0,0.250,754.6,22.0,9,2659.1,40459.1,20.0
2026-02-03 22:43:45.762,4658.05,35.24,467,2.510,5.23,0.00,135.5,90.1,0.0,71.69,53.78,5.23,26.6,281.3,0.249,754.5,22.0,9,2668.9,40468.9,20.0
2026-02-03 22:43:45.812,4659.05,35.27,467,2.503,5.22,0.00,135.2,90.1,0.0,71.68,53.78,5.22,26.6,280.5,0.248,754.5,22.0,9,2678.7,40478.7,20.0
2026-02-03 22:43:45.862,4660.05,35.29,468,2.497,5.20,0.00,135.0,90.1,0.0,71.68,53.78,5.20,26.6,279.8,0.248,754.4,22.0,9,2688.5,40488.5,20.0
2026-02-03 22:43:45.911,4661.05,35.32,468,2.490,5.19,0.00,134.7,90.0,0.0,71.67,53.78,5.19,26.6,279.0,0.247,754.3,22.0,9,2698.3,40498.3,20.0
2026-02-03 22:43:45.962,4662.05,35.34,468,2.484,5.18,0.00,134.5,90.0,0.0,71.66,53.78,5.18,26.6,278.3,0.246,754.2,22.0,9,2708.1,40508.1,20.0
2026-02-03 22:43:46.012,4663.05,35.36,468,2.436,5.08,0.00,132.1,90.0,0.0,71.65,53.78,5.08,26.6,273.0,0.242,754.1,22.0,9,2717.9,40517.9,20.0
2026-02-03 22:43:46.062,4664.05,35.30,468,1.677,3.49,0.00,91.8,89.2,0.0,71.65,53.86,3.49,26.6,188.2,0.166,754.1,22.0,9,2727.7,40527.7,20.0
2026-02-03 22:43:46.111,4665.05,35.24,467,1.687,3.52,0.00,92.2,89.2,0.0,71.65,53.86,3.52,26.6,189.3,0.167,754.0,22.0,9,2737.5,40537.5,20.0
2026-02-03 22:43:46.162,4666.05,35.18,466,1.698,3.54,0.00,92.6,89.2,0.0,71.64,53.86,3.54,26.6,190.5,0.168,754.0,22.0,9,2747.3,40547.3,20.0
2026-02-03 22:43:46.212,4667.05,35.12,465,1.708,3.56,0.00,92.9,89.2,0.0,71.64,53.86,3.56,26.5,191.6,0.169,753.9,22.0,9,2757.1,40557.1,20.0
2026-02-03 22:43:46.262,4668.05,35.07,465,1.717,3.58,0.00,93.3,89.2,0.0,71.63,53.86,3.58,26.5,192.7,0.170,753.9,22.0,9,2766.8,40566.8,20.0
2026-02-03 22:43:46.311,4669.05,35.01,464,1.727,3.60,0.00,93.7,89.2,0.0,71.63,53.85,3.60,26.5,193.8,0.171,753.8,22.0,9,2776.5,40576.5,20.0
2026-02-03 22:43:46.362,4670.05,34.96,463,1.736,3.62,0.00,94.0,89.2,0.0,71.62,53.85,3.62,26.5,194.8,0.172,753.8,22.0,9,2786.2,40586.2,20.0
2026-02-03 22:43:46.412,4671.05,34.90,462,1.746,3.64,0.00,94.4,89.3,0.0,71.62,53.85,3.64,26.5,195.8,0.173,753.7,22.0,9,2795.9,40595.9,20.0
2026-02-03 22:43:46.462,4672.05,34.85,462,1.755,3.66,0.00,94.7,89.3,0.0,71.61,53.85,3.66,26.5,196.8,0.174,753.7,22.0,9,2805.6,40605.6,20.0
2026-02-03 22:43:46.511,4673.05,34.80,461,1.763,3.67,0.00,95.0,89.3,0.0,71.61,53.85,3.67,26.5,197.8,0.175,753.6,22.0,9,2815.3,40615.3,20.0
2026-02-03 22:43:46.561,4674.05,34.75,460,1.772,3.69,0.00,95.3,89.3,0.0,71.60,53.84,3.69,26.5,198.8,0.176,753.6,22.0,9,2824.9,40624.9,20.0
2026-02-03 22:43:46.612,4675.05,34.70,460,1.780,3.71,0.00,95.6,89.3,0.0,71.60,53.84,3.71,26.5,199.7,0.177,753.5,22.0,9,2834.6,40634.6,20.0
2026-02-03 22:43:46.662,4676.05,34.66,459,1.789,3.73,0.00,95.9,89.3,0.0,71.59,53.84,3.73,26.5,200.6,0.177,753.4,22.0,9,2844.2,40644.2,20.0
2026-02-03 22:43:46.712,4677.05,34.61,459,1.797,3.74,0.00,96.2,89.3,0.0,71.59,53.84,3.74,26.5,201.5,0.178,753.4,22.0,9,2853.8,40653.8,20.0
2026-02-03 22:43:46.762,4678.05,34.56,458,1.805,3.76,0.00,96.5,89.3,0.0,71.58,53.84,3.76,26.5,202.4,0.179,753.3,22.0,9,2863.4,40663.4,20.0
2026-02-03 22:43:46.811,4679.05,34.52,457,1.812,3.78,0.00,96.8,89.3,0.0,71.58,53.84,3.78,26.5,203.3,0.180,753.3,22.0,9,2873.0,40673.0,20.0
2026-02-03 22:43:46.862,4680.05,34.48,457,1.820,3.79,0.00,97.1,89.3,0.0,71.57,53.83,3.79,26.5,204.1,0.181,753.2,22.0,9,2882.6,40682.6,20.0
2026-02-03 22:43:46.912,4681.05,34.43,456,1.827,3.81,0.00,97.3,89.3,0.0,71.57,53.83,3.81,26.5,204.9,0.181,753.2,22.0,9,2892.1,40692.1,20.0
2026-02-03 22:43:46.962,4682.05,34.39,456,1.834,3.82,0.00,97.6,89.4,0.0,71.56,53.83,3.82,26.5,205.7,0.182,753.1,22.0,9,2901.7,40701.7,20.0
2026-02-03 22:43:47.012,4683.05,34.35,455,1.841,3.84,0.00,97.8,89.4,0.0,71.56,53.83,3.84,26.5,206.5,0.183,753.0,22.0,9,2911.2,40711.2,20.0
2026-02-03 22:43:47.062,4684.05,34.31,455,1.848,3.85,0.00,98.1,89.4,0.0,71.55,53.83,3.85,26.5,207.3,0.183,753.0,22.0,9,2920.8,40720.8,20.0
2026-02-03 22:43:47.112,4685.05,34.27,454,1.855,3.86,0.00,98.3,89.4,0.0,71.55,53.83,3.86,26.5,208.0,0.184,752.9,22.0,9,2930.3,40730.3,20.0
2026-02-03 22:43:47.162,4686.05,34.23,454,1.862,3.88,0.00,98.5,89.4,0.0,71.54,53.83,3.88,26.5,208.8,0.185,752.9,22.0,9,2939.8,40739.8,20.0
2026-02-03 22:43:47.212,4687.05,34.20,453,1.868,3.89,0.00,98.8,89.4,0.0,71.54,53.82,3.89,26.5,209.5,0.185,752.8,22.0,9,2949.3,40749.3,20.0
2026-02-03 22:43:47.261,4688.05,34.16,453,1.875,3.91,0.00,99.0,89.4,0.0,71.53,53.82,3.91,26.5,210.2,0.186,752.8,22.0,9,2958.8,40758.8,20.0
2026-02-03 22:43:47.311,4689.05,34.12,452,1.881,3.92,0.00,99.2,89.4,0.0,71.53,53.82,3.92,26.5,210.9,0.187,752.7,22.0,9,2968.3,40768.3,20.0
2026-02-03 22:43:47.362,4690.05,34.09,452,1.887,3.93,0.00,99.4,89.4,0.0,71.52,53.82,3.93,26.5,211.6,0.187,752.6,22.0,9,2977.7,40777.7,20.0
2026-02-03 22:43:47.412,4691.05,34.05,451,1.893,3.94,0.00,99.6,89.4,0.0,71.52,53.82,3.94,26.5,212.2,0.188,752.6,22.0,9,2987.2,40787.2,20.0
2026-02-03 22:43:47.462,4692.05,34.02,451,1.899,3.96,0.00,99.8,89.4,0.0,71.51,53.82,3.96,26.5,212.9,0.188,752.5,22.0,9,2996.6,40796.6,20.0
2026-02-03 22:43:47.511,4693.05,33.99,450,1.904,3.97,0.00,100.0,89.4,0.0,71.51,53.81,3.97,26.5,213.5,0.189,752.5,22.0,9,3006.1,40806.1,20.0
2026-02-03 22:43:47.561,4694.05,34.04,451,2.722,5.67,0.00,141.4,90.3,0.0,71.50,53.73,5.67,26.5,304.7,0.270,752.4,22.0,9,3015.5,40815.5,20.0
2026-02-03 22:43:47.612,4695.05,34.09,452,2.661,5.54,0.00,138.6,90.2,0.0,71.49,53.73,5.54,26.5,297.9,0.264,752.3,22.0,9,3025.0,40825.0,20.0
2026-02-03 22:43:47.662,4696.05,34.13,452,2.650,5.52,0.00,138.2,90.2,0.0,71.48,53.73,5.52,26.5,296.7,0.263,752.2,22.0,9,3034.5,40834.5,20.0
2026-02-03 22:43:47.712,4697.05,34.18,453,2.639,5.50,0.00,137.9,90.2,0.0,71.48,53.73,5.50,26.5,295.4,0.262,752.1,22.0,9,3044.0,40844.0,20.0
2026-02-03 22:43:47.762,4698.05,34.22,453,2.629,5.48,0.00,137.5,90.2,0.0,71.47,53.73,5.48,26.5,294.2,0.261,752.0,22.0,9,3053.5,40853.5,20.0
2026-02-03 22:43:47.811,4699.05,34.26,454,2.618,5.45,0.00,137.2,90.2,0.0,71.46,53.73,5.45,26.5,293.1,0.260,752.0,22.0,9,3063.0,40863.0,20.0
2026-02-03 22:43:47.862,4700.05,34.31,454,2.608,5.43,0.00,136.8,90.2,0.0,71.45,53.73,5.43,26.5,292.0,0.259,751.9,22.0,9,3072.5,40872.5,20.0
2026-02-03 22:43:47.912,4701.05,34.35,455,2.599,5.41,0.00,136.5,90.2,0.0,71.45,53.73,5.41,26.5,290.9,0.258,751.8,22.0,9,3082.1,40882.1,20.0
2026-02-03 22:43:47.962,4702.05,34.38,455,2.543,5.30,0.00,133.8,90.1,0.0,71.44,53.74,5.30,26.5,284.7,0.252,751.7,22.0,9,3091.6,40891.6,20.0
2026-02-03 22:43:48.012,4703.05,34.41,456,2.535,5.28,0.00,133.5,90.1,0.0,71.43,53.74,5.28,26.5,283.8,0.251,751.6,22.0,9,3101.2,40901.2,20.0
2026-02-03 22:43:48.061,4704.05,34.44,456,2.527,5.27,0.00,133.3,90.1,0.0,71.43,53.74,5.27,26.5,282.9,0.251,751.6,22.0,9,3110.7,40910.7,20.0
2026-02-03 22:43:48.112,4705.05,34.47,457,2.520,5.25,0.00,133.0,90.1,0.0,71.42,53.74,5.25,26.5,282.1,0.250,751.5,22.0,9,3120.3,40920.3,20.0
2026-02-03 22:43:48.162,4706.05,34.50,457,2.513,5.23,0.00,132.8,90.1,0.0,71.41,53.74,5.23,26.5,281.3,0.249,751.4,22.0,9,3129.9,40929.9,20.0
2026-02-03 22:43:48.212,4707.05,34.53,458,2.506,5.22,0.00,132.5,90.1,0.0,71.41,53.74,5.22,26.5,280.5,0.249,751.3,22.0,9,3139.5,40939.5,20.0
2026-02-03 22:43:48.262,4708.05,34.56,458,2.499,5.21,0.00,132.3,90.1,0.0,71.40,53.73,5.21,26.5,279.8,0.248,751.3,22.0,9,3149.1,40949.1,20.0
2026-02-03 22:43:48.312,4709.05,34.59,458,2.492,5.19,0.00,132.1,90.0,0.0,71.39,53.73,5.19,26.5,279.0,0.247,751.2,22.0,9,3158.7,40958.7,20.0
2026-02-03 22:43:48.361,4710.05,34.62,459,2.486,5.18,0.00,131.8,90.0,0.0,71.39,53.73,5.18,26.5,278.3,0.247,751.1,22.0,9,3168.3,40968.3,20.0
2026-02-03 22:43:48.411,4711.05,34.64,459,2.480,5.17,0.00,131.6,90.0,0.0,71.38,53.73,5.17,26.5,277.6,0.246,751.0,22.0,9,3178.0,40978.0,20.0
2026-02-03 22:43:48.462,4712.05,34.67,459,2.474,5.15,0.00,131.4,90.0,0.0,71.37,53.73,5.15,26.5,276.9,0.245,750.9,22.0,9,3187.6,40987.6,20.0
2026-02-03 22:43:48.512,4713.05,34.69,460,2.423,5.05,0.00,128.9,90.0,0.0,71.36,53.74,5.05,26.5,271.2,0.240,750.9,22.0,9,3197.2,40997.2,20.0
2026-02-03 22:43:48.562,4714.05,34.71,460,2.418,5.04,0.00,128.7,90.0,0.0,71.36,53.74,5.04,26.5,270.7,0.240,750.8,22.0,9,3206.9,41006.9,20.0
2026-02-03 22:43:48.611,4715.05,34.73,460,2.414,5.03,0.00,128.6,90.0,0.0,71.35,53.74,5.03,26.5,270.2,0.239,750.7,22.0,9,3216.5,41016.5,20.0
2026-02-03 22:43:48.661,4716.05,34.68,459,1.785,3.72,0.00,95.8,89.3,0.0,71.35,53.80,3.72,26.5,200.1,0.177,750.7,22.0,9,3226.1,41026.1,20.0
2026-02-03 22:43:48.712,4717.05,34.44,456,0.000,0.00,0.00,0.0,84.4,0.0,71.35,53.99,0.00,26.5,0.0,0.000,750.7,22.0,9,3235.7,41035.7,20.0
2026-02-03 22:43:48.762,4718.05,34.20,453,0.000,0.00,0.00,0.0,84.4,0.0,71.35,53.99,0.00,26.5,0.0,0.000,750.7,22.0,9,3245.2,41045.2,20.0
2026-02-03 22:43:48.811,4719.05,33.97,450,0.000,0.00,0.00,0.0,84.4,0.0,71.35,53.99,0.00,26.5,0.0,0.000,750.7,22.0,9,3254.6,41054.6,20.0
2026-02-03 22:43:48.862,4720.05,33.74,447,0.000,0.00,0.00,0.0,84.4,0.0,71.35,53.99,0.00,26.5,0.0,0.000,750.7,22.0,9,3264.0,41064.0,20.0
2026-02-03 22:43:48.912,4721.05,33.50,444,0.000,0.00,0.00,0.0,84.4,0.0,71.35,53.99,0.00,26.5,0.0,0.000,750.7,22.0,9,3273.3,41073.3,20.0
2026-02-03 22:43:48.962,4722.05,33.27,441,0.000,0.00,0.00,0.0,84.4,0.0,71.35,53.99,0.00,26.5,0.0,0.000,750.7,22.0,9,3282.6,41082.6,20.0
2026-02-03 22:43:49.011,4723.05,33.04,438,0.000,0.00,0.00,0.0,84.4,0.0,71.35,53.99,0.00,26.5,0.0,0.000,750.7,22.0,9,3291.7,41091.7,20.0
2026-02-03 22:43:49.062,4724.05,32.81,435,0.000,0.00,0.00,0.0,84.4,0.0,71.35,53.99,0.00,26.5,0.0,0.000,750.7,22.0,9,3300.8,41100.8,20.0
2026-02-03 22:43:49.112,4725.05,32.58,432,0.000,0.00,0.00,0.0,84.4,0.0,71.35,53.99,0.00,26.5,0.0,0.000,750.7,22.0,9,3309.9,41109.9,20.0
2026-02-03 22:43:49.162,4726.05,32.35,428,0.000,0.00,0.00,0.0,84.4,0.0,71.35,53.99,0.00,26.5,0.0,0.000,750.7,22.0,9,3318.9,41118.9,20.0
2026-02-03 22:43:49.212,4727.05,32.12,425,0.000,0.00,0.00,0.0,84.4,0.0,71.35,53.99,0.00,26.5,0.0,0.000,750.7,22.0,9,3327.8,41127.8,20.0
2026-02-03 22:43:49.261,4728.05,31.89,422,0.000,0.00,0.00,0.0,84.4,0.0,71.35,53.99,0.00,26.5,0.0,0.000,750.7,22.0,9,3336.7,41136.7,20.0
2026-02-03 22:43:49.312,4729.05,31.66,419,0.000,0.00,0.00,0.0,84.4,0.0,71.35,53.99,0.00,26.5,0.0,0.000,750.7,22.0,9,3345.5,41145.5,20.0
2026-02-03 22:43:49.362,4730.05,31.43,416,0.000,0.00,0.00,0.0,84.4,0.0,71.35,53.99,0.00,26.5,0.0,0.000,750.7,22.0,9,3354.2,41154.2,20.0
2026-02-03 22:43:49.412,4731.05,31.21,413,0.000,0.00,0.00,0.0,84.4,0.0,71.35,53.99,0.00,26.5,0.0,0.000,750.7,22.0,9,3362.9,41162.9,20.0
2026-02-03 22:43:49.461,4732.05,31.24,414,2.382,4.96,0.00,114.1,89.9,0.0,71.34,53.74,4.96,26.5,266.7,0.236,750.6,22.0,9,3371.5,41171.5,20.0
2026-02-03 22:43:49.512,4733.05,31.26,414,2.377,4.95,0.00,114.0,89.9,0.0,71.33,53.74,4.95,26.5,266.1,0.236,750.5,22.0,9,3380.2,41180.2,20.0
2026-02-03 22:43:49.562,4734.05,31.29,414,2.373,4.94,0.00,113.9,89.9,0.0,71.33,53.74,4.94,26.5,265.6,0.235,750.4,22.0,9,3388.9,41188.9,20.0
2026-02-03 22:43:49.612,4735.05,31.06,411,0.000,0.00,0.00,0.0,84.4,0.0,71.33,53.98,0.00,26.5,0.0,0.000,750.4,22.0,9,3397.5,41197.5,20.0
2026-02-03 22:43:49.662,4736.05,30.84,408,0.000,0.00,0.00,0.0,84.4,0.0,71.33,53.98,0.00,26.5,0.0,0.000,750.4,22.0,9,3406.1,41206.1,20.0
2026-02-03 22:43:49.712,4737.05,30.61,406,0.000,0.00,0.00,0.0,84.4,0.0,71.33,53.98,0.00,26.5,0.0,0.000,750.4,22.0,9,3414.6,41214.6,20.0
2026-02-03 22:43:49.762,4738.05,30.39,403,0.000,0.00,0.00,0.0,84.4,0.0,71.33,53.98,0.00,26.5,0.0,0.000,750.4,22.0,9,3423.0,41223.0,20.0
2026-02-03 22:43:49.812,4739.05,30.17,400,0.000,0.00,0.00,0.0,84.4,0.0,71.33,53.98,0.00,26.5,0.0,0.000,750.4,22.0,9,3431.4,41231.4,20.0
2026-02-03 22:43:49.862,4740.05,29.94,397,0.000,0.00,0.00,0.0,84.4,0.0,71.33,53.98,0.00,26.5,0.0,0.000,750.4,22.0,9,3439.7,41239.7,20.0
2026-02-03 22:43:49.912,4741.05,29.72,394,0.000,0.00,0.00,0.0,84.4,0.0,71.33,53.98,0.00,26.5,0.0,0.000,750.4,22.0,9,3448.0,41248.0,20.0
2026-02-03 22:43:49.961,4742.05,29.50,391,0.000,0.00,0.00,0.0,84.4,0.0,71.33,53.98,0.00,26.5,0.0,0.000,750.4,22.0,9,3456.2,41256.2,20.0
2026-02-03 22:43:50.012,4743.05,29.28,388,0.000,0.00,0.00,0.0,84.4,0.0,71.33,53.98,0.00,26.5,0.0,0.000,750.4,22.0,9,3464.3,41264.3,20.0
2026-02-03 22:43:50.062,4744.05,29.06,385,0.000,0.00,0.00,0.0,84.4,0.0,71.33,53.98,0.00,26.5,0.0,0.000,750.4,22.0,9,3472.4,41272.4,20.0
2026-02-03 22:43:50.112,4745.05,28.84,382,0.000,0.00,0.00,0.0,84.4,0.0,71.33,53.98,0.00,26.5,0.0,0.000,750.4,22.0,9,3480.4,41280.4,20.0
2026-02-03 22:43:50.162,4746.05,28.63,379,0.000,0.00,0.00,0.0,84.4,0.0,71.33,53.98,0.00,26.5,0.0,0.000,750.4,22.0,9,3488.4,41288.4,20.0
2026-02-03 22:43:50.212,4747.05,28.41,376,0.000,0.00,0.00,0.0,84.4,0.0,71.33,53.98,0.00,26.5,0.0,0.000,750.4,22.0,9,3496.3,41296.3,20.0
2026-02-03 22:43:50.262,4748.05,28.19,373,0.000,0.00,0.00,0.0,84.4,0.0,71.33,53.98,0.00,26.5,0.0,0.000,750.4,22.0,9,3504.1,41304.1,20.0
2026-02-03 22:43:50.312,4749.05,27.97,371,0.000,0.00,0.00,0.0,84.4,0.0,71.33,53.98,0.00,26.5,0.0,0.000,750.4,22.0,9,3511.9,41311.9,20.0
2026-02-03 22:43:50.362,4750.05,27.76,368,0.000,0.00,0.00,0.0,84.4,0.0,71.33,53.98,0.00,26.5,0.0,0.000,750.4,22.0,9,3519.6,41319.6,20.0
2026-02-03 22:43:50.412,4751.05,27.54,365,0.000,0.00,0.00,0.0,84.4,0.0,71.33,53.98,0.00,26.5,0.0,0.000,750.4,22.0,9,3527.2,41327.2,20.0
2026-02-03 22:43:50.461,4752.05,27.33,362,0.000,0.00,0.00,0.0,84.4,0.0,71.33,53.98,0.00,26.5,0.0,0.000,750.4,22.0,9,3534.8,41334.8,20.0
2026-02-03 22:43:50.512,4753.05,27.12,359,0.000,0.00,0.00,0.0,84.4,0.0,71.33,53.98,0.00,26.5,0.0,0.000,750.4,22.0,9,3542.3,41342.3,20.0
2026-02-03 22:43:50.562,4754.05,26.90,356,0.000,0.00,0.00,0.0,84.4,0.0,71.33,53.98,0.00,26.5,0.0,0.000,750.4,22.0,9,3549.8,41349.8,20.0
2026-02-03 22:43:50.612,4755.05,26.69,353,0.000,0.00,0.00,0.0,84.4,0.0,71.33,53.98,0.00,26.5,0.0,0.000,750.4,22.0,9,3557.2,41357.2,20.0
2026-02-03 22:43:50.661,4756.05,26.48,351,0.000,0.00,0.00,0.0,84.4,0.0,71.33,53.98,0.00,26.5,0.0,0.000,750.4,22.0,9,3564.6,41364.6,20.0
2026-02-03 22:43:50.712,4757.05,26.26,348,0.000,0.00,0.00,0.0,84.4,0.0,71.33,53.98,0.00,26.5,0.0,0.000,750.4,22.0,9,3571.9,41371.9,20.0
2026-02-03 22:43:50.762,4758.05,26.05,345,0.000,0.00,0.00,0.0,84.4,0.0,71.33,53.98,0.00,26.5,0.0,0.000,750.4,22.0,9,3579.1,41379.1,20.0
2026-02-03 22:43:50.812,4759.05,25.84,342,0.000,0.00,0.00,0.0,84.4,0.0,71.33,53.98,0.00,26.5,0.0,0.000,750.4,22.0,9,3586.3,41386.3,20.0
2026-02-03 22:43:50.862,4760.05,25.63,339,0.000,0.00,0.00,0.0,84.4,0.0,71.33,53.98,0.00,26.5,0.0,0.000,750.4,22.0,9,3593.4,41393.4,20.0
2026-02-03 22:43:50.912,4761.05,25.42,337,0.000,0.00,0.00,0.0,84.4,0.0,71.33,53.98,0.00,26.5,0.0,0.000,750.4,22.0,9,3600.5,41400.5,20.0
2026-02-03 22:43:50.962,4762.05,25.84,342,5.887,12.26,0.00,220.6,93.7,0.0,71.31,53.37,12.26,26.5,654.5,0.584,750.3,22.0,9,3607.7,41407.7,20.0
2026-02-03 22:43:51.012,4763.05,26.24,347,5.764,12.01,0.00,219.6,93.7,0.0,71.29,53.38,12.01,26.5,640.9,0.572,750.1,22.0,9,3614.9,41414.9,20.0
2026-02-03 22:43:51.062,4764.05,26.63,353,5.645,11.76,0.00,221.5,92.3,0.0,71.28,53.39,11.76,26.5,627.8,0.560,749.9,22.0,9,3622.3,41422.3,20.0
2026-02-03 22:43:51.111,4765.05,27.00,358,5.530,11.52,0.00,220.5,92.2,0.0,71.26,53.40,11.52,26.5,615.2,0.549,749.7,22.0,9,3629.8,41429.8,20.0
2026-02-03 22:43:51.161,4766.05,27.36,362,5.419,11.29,0.00,219.3,92.1,0.0,71.25,53.41,11.29,26.5,602.9,0.538,749.6,22.0,9,3637.4,41437.4,20.0
2026-02-03 22:43:51.212,4767.05,27.71,367,5.312,11.07,0.00,218.1,92.0,0.0,71.23,53.41,11.07,26.5,591.1,0.527,749.4,22.0,9,3645.1,41445.1,20.0
2026-02-03 22:43:51.262,4768.05,28.04,371,5.208,10.85,0.00,216.9,91.9,0.0,71.22,53.42,10.85,26.5,579.7,0.517,749.2,22.0,9,3652.9,41452.9,20.0
2026-02-03 22:43:51.312,4769.05,28.37,376,5.108,10.64,0.00,215.5,91.8,0.0,71.21,53.43,10.64,26.5,568.6,0.507,749.1,22.0,9,3660.8,41460.8,20.0
2026-02-03 22:43:51.362,4770.05,28.68,380,5.012,10.44,0.00,214.1,91.7,0.0,71.19,53.44,10.44,26.5,558.0,0.497,748.9,22.0,9,3668.8,41468.8,20.0
2026-02-03 22:43:51.412,4771.05,28.99,384,4.919,10.25,0.00,212.7,91.6,0.0,71.18,53.45,10.25,26.5,547.7,0.488,748.8,22.0,9,3676.8,41476.8,20.0
2026-02-03 22:43:51.462,4772.05,29.28,388,4.829,10.06,0.00,211.2,91.5,0.0,71.17,53.45,10.06,26.5,537.7,0.479,748.6,22.0,9,3685.0,41485.0,20.0
2026-02-03 22:43:51.512,4773.05,29.56,392,4.742,9.88,0.00,209.7,91.4,0.0,71.15,53.46,9.88,26.5,528.1,0.470,748.5,22.0,9,3693.2,41493.2,20.0
2026-02-03 22:43:51.562,4774.05,29.83,395,4.658,9.70,0.00,208.2,91.3,0.0,71.14,53.47,9.70,26.5,518.8,0.462,748.3,22.0,9,3701.5,41501.5,20.0
2026-02-03 22:43:51.611,4775.05,30.09,399,4.511,9.40,0.00,203.8,91.2,0.0,71.13,53.48,9.40,26.5,502.6,0.448,748.2,22.0,9,3709.8,41509.8,20.0
2026-02-03 22:43:51.662,4776.05,30.33,402,4.372,9.11,0.00,199.6,91.0,0.0,71.11,53.49,9.11,26.5,487.2,0.434,748.1,22.0,9,3718.2,41518.2,20.0
2026-02-03 22:43:51.712,4777.05,30.56,405,4.302,8.96,0.00,198.1,91.0,0.0,71.10,53.50,8.96,26.5,479.5,0.427,747.9,22.0,9,3726.7,41526.7,20.0
2026-02-03 22:43:51.762,4778.05,30.78,408,4.173,8.69,0.00,193.9,90.8,0.0,71.09,53.51,8.69,26.5,465.2,0.414,747.8,22.0,9,3735.3,41535.3,20.0
2026-02-03 22:43:51.812,4779.05,30.99,410,4.049,8.44,0.00,189.8,90.7,0.0,71.08,53.52,8.44,26.5,451.5,0.402,747.7,22.0,9,3743.9,41543.9,20.0
2026-02-03 22:43:51.861,4780.05,31.19,413,3.992,8.32,0.00,188.5,90.6,0.0,71.07,53.52,8.32,26.5,445.1,0.396,747.6,22.0,9,3752.6,41552.6,20.0
2026-02-03 22:43:51.912,4781.05,31.37,416,3.877,8.08,0.00,184.4,90.5,0.0,71.06,53.53,8.08,26.5,432.4,0.385,747.4,22.0,9,3761.3,41561.3,20.0
2026-02-03 22:43:51.962,4782.05,31.54,418,3.767,7.85,0.00,180.5,90.4,0.0,71.05,53.54,7.85,26.5,420.2,0.374,747.3,22.0,9,3770.0,41570.0,20.0
2026-02-03 22:43:52.012,4783.05,31.56,418,2.325,4.84,0.00,112.6,89.9,0.0,71.04,53.69,4.84,26.5,260.1,0.231,747.2,22.0,9,3778.8,41578.8,20.0
2026-02-03 22:43:52.062,4784.05,31.58,418,2.322,4.84,0.00,112.6,89.9,0.0,71.04,53.69,4.84,26.5,259.7,0.230,747.2,22.0,9,3787.6,41587.6,20.0
2026-02-03 22:43:52.112,4785.05,31.60,419,2.318,4.83,0.00,112.5,89.9,0.0,71.03,53.69,4.83,26.5,259.3,0.230,747.1,22.0,9,3796.3,41596.3,20.0
2026-02-03 22:43:52.161,4786.05,31.38,416,0.000,0.00,0.00,0.0,84.4,0.0,71.03,53.93,0.00,26.5,0.0,0.000,747.1,22.0,9,3805.1,41605.1,20.0
2026-02-03 22:43:52.212,4787.05,31.15,413,0.000,0.00,0.00,0.0,84.4,0.0,71.03,53.93,0.00,26.5,0.0,0.000,747.1,22.0,9,3813.7,41613.7,20.0
2026-02-03 22:43:52.262,4788.05,30.92,410,0.000,0.00,0.00,0.0,84.4,0.0,71.03,53.93,0.00,26.5,0.0,0.000,747.1,22.0,9,3822.3,41622.3,20.0
2026-02-03 22:43:52.312,4789.05,30.70,407,0.000,0.00,0.00,0.0,84.4,0.0,71.03,53.93,0.00,26.5,0.0,0.000,747.1,22.0,9,3830.8,41630.8,20.0
2026-02-03 22:43:52.362,4790.05,30.48,404,0.000,0.00,0.00,0.0,84.4,0.0,71.03,53.93,0.00,26.5,0.0,0.000,747.1,22.0,9,3839.3,41639.3,20.0
2026-02-03 22:43:52.411,4791.05,30.25,401,0.000,0.00,0.00,0.0,84.4,0.0,71.03,53.93,0.00,26.5,0.0,0.000,747.1,22.0,9,3847.7,41647.7,20.0
2026-02-03 22:43:52.462,4792.05,30.03,398,0.000,0.00,0.00,0.0,84.4,0.0,71.03,53.93,0.00,26.5,0.0,0.000,747.1,22.0,9,3856.0,41656.0,20.0
2026-02-03 22:43:52.512,4793.05,29.81,395,0.000,0.00,0.00,0.0,84.4,0.0,71.03,53.93,0.00,26.5,0.0,0.000,747.1,22.0,9,3864.3,41664.3,20.0
2026-02-03 22:43:52.562,4794.05,29.59,392,0.000,0.00,0.00,0.0,84.4,0.0,71.03,53.93,0.00,26.5,0.0,0.000,747.1,22.0,9,3872.5,41672.5,20.0
2026-02-03 22:43:52.612,4795.05,29.37,389,0.000,0.00,0.00,0.0,84.4,0.0,71.03,53.93,0.00,26.5,0.0,0.000,747.1,22.0,9,3880.7,41680.7,20.0
2026-02-03 22:43:52.661,4796.05,29.15,386,0.000,0.00,0.00,0.0,84.4,0.0,71.03,53.93,0.00,26.5,0.0,0.000,747.1,22.0,9,3888.8,41688.8,20.0
2026-02-03 22:43:52.712,4797.05,28.93,383,0.000,0.00,0.00,0.0,84.4,0.0,71.03,53.93,0.00,26.5,0.0,0.000,747.1,22.0,9,3896.8,41696.8,20.0
2026-02-03 22:43:52.762,4798.05,28.71,380,0.000,0.00,0.00,0.0,84.4,0.0,71.03,53.93,0.00,26.5,0.0,0.000,747.1,22.0,9,3904.8,41704.8,20.0
2026-02-03 22:43:52.812,4799.05,28.49,377,0.000,0.00,0.00,0.0,84.4,0.0,71.03,53.93,0.00,26.5,0.0,0.000,747.1,22.0,9,3912.7,41712.7,20.0
2026-02-03 22:43:52.862,4800.05,28.28,375,0.000,0.00,0.00,0.0,84.4,0.0,71.03,53.93,0.00,26.5,0.0,0.000,747.1,22.0,9,3920.6,41720.6,20.0
2026-02-03 22:43:52.912,4801.05,28.06,372,0.000,0.00,0.00,0.0,84.4,0.0,71.03,53.93,0.00,26.5,0.0,0.000,747.1,22.0,9,3928.4,41728.4,20.0
2026-02-03 22:43:52.961,4802.05,27.84,369,0.000,0.00,0.00,0.0,84.4,0.0,71.03,53.93,0.00,26.5,0.0,0.000,747.1,22.0,9,3936.1,41736.1,20.0
2026-02-03 22:43:53.012,4803.05,27.92,370,2.806,5.84,0.00,119.3,90.4,0.0,71.02,53.64,5.84,26.5,313.5,0.278,747.0,22.0,9,3943.9,41743.9,20.0
2026-02-03 22:43:53.062,4804.05,28.00,371,2.792,5.82,0.00,119.1,90.4,0.0,71.01,53.64,5.82,26.5,312.0,0.277,746.9,22.0,9,3951.6,41751.6,20.0
2026-02-03 22:43:53.112,4805.05,27.79,368,0.000,0.00,0.00,0.0,84.4,0.0,71.01,53.93,0.00,26.5,0.0,0.000,746.9,22.0,9,3959.4,41759.4,20.0
2026-02-03 22:43:53.162,4806.05,27.87,369,2.814,5.86,0.00,119.5,90.4,0.0,71.01,53.64,5.86,26.5,314.5,0.279,746.8,22.0,9,3967.1,41767.1,20.0
2026-02-03 22:43:53.211,4807.05,27.95,370,2.801,5.84,0.00,119.3,90.4,0.0,71.00,53.64,5.84,26.5,313.0,0.278,746.8,22.0,9,3974.9,41774.9,20.0
2026-02-03 22:43:53.262,4808.05,28.03,371,2.788,5.81,0.00,119.1,90.4,0.0,70.99,53.64,5.81,26.5,311.5,0.277,746.7,22.0,9,3982.7,41782.7,20.0
2026-02-03 22:43:53.312,4809.05,27.82,368,0.000,0.00,0.00,0.0,84.4,0.0,70.99,53.93,0.00,26.5,0.0,0.000,746.7,22.0,9,3990.4,41790.4,20.0
2026-02-03 22:43:53.362,4810.05,27.90,370,2.810,5.85,0.00,119.4,90.4,0.0,70.98,53.63,5.85,26.5,314.0,0.279,746.6,22.0,9,3998.1,41798.1,20.0
2026-02-03 22:43:53.412,4811.05,27.98,371,2.797,5.83,0.00,119.2,90.4,0.0,70.98,53.63,5.83,26.5,312.5,0.277,746.5,22.0,9,4005.9,41805.9,20.0
2026-02-03 22:43:53.462,4812.05,28.06,372,2.784,5.80,0.00,119.0,90.4,0.0,70.97,53.63,5.80,26.5,311.0,0.276,746.4,22.0,9,4013.7,41813.7,20.0
2026-02-03 22:43:53.512,4813.05,27.84,369,0.000,0.00,0.00,0.0,84.4,0.0,70.97,53.92,0.00,26.5,0.0,0.000,746.4,22.0,9,4021.4,41821.4,20.0
2026-02-03 22:43:53.562,4814.05,27.92,370,2.806,5.85,0.00,119.3,90.4,0.0,70.96,53.63,5.85,26.5,313.5,0.278,746.3,22.0,9,4029.2,41829.2,20.0
2026-02-03 22:43:53.612,4815.05,28.00,371,2.793,5.82,0.00,119.1,90.4,0.0,70.95,53.63,5.82,26.5,312.0,0.277,746.2,22.0,9,4037.0,41837.0,20.0
2026-02-03 22:43:53.662,4816.05,27.79,368,0.000,0.00,0.00,0.0,84.4,0.0,70.95,53.92,0.00,26.5,0.0,0.000,746.2,22.0,9,4044.7,41844.7,20.0
2026-02-03 22:43:53.712,4817.05,27.87,369,2.814,5.86,0.00,119.5,90.4,0.0,70.94,53.63,5.86,26.5,314.4,0.279,746.1,22.0,9,4052.4,41852.4,20.0
2026-02-03 22:43:53.762,4818.05,28.20,374,5.160,10.75,0.00,216.2,91.8,0.0,70.93,53.38,10.75,26.5,573.8,0.512,746.0,22.0,9,4060.3,41860.3,20.0
2026-02-03 22:43:53.812,4819.05,28.52,378,5.062,10.54,0.00,214.9,91.7,0.0,70.92,53.39,10.54,26.5,563.0,0.502,745.8,22.0,9,4068.2,41868.2,20.0
2026-02-03 22:43:53.862,4820.05,28.83,382,4.967,10.35,0.00,213.4,91.6,0.0,70.90,53.39,10.35,26.5,552.5,0.493,745.7,22.0,9,4076.2,41876.2,20.0
2026-02-03 22:43:53.912,4821.05,29.13,386,4.875,10.16,0.00,212.0,91.5,0.0,70.89,53.40,10.16,26.5,542.4,0.484,745.5,22.0,9,4084.3,41884.3,20.0
2026-02-03 22:43:53.962,4822.05,29.42,390,4.786,9.97,0.00,210.5,91.5,0.0,70.88,53.41,9.97,26.5,532.6,0.475,745.4,22.0,9,4092.5,41892.5,20.0
2026-02-03 22:43:54.012,4823.05,29.69,393,4.701,9.79,0.00,209.0,91.4,0.0,70.86,53.42,9.79,26.5,523.1,0.466,745.2,22.0,9,4100.7,41900.7,20.0
2026-02-03 22:43:54.062,4824.05,29.96,397,4.618,9.62,0.00,207.5,91.3,0.0,70.85,53.42,9.62,26.5,514.0,0.458,745.1,22.0,9,4109.0,41909.0,20.0
2026-02-03 22:43:54.111,4825.05,30.22,400,4.539,9.46,0.00,205.9,91.2,0.0,70.84,53.43,9.46,26.5,505.2,0.450,744.9,22.0,9,4117.4,41917.4,20.0
2026-02-03 22:43:54.162,4826.05,30.47,404,4.462,9.30,0.00,204.3,91.1,0.0,70.83,53.43,9.30,26.5,496.7,0.443,744.8,22.0,9,4125.9,41925.9,20.0
2026-02-03 22:43:54.212,4827.05,30.71,407,4.387,9.14,0.00,202.8,91.0,0.0,70.81,53.44,9.14,26.5,488.5,0.435,744.7,22.0,9,4134.4,41934.4,20.0
2026-02-03 22:43:54.262,4828.05,30.95,410,4.316,8.99,0.00,201.2,91.0,0.0,70.80,53.45,8.99,26.5,480.5,0.428,744.5,22.0,9,4143.0,41943.0,20.0
2026-02-03 22:43:54.311,4829.05,31.17,413,4.246,8.85,0.00,199.6,90.9,0.0,70.79,53.45,8.85,26.5,472.9,0.421,744.4,22.0,9,4151.7,41951.7,20.0
2026-02-03 22:43:54.361,4830.05,31.39,416,4.179,8.71,0.00,198.1,90.8,0.0,70.78,53.46,8.71,26.5,465.4,0.415,744.3,22.0,9,4160.4,41960.4,20.0
2026-02-03 22:43:54.412,4831.05,31.60,419,4.115,8.57,0.00,196.5,90.8,0.0,70.77,53.46,8.57,26.5,458.3,0.408,744.2,22.0,9,4169.2,41969.2,20.0
2026-02-03 22:43:54.462,4832.05,31.80,421,4.053,8.44,0.00,195.0,90.7,0.0,70.76,53.46,8.44,26.6,451.4,0.402,744.0,22.0,9,4178.0,41978.0,20.0
2026-02-03 22:43:54.512,4833.05,31.99,424,3.935,8.20,0.00,190.8,90.6,0.0,70.74,53.48,8.20,26.6,438.4,0.390,743.9,22.0,9,4186.9,41986.9,20.0
2026-02-03 22:43:54.561,4834.05,32.17,426,3.880,8.08,0.00,189.3,90.5,0.0,70.73,53.48,8.08,26.6,432.3,0.385,743.8,22.0,9,4195.8,41995.8,20.0
2026-02-03 22:43:54.612,4835.05,32.34,428,3.771,7.86,0.00,185.3,90.4,0.0,70.72,53.49,7.86,26.6,420.2,0.374,743.7,22.0,10,4.8,42004.8,20.0
2026-02-03 22:43:54.662,4836.05,32.50,431,3.667,7.64,0.00,181.4,90.3,0.0,70.71,53.50,7.64,26.6,408.7,0.364,743.6,22.0,10,13.8,42013.8,20.0
2026-02-03 22:43:54.712,4837.05,32.66,433,3.621,7.54,0.00,180.1,90.2,0.0,70.70,53.50,7.54,26.6,403.6,0.359,743.4,22.0,10,22.9,42022.9,20.0
2026-02-03 22:43:54.762,4838.05,32.81,435,3.578,7.45,0.00,178.9,90.2,0.0,70.69,53.50,7.45,26.6,398.8,0.355,743.3,22.0,10,32.0,42032.0,20.0
2026-02-03 22:43:54.812,4839.05,32.94,436,3.483,7.26,0.00,175.1,90.1,0.0,70.68,53.51,7.26,26.6,388.3,0.345,743.2,22.0,10,41.2,42041.2,20.0
2026-02-03 22:43:54.862,4840.05,33.08,438,3.444,7.17,0.00,174.0,90.1,0.0,70.67,53.51,7.17,26.6,383.9,0.342,743.1,22.0,10,50.4,42050.4,20.0
2026-02-03 22:43:54.912,4841.05,33.20,440,3.355,6.99,0.00,170.3,90.0,0.0,70.67,53.52,6.99,26.6,374.1,0.333,743.0,22.0,10,59.6,42059.6,20.0
2026-02-03 22:43:54.962,4842.05,33.32,441,3.321,6.92,0.00,169.3,89.9,0.0,70.66,53.52,6.92,26.6,370.3,0.329,742.9,22.0,10,68.8,42068.8,20.0
2026-02-03 22:43:55.011,4843.05,33.44,443,3.288,6.85,0.00,168.3,89.9,0.0,70.65,53.53,6.85,26.6,366.6,0.326,742.8,22.0,10,78.1,42078.1,20.0
2026-02-03 22:43:55.062,4844.05,33.54,444,3.205,6.68,0.00,164.8,89.8,0.0,70.64,53.53,6.68,26.6,357.5,0.318,742.7,22.0,10,87.4,42087.4,20.0
2026-02-03 22:43:55.112,4845.05,33.65,446,3.176,6.62,0.00,163.9,89.8,0.0,70.63,53.53,6.62,26.6,354.3,0.315,742.6,22.0,10,96.8,42096.8,20.0
2026-02-03 22:43:55.162,4846.05,33.75,447,3.148,6.56,0.00,163.0,89.7,0.0,70.62,53.54,6.56,26.6,351.1,0.312,742.5,22.0,10,106.2,42106.2,20.0
2026-02-03 22:43:55.211,4847.05,33.84,448,3.072,6.40,0.00,159.7,89.7,0.0,70.61,53.54,6.40,26.6,342.7,0.305,742.4,22.0,10,115.6,42115.6,20.0
2026-02-03 22:43:55.262,4848.05,33.93,449,3.048,6.35,0.00,158.9,89.6,0.0,70.60,53.54,6.35,26.6,340.0,0.302,742.3,22.0,10,125.0,42125.0,20.0
2026-02-03 22:43:55.312,4849.05,34.01,451,3.024,6.30,0.00,158.1,89.6,0.0,70.60,53.55,6.30,26.6,337.3,0.300,742.2,22.0,10,134.4,42134.4,20.0
2026-02-03 22:43:55.362,4850.05,34.09,452,2.953,6.15,0.00,154.9,89.5,0.0,70.59,53.55,6.15,26.6,329.5,0.293,742.1,22.0,10,143.9,42143.9,20.0
2026-02-03 22:43:55.412,4851.05,34.17,453,2.933,6.11,0.00,154.2,89.5,0.0,70.58,53.55,6.11,26.6,327.2,0.291,742.0,22.0,10,153.4,42153.4,20.0
2026-02-03 22:43:55.461,4852.05,34.24,454,2.913,6.07,0.00,153.5,89.5,0.0,70.57,53.55,6.07,26.6,325.0,0.289,742.0,22.0,10,162.9,42162.9,20.0
2026-02-03 22:43:55.512,4853.05,34.31,455,2.894,6.03,0.00,152.9,89.5,0.0,70.56,53.55,6.03,26.6,322.8,0.287,741.9,22.0,10,172.4,42172.4,20.0
2026-02-03 22:43:55.562,4854.05,34.38,456,2.875,5.99,0.00,150.6,90.5,0.0,70.56,53.55,5.99,26.6,320.8,0.285,741.8,22.0,10,182.0,42182.0,20.0
2026-02-03 22:43:55.612,4855.05,34.44,456,2.811,5.86,0.00,147.6,90.4,0.0,70.55,53.56,5.86,26.6,313.6,0.279,741.7,22.0,10,191.6,42191.6,20.0
2026-02-03 22:43:55.662,4856.05,34.50,457,2.795,5.82,0.00,147.1,90.4,0.0,70.54,53.56,5.82,26.6,311.8,0.277,741.6,22.0,10,201.1,42201.1,20.0
2026-02-03 22:43:55.712,4857.05,34.56,458,2.779,5.79,0.00,146.5,90.4,0.0,70.53,53.56,5.79,26.6,310.1,0.276,741.5,22.0,10,210.7,42210.7,20.0
2026-02-03 22:43:55.761,4858.05,34.62,459,2.764,5.76,0.00,146.0,90.3,0.0,70.52,53.56,5.76,26.6,308.4,0.274,741.4,22.0,10,220.4,42220.4,20.0
2026-02-03 22:43:55.812,4859.05,34.67,459,2.750,5.73,0.00,145.5,90.3,0.0,70.52,53.56,5.73,26.6,306.8,0.273,741.3,22.0,10,230.0,42230.0,20.0
2026-02-03 22:43:55.862,4860.05,34.72,460,2.691,5.61,0.00,142.7,90.3,0.0,70.51,53.57,5.61,26.6,300.3,0.267,741.3,22.0,10,239.6,42239.6,20.0
2026-02-03 22:43:55.912,4861.05,34.77,461,2.678,5.58,0.00,142.3,90.2,0.0,70.50,53.57,5.58,26.6,298.9,0.266,741.2,22.0,10,249.3,42249.3,20.0
2026-02-03 22:43:55.962,4862.05,34.81,461,2.666,5.55,0.00,141.8,90.2,0.0,70.50,53.57,5.55,26.6,297.6,0.265,741.1,22.0,10,259.0,42259.0,20.0
2026-02-03 22:43:56.011,4863.05,34.86,462,2.655,5.53,0.00,141.4,90.2,0.0,70.49,53.57,5.53,26.6,296.3,0.263,741.0,22.0,10,268.7,42268.7,20.0
2026-02-03 22:43:56.061,4864.05,34.62,459,0.000,0.00,0.00,0.0,84.4,0.0,70.49,53.84,0.00,26.6,0.0,0.000,741.0,22.0,10,278.3,42278.3,20.0
2026-02-03 22:43:56.111,4865.05,34.38,456,0.000,0.00,0.00,0.0,84.4,0.0,70.49,53.84,0.00,26.6,0.0,0.000,741.0,22.0,10,287.8,42287.8,20.0
2026-02-03 22:43:56.162,4866.05,34.15,452,0.000,0.00,0.00,0.0,84.4,0.0,70.49,53.84,0.00,26.6,0.0,0.000,741.0,22.0,10,297.3,42297.3,20.0
2026-02-03 22:43:56.212,4867.05,33.91,449,0.000,0.00,0.00,0.0,84.4,0.0,70.49,53.84,0.00,26.6,0.0,0.000,741.0,22.0,10,306.7,42306.7,20.0
2026-02-03 22:43:56.262,4868.05,33.68,446,0.000,0.00,0.00,0.0,84.4,0.0,70.49,53.84,0.00,26.6,0.0,0.000,741.0,22.0,10,316.1,42316.1,20.0
2026-02-03 22:43:56.312,4869.05,33.45,443,0.000,0.00,0.00,0.0,84.4,0.0,70.49,53.84,0.00,26.6,0.0,0.000,741.0,22.0,10,325.4,42325.4,20.0
2026-02-03 22:43:56.361,4870.05,33.21,440,0.000,0.00,0.00,0.0,84.4,0.0,70.49,53.84,0.00,26.6,0.0,0.000,741.0,22.0,10,334.6,42334.6,20.0
2026-02-03 22:43:56.411,4871.05,32.98,437,0.000,0.00,0.00,0.0,84.4,0.0,70.49,53.84,0.00,26.6,0.0,0.000,741.0,22.0,10,343.8,42343.8,20.0
2026-02-03 22:43:56.462,4872.05,32.75,434,0.000,0.00,0.00,0.0,84.4,0.0,70.49,53.84,0.00,26.6,0.0,0.000,741.0,22.0,10,352.9,42352.9,20.0
2026-02-03 22:43:56.512,4873.05,32.52,431,0.000,0.00,0.00,0.0,84.4,0.0,70.49,53.84,0.00,26.6,0.0,0.000,741.0,22.0,10,361.9,42361.9,20.0
2026-02-03 22:43:56.562,4874.05,32.29,428,0.000,0.00,0.00,0.0,84.4,0.0,70.49,53.84,0.00,26.6,0.0,0.000,741.0,22.0,10,370.9,42370.9,20.0
2026-02-03 22:43:56.612,4875.05,32.06,425,0.000,0.00,0.00,0.0,84.4,0.0,70.49,53.84,0.00,26.6,0.0,0.000,741.0,22.0,10,379.8,42379.8,20.0
2026-02-03 22:43:56.661,4876.05,31.83,422,0.000,0.00,0.00,0.0,84.4,0.0,70.49,53.84,0.00,26.5,0.0,0.000,741.0,22.0,10,388.6,42388.6,20.0
2026-02-03 22:43:56.712,4877.05,31.61,419,0.000,0.00,0.00,0.0,84.4,0.0,70.49,53.84,0.00,26.5,0.0,0.000,741.0,22.0,10,397.4,42397.4,20.0
2026-02-03 22:43:56.762,4878.05,31.38,416,0.000,0.00,0.00,0.0,84.4,0.0,70.49,53.84,0.00,26.5,0.0,0.000,741.0,22.0,10,406.1,42406.1,20.0
2026-02-03 22:43:56.812,4879.05,31.15,413,0.000,0.00,0.00,0.0,84.4,0.0,70.49,53.84,0.00,26.5,0.0,0.000,741.0,22.0,10,414.8,42414.8,20.0
2026-02-03 22:43:56.861,4880.05,30.93,410,0.000,0.00,0.00,0.0,84.4,0.0,70.49,53.84,0.00,26.5,0.0,0.000,741.0,22.0,10,423.3,42423.3,20.0
